18,73
98

98
84,49
84,63

56,78,98
98,78,35
98,76,14

4,84
84,88,28,55
88,98
98,71,30,45

59,38
38

83,13
93
16
16,65
16,39

64,65,51,76
62
52
23
23,12,57,85,66
21,67
67,21,94,4,61
91,79,76
83,22

2,99
71,30,52,66
74,46,59
59
94
95,66,17,67



47,73
65,53
46,54,45

79,43,59
79,82,23




33,5


3,58
97,36
15,80,24
9,22,21


83,92,38
42,64,61
40,50

34,14
94
27,78
51,19,5

91,65,87,55
65,81,89
65,68,84
87,74,42,85,81
95,39

7
10,40
40

33,17,2,72
33,2,72,17,22
22,66
26,45,13
87,56
64,14
14,64,65
64,79,52,37,3
42,73
73,42,28,35,87
49,71
88,69
88,9,93,6
69,28
43,77,65,33
65,15,38,31,78
31,15,75

6
49,19,17
79,76
76,10
76,73,11,35

69
69,36
6,38,2

53,15
53,15,31
31,54
58
31,21,96
21,96,31,71
62,41,13,27
62,4,2
4,2,58
41,77,59
28,80,100,70,89,61
34

26

36,12,97,58
74,83,44
83
83,42
75
75,32
70,79,75,77
29,3,32
35,71,10
3
38
38,64,61,20
100,42,10,66



41

78,38,17
78,17
78,17,39
21
86
100
58,56,71,33
69
69,44,22,34,63,4
54

89
18,76
34,36,51
34,79,12
1
41,65
65,41,31
88,62,29

79,94
94,79
10,98,66,83,48

27
89
71,48
90,95
11
11,23
55
73,93,97,7,64,88,51


22,70,94
94,22,70,81,13

18,100
85,88

31,49,56
42,57
63
63,56
53

36,32
72,1,25,68

81,78,32,34,27
19,70
40,75
75,40,70
54,16
16,54,37
4
96
38

84,18
48
48,56,65
65,56,1,16

40,70
94,88
15,83
83,15
15,82,77
77,82,96,92
92,82
87
55,52,44

94
96
96
84
3,53

100,51
23
100
45,34
53
53,20,60,34
60,66
66,13,96,76,55,9
85,57,3,22

89,12,52
36
36,68,27
43,35
90,67,85
66,72
66,39
39,66,79,95

23,62,34,79
29,34
29,34,80
56,98,32
56,32,81
75
94,19
19,59,68
100,18
18,100,40,97,52
92,27
27,9
51
13,24,6,8
13,8,6,64
93
93
36,16
36,13,29,52
58,49
30
37,60,71
37,58,92,34
76,15,28,11
1,62

75,37
37,75
37
37,2
86,70
49

84,39,2,5
68
68,36
36,12
64
64,88,25,85
43,81
34,83
34,83,55,78
34,46,71
34,92,69,55,85
35
93

23
23
27,55,6
12,66,61
13
13,17
57,86
51,98,91,58,4
91,12
42,11,39,5
8
41
41,49,15,87,39
32,65
43
43,75,62,14
58

75
75,38,96
48,50,67

17,74
39,84

41,46

67

20,41
41,20,74,9,58

47,95,49
47,49,95,7
74
33
90

83,48
60,77
60,77,19,33
77,15,24
24,77,13
13,77,24,27

68
68,28,83,23


63

26,77,64
26,77
77,70,25,62
33
2,96
49
63,10
66
66,6,46,59,1,25
1,6,66
66,67,53,78
40,58

76,18,71
76,33

95,85,73
54,52,37
37,54,52

50
35
35,82
82,35,50
15
3,23,34
17
17,53,34,66
54,89,36
100,63
63
63,92
9
20,30,94,4
20,62
13
93,24

79,7,71,28
71,7,84
71,7,84,34
7,62,91
28
28,50,16
38

51
62,14,20,50
90
67
96,69,37,64
69,98,80
63,14,2
2,14,91,35
81,57,39
13
36,35,91,32,53,19
25,53,72
8,69

53
62,90,40,35
64,48
64,44,23
24
24,69
65,42
18,83
28
64
16,17,18
16,12,82
90,7
88
73,26
85,40
1,100,3
3,29

88,81,44
93,67

45
33,99,19

10,12
14
32,35,68,7,47
18,52,48,93
52,13
13,2,66
13,2,66
35
87
87,73,54,69,51
29,81
18
66,15,23
56

69,35
35,69
91,14,96,48
65,88,75,4,80

20,10
20,10

99,43,47,38
49,57,52
77,19,35,38



2
2,49,96
13
100,56
55

52,78,60,7
100,5,83,91,90
6,15,76
66,98,46,71
73
73,61,90
80,31,14


100
91
94,45
81,99
99,81,49,46,38

90,31
90,8,44
44,23
81
44
16
16,62,27
23
30,13,32
43


61
84,99
84,56
70,16,74
35
35,2,49
4,84,10
84
86
86,60,51,82,91,95
60,91,90
1,70,32
32
32,100
72,21
75
28,55,31,6
55,31

69
51,100
73
50
13
62
67

40,60,36,93
60,72,91,41,99,69
99,54,71
51,90,50,26
36,47
47,36,23

94,47
19,34

36,73
20,17
20,17,10,75,69,80
55,92
55,92,81,10
86,8,4
8,4,88

87,69,70
31
18
85,93,51,46,96
93,39
39,63,69
66
66,91,60
80,76,14,79
57,33
57,41,21
21,14
56,82,76
51,16,91
50,85
50,85,93
16,26,98
85,62
85,35,5,82,22



36
54
64,13,86
17
3,59,97,6,63
94,69,44,32,13
96,6,55
25
25,66

30,47,85,76
30
7,59,6
23
23,61
65,9,73,51
52,66

51,35,46,61,7
61,3,55,39
55,20,77
36


47
67
67,5
2

48,97,71,5
48,97,82,11
11,97,48,21
48,11,21,97,76
41,66,54,47,44
44,54,41,47,99
41,97,51,71
80
91,22,35
17,37
83,34
13,36
7
39
39,70
41,44
41
47
47,4
4,47,72,6,91
91,55,24
91
76,17
76,17
8,47
47,8
82,2
63,5
71,6,2
11,68,23
68,26
37,32
32,42,51,84
77,24,25,88
75
61
63,3,14
14,86,80
86,80
66
78
78,77,88
77,78
78,87,68,39,73,98
73,98,34
2,78
78,2,46,30
2,90,61
61,2
56
15,46,2
70,95,7
2
40,76
40,76,92,11,43,16,86
92,76


89
99
99,39
54
54,10,26
30,78

29,32,92,51
80
39
39,1,92,91
91,64,22
91,48
44,66

15
38,71
71,38,40,97,12
71,65

83,96,34
30
77,66
77,17,38
77
87
94
94,9,8
69,44
3,79
28
35

33
33,27
8
72,90

53
73
82,12
28
39,13
41,93,19
57
6
6,8,76
26
26,96,94,15
96,29,37
68
32,93,5
32,42
59,98
98,59,12
98,63,44,23,78,84
10,99,56
56
43,97,48
47,46,41
61
48
22,39
71

59,83,81

79,33
83
36,61
55,20,71
58

88
88,24,62
88,93,25,84
47,65
65
65
86
84,16
49,5,35
35,49,5
39,42,73,52
99,7,30,38
99,26,13
99,26,13
30

56,57,75,66
66
66,56
56,27

99
21,63,47,24
47,11
87
28

26,78,44,22,74
26,28
62,71
7,47,64

40,78,41,74,12,62,44
40,34,9,85,83
40,34,85,29
33
33,54,2
82,38
36,46,99,84
84,74
33,87
19
51,46,67
90
90,58
62,90
94
94,95,10
65,61,73,62
61,73,91,64
64,71,93,72,95,58
76,48,7
48
48,31,89
89,39
39,98
39,98


47
23
62

79
84,21,66
52,60,16
18,22
24,95
40


66,71,40
79,65,40,76
27
20,88,1
44
49
49,80

69
27,7
14,13
18,57
61,58
76,5
76

45,100
77
100
8,86,9,71
41
41,50,7,96
53,60

52
52,79,95,62,65
19,45
19
28,59
20
14,55
20

36,51
63
39
39,83
83,97,38
63,24,58
14,69
41
64,87
82,44
41
41,42,63
63,28
69
77,32
42
42,43,54
43
27,37,29,41
90,50
90,2,50
45
100
100,30,9
41
91
91

12,53


23,97
49,56

90
90,27,25
69,21,19

17,56
43,78
78,77

23
89
89,5,84,12
61

47,91
95,45
45,95,4,68,60
95,60,4,45,68
67,25
14
14,52,43
92,74,67,91
67,19
83,45
45,83
71,27
3,31,86
79,57
7,23
7,23,56,36,54
31,89
48

75
65
89
89,75
16,32,82
32,16,3,47,17
9,97,76,56,12
12,65,13,17,69
17,83
53,31
31,53
53,57
27,76,79
76,27
14,26,15

1
31,12
79,8

51,81,6,86,77,4
80,62,57
42,100,62
8
23,96,91
38
38,42,66,85
86
86,62
29
9
9,15
15,9,70,39
65
65,5,58

42,70
92,2

80,9
9,2

65
65,15

80,82
82,12
12,76,87

79,15,6
68
26
20
28,12
89
89,35,79,18,37

77
3,56,79

55
9,24,28
9,24,54
46,66,19,23
30
30,47
58,42
58,42,20,89
89,58
89,61,40,34
40,27
27,40,99
69

64,83

80,56,26

32

64,46,91
91,46,52,71
91,52
38,50,79

77
77,55

14,42,20,72,92

4,72
4,99,48
97,13,37

91,49,4

100,99
51,63
51,63,49
63,51,49,87
59
79
99
10
75
40,12
12,42,99,22
99,22,12,42
32
32,40
40,32,92
1,85,62
85
85,31,21,11
26
71
71,41
91,28,21
28,52,15,90,40
93
93,44,11
30,16
16,2,77
2,16

78,38,40
45,35,37
2,81,100
81,2,27
58,85,39
87
87,4,25,82,18
88,86

94,4,72
61
69

42,74,11,67
25,51
36
70,50
50,70
98,62,73

27,68,4,67
41,19
51,6,53,94
94,65
94,65,17

70,35,76,6,28
91,49
91,49
67,95,69

27
7,85
85,7,20
85,91
61,23
61,23,85,14
14
14
65
66,85
75
57,34,52,46
73,30
80
80,88
88,80,4
76,64
98
15,81
15,59
12,43
43,76
79
17
56
92
92,63,96,50

16
4,73
81
24,29
11
48,52
52,87,61
52,87,73,11,86
3
35,40,23,69,62
23,3,59,44
29,45

8,3
26

30,11

1,59,69,80
1,55,29
55,29,25
78
78,53,52
53,57,44
53,11,61
61,11,21
61
66
66,35,53
37
37,51,71
71,68,29,34,3
71,29,91
71
99,76
3,21,62,15
15,50,8,23,9,13,60
84,60
84,35

95,83,27


41,49


93
93,55,56,91
91,56

7,43,46
7,46
62,91
79,68,81
79,39,22
79,83
63,45,91
91,63,4
20,28,51
76
77
77,44,11
8
8,23,12
4
25,93
92
35,90
90
14,91
31,10
41
78
91,49,82
45,99,85,3
57
2
2,94,51
51,2,75,88
88,89,84
52
52,2,100
53,98
53,98,95
37,67,90
83,22
22,83,75

95,87
51,70
70
70
51
51,65,83,11
79
51
51,81,95

35,50
33,2,16
33,60
60
31,6,29
13,94
85,15,6,33
45
50,79
29,21
63,22
78,51
73
73,68
81
7
7
12,1
12,1
76
76,59,50,16
83
83,86,100,17,66

4
91,58
56,87
15,48,33
28
80,19,72
79

62
17,53
55
55,15
68,38,92,66
27,30
27,30,45
1,63
1,63,98
67,36,13
55,52,19
57,67,86

28,35


33
33,4,29
62,100
62,44,3
62
34
30
89,48
48,97,99
1
1,74

44,76,89
52,97
99,46
56
61,45
92
77,68
77,68
68,77,55
68,9,51,20
27
27,86
86,27,53,83,22,92
28
72
72,38
38,72,61
43,67
36,6
74,38,64
21,38
43
43
87
87,93,22,50
75,27,41,7

54,14,80
42
2
80,46
80,46,5,43,3,84
22,96,36
79
55
22,6,5,64,50
50,22
56

30,43,54
43,77,27,75
43,44,82,52,84
31,67
67,31,82,54,87
82,100,1,37,5
11
33
33,40
7,62,23
71
6
6,73,65
94,49
33,21
33,21,23,100,90
100,68,73
100,52,88
1,68,54,98
68,1,95,100,51,84
21,29
33,25,65
50,32
80
35,47,75,93
83,29

85,3,14,28,36
42,29
83
29,50
28,82

5,20
20,5,47,52,100
80
36

80,20,75,46
8
10
27
27,6,35,44

87,79
79,56,55,97
78
78,95
51,38
51
51,91,44,47
47,16,49
78
30,89
23,88,18
13
13,65,57,99
99
62
24,5
88
17
72,2
37,28,7
7

92


17,10,25
17,10,25,51
51,23,78

27
20,32,25
25,19,71,34
71
71,68
85,73
72,74
72,17,71
17,95,55,48
87,72
72,87
7,48,80,60,21,85


59
62,69
27,17,78
14,86
30
66
39
8
82,90,7
39,80
2
2,42
83,14
7

3
3,48,71,55,4,83

31,67,2,72
84,26
26,5
26
90,23,58
33,65,49
49,16
50,62
5,68,53,29
68,5
39
39

37,16,99
2,98
41,12

59,70,11

70,6



96
96,25
25,96,51

75,46,48
48,75,46,58
98
90
95,84,29
84,95,6,7

77,60
77,2,17,97,53,45
64,5
40,89
32
75,56,73,34,2
20,100,61
20,100,61,77,32
71
17,52,18,79,89
43
18
18,17,100

35,46,1
1,35
59,92,56
40
51
47,58,45
61,24,35,2
89,7
1
60,1
60,1
95

76,80
93

43,45,12

72
43
43,100,91,11,56
100,24,80
24,88,64
59
9
82
51
51,56,67,80

53,45,68
45,89
43,2
39,53,86,87,18
91
6,21
40
85,15
76

82
82,60,56
64,47,65
49
49
90
55,63
93
93,69
8,91
3,45,31

84


1

8,84,20

4,19
30
94
33
33,46
6
87
94
40
40,38,87
88,84
14
27,16
32,61
32,61,28
61
60

66,27
49
4,10,39
39,58
38,54,24
24,51
94

64,2,38
64

97,15,76
76,97
89,58
54
94,23
23

9,66,92
75
75,84
84,75

56
56,28
28,27
74
74,88,80

57
42,58
58
30,66
66,30,20,21
32,53,4,87,55,51
10,11,22

29,38,78
2,37,20,16

86,39
71

20,13
20,13,56
8
41,40
40,58
37
28
96,36,22,37
22,37,96,36
17,50,42
61,22
97,34,3
34,70,60
34,80
80,14,16,74,73
50
28,46,75

70,41
33,56,81,66
58,71,67,38,12,7
38

100,26,11
100,76,78,43
100,43,76,78,21
11,27
38

63
63,50,47,67
67,63,47,1,23
84,82,20,27
18
59
59,63,65,71
79,82

83,65
65,83,36,62
85,26
36,79
79,36,20,50
87
91,29,86,20,37,76
73
73
73,77,82
73,77,82
4,86,10,12,17,71,33
56,44
85
85,88
88,85

43
43,2,85,8

77,92
9,86
86
86,42,90,80,38
20
6,37
4,80,41

14
84,74

10,17,37
37,10,17
37,32
59
59,26
59,35,13

39
39,57,52,82
4
4
83
38,89
48,24
71
26
69
69,56
69,92,47
7,32
32,7,90,6
43
43,57,59
59
59,48

88
67,98,95
98,54
54,98,1,95
98,92

39,40
40,30
40,30,45,94
94,30

15,29,77
11
26,55,18,96,49,52
11

59,74,46,37,90,48

48
48,15,50
35,8,86,98,66
7
7,95,59,75
95,7,59
25,41
15,79
54,73
93
34
36
36,59,55

18,19
60,65
65

93,6,50,14
50,53,60

53,4,34,77
34
65,4
8
95
39,96
100
100
100,67,9
9,20,59,52
88
72,10
3
27
27,62,66
23
23,55
23,46
90
90,93,47
40,53
57

80

17,90,62,33
62,90,74,61,78
68,64,45


90,61,20,30
90,88,71,73,76
71,73,90,88

11,34
51
6

20
27

42

58,68,20,64
58,64,68,20,83,95
38
11,28,4,74,41
38
56,45,57
57,45
48,5,37
93,76,14,78
14,3
43,15,52,59
36,48,19
36,49,57,41
41
18
27,63,22,37
83
86

8,78,59
59,78,60
29,45,8
86,50,70
50,70,19,26
35,64


11,64,77,36
83
74,17
74
74,13
74,19,1,72
15
15,11
15,87
87,54,88
53
83
96
96,51
96,59,78,62


19,34,85,6
22,94,85
42,44,6
57,80,3
73,52
87
4
65
50
50,37,79
73,18,71
19,76,31,93
76,19,31,93,72,59
61
61,54
54
54,80
54,80,14,66
100
32
32,67,60,73
60,67

96
96,92
57

65,57,64
4,7
7,98
3,45,10
89
30,19,59
30,59,19
19,59,24
38
70

37
37,39,61
26,24
33,22,51
100,76
76,96
96,76,88
46
30,1
30,1,80
37,50
37
37,25
81
81,83,5
83,29
83,15
83,15,23,4,56
57,42,7,58,80,65
37,75

79,67,7,32,15
63,30

86,40
86,40,82,54
3,1
3
21,6,5
32,4
4,44,76
23
96
48,19,47
60,49
79,76,11
13,31,12,94,40,67
16,76
47
47,100,81,40,16

28,60,18,100



32
32
93
93,50,16
85,47


28
20
42,82
77,6,85
6,14,81,17,27
17
17,8,91,59,18
66

36,33,79,20,37
41
41,26
54
100,18
100,51,45,80
80,78
85,12
85,12,63,61
92
72,2,68,97
90
90,4
4,90

53,15,91,62
7,63
73,11
44,50,79,87
79,50,92,86
92,79,53
29,88,52

32

44,24,14

54,7
7,54,45,85,91
54,45,100,49
60

48
66,54,49
66,54,60
34
34,68
31,45,91,60
60,67
60,67,89
35,47
73,24,57
90
86,24
46,45
45,39,66
11,7
35

28,55,72,75
55,28,75,12
88,65
65,88,12,53,29
53,65,66,46

70
11
57,12,25

11,88,61
7,19
89,64
38,2
70
70,81,69,72
69
70,86
3
3,6
86,50,72
86,78
40
55
55,49,98
55
55,39
55,39,2,51

32,9,54,68
40
40,19,64,63
20,71
35,70,2,64
2,52,57
78,59
59,91,51
51
51,3,28
32,79
79,72
13
100,30
30,100,93,26
71,11
8
33
91
91,55,48,99
79,75,64,17
1,24,3,34,47,99
85,25
85,54
85,54
85,22,75

27,13

51,79,47
76
22
66
66
83
58,24
24,58,45,57
91,6
91,84,28
84,91,28,95

31
63,53
53,63,6,30,29
30,53,70,10,98,54
98,10

26
27,70,90,28,56
56,92,79
79,92,56,82

87,98,38,66
48
23
23,85,70

30
88,54
54,88,5
54,5,88,30
44,85

70,87
75
75,87,39,48,95,41
59,51,96
75
75,85,81
46


97
2
19
27
27
66,71
82,60
82,60,49,15,50
15,82,21
82,15,21,18,97,64,50
94

26
26,71,64,65
65,26,20,25

89,10,24,83
38
19
22,39
22,39,58

90,7
49,42
42,49,87
21
46
46,6,89
46

66,96
66,96,31
86
31,33,39,69
39
39,3,63



37,72,89
76,87,52

32,83
44,47
11,8
8,11,18,7,47
47,83,91,6
47,83,91,60
83,60,23,14
39
14
86
64,97,36
40
60
41,40
70
70,39,26
65



59,15
46,33,6
90,84,65,40
44,52,23
44,52
44,77
62
55,70


12,79

21,76
76,21,95
72,90,69,62
69,17
69
53


60,33

67,47
24
64,81,48
48,64,9,79,34
34,99
21,12,87
71,26
75,67

78,29
78,19,88

41,82
41


24
24,7,3,10
47,56,25,21


51
48,71
48,71,67,82,13

1,60,31

56,77
56,77,66,38,30
52
8,53
8,89,19,43
63


47,48
47
47,17
47,19
40,34
11,17
41,27
57
48
76
4
4,5,96
85,38,66,97

78,68,100,66
91,55
89
57,60
80
80,14
80
80,15,27
15
15,72

89
83

81
50
86,3

82,63,99
79,37,23

96,41
34,90,67
67,34,90,41,11
65,90
86

1
97,70
62,7,88,68
62,59
87
46,58
25,73,86,29
29,25,73,86
93
93,65
93,65,12
12,93
69,57

57
65,57,69,60
39
10
10,5,73
73,10,5
84
94
42
16
56,29
70
52

88,33
33,11
11,33,17,31
17
100,11,66
100,56,26
74
74,79
17,18
49

83,7
7
24,90
24,93,57
28,85
50,43
43,50,36
86
80,78
68,80
76,70,32
16,58

90,83,42


67,13

98,12,61
66

43,78,88,50

73,58,9,61
61,9
61,91
50,16,35
5,12,70
51,87,61
61
83
6,34,51,87

92
92,10,64
14
14,26
52
36
6,63,95

23
23,37,11
53,91
21,39
39,75
79
38,5
38,95,82

50,90,81
90,3,54
99,7,45,26
32
12,6,13,20
64,76,74,77
77,74,70,49,31
19
19,54,71,50
72,2
2,53,50,72

28,17
23
15,93
15,46
99,68,21
68
31
92

84,79,72

21
21,8
17,80
95,6
64,96
72
86,88,64
41

86
96
96,97,55
55,47
46
9,47
47,9,73
67,2
74,23,60
48,9,66,18,52
78

91,62
48
48,83,18,10,82
83,82
37
37,7
37,7,77
37,82
25,79,49
44,48
14,79
44,2
93
3
60,30
60,30
77,93
32
32,74,66
5,13,23
87,63,65
87,65
71,86,21
69,32

82,77,69
76
70,6,43,40
95
41

3
3,4,41
27,52,13
91
52,64
26

87
87,82,33,78
33,1

86,50,3
3,50,36

62,72
6,49,66,51,52
8

26
26,61,5,99
5,99,61
61,5,99,76
71,75,48
48

55,58,62

77,58,80,60

52,97,35,25,84,88
86
86,77
86,77,31,63,50,34,79,35,11
13,7,28
13,28,38
13,83,99
37,21
75,18,78
25,16
64,26
90
92
92,23,43,85
25
25,15
73
73
97,82,89
65
70

44,18
35
21

61,12
91
24,33

38,96,39,26
90

77,97,28,70
77
56
97,69
97,17,86,73

7
58
58,85,8,78
8,85
25
25,65
25,87,53,64
25,53,64,87,85,14,42
25,66,80,50
4,59
57
46,93
56
90,68,43


61,26,50
50,26,23
8
22

83,93,1,26
80,51,10

1,19,29,89
52
14,84
84,5,77,10,26
46,90
55
55,56,38
55,38,56,85,89,2
56,28
28,56,95,86,24
74
91,38,41,15
91,41
7,72,50
8
35,8,75
57,17,40,59
37
37,76,16
37
37,66
66
76
84,91,78,65
65,91
60
76,69
8,36,95


86,23
70
11,24,68,12
22
28
28,44,100
100,28,54,43
2
2,22,81
15,29
15,55,76,1
23
77
69
95
81,19
19,81
73
73,16,65,96
38,82,68
82,38,12
15
15,36
15,36
35,44
35
63
97
53,49
79
79,29,59,100,66
66,51,49
80,18
19,59,45
88,13
31
40,3,87,33
34,84
92,91
96,2

20,30
30,80
1
91,93
86,16,25

81,30
94,44
87
82,77
8,80,5
13

49,74,77
41,51

40
47,30
95,49
37,46,77
46

12
12,68,46
40
37,50

20
20,85,29
56
34,65,81
81,65,34
8,59,72
74
74
74,83,10
47,58
38
99,86
17
63
63,71
5
16,24,64
64,12,52,8
20

77,59,32

30
17,71,75
75,89
46,87,8
95,88,86

89,91,58
91,58,99
68,5
79

98,74,40

62,20
33
33,72,11

30

45,73,99

73,9
74
74,2,96,70,84,97
77
22,81,2,63
47
47,89,98
64

53,13,87

30
27
46,29,99,97,79

7
56
56,85,75
10,14,43
14,50

54
54,25

21,26
21,86,11
11,21,86

8,52,35
35,8,52,16
27,28
53
63,57
87,25
87,67,88,59
87,26,36,46
4
32,55
87,78,57,60,92
87,92
87,92
33,91
32
13
13,56
11,40
62,21,31
31,62,26,27,42
27
84
84,49
66
25
69
69,94,63,45,51
24
24,64

8,51
75,95,18,24,66
51
67,51
51,23
23
95,76,48,79
97
97,65,98,35
19
98,60
99,35
87
82,84
18
79
88,7,54
38
38,20,65
65,38,20,81,90,21

49,81
97,52

20
69,89,44

59,99,98,21,12,2,93
88
88,25
68,53,78

6,97
6,71
94,38
43,45,75
75,85,35,17,27
58,7,79
53
53,68,22,91
91,53,22,68
53,1
53,77,91,56,92
48,43
85
32,11,84,28
39,12
27
96,10
100,34
100,34
99,31,55
68
99

6,36,1
75
75,25
75,46,91

76

85,98,34
75
38,63,66,42,65
42,38,7,9
42,38,7

74

72,73,96,57
29,71
71
71,84


13

98
98,36
41,49
41

94
94,64,44,73
13,99
32,64
44,6
8,2
2,8,71,80,95
46,19,88
88,46,19
23

46
88,34
27,52,97

31

80,98
98,73,42
41,70,74,80
25
37,5
4,56
92,58
55
21

23,95,9,92
43,7,67,40,88
93,77,62
60
60,79,12
99
4,99,28
58,6
29

99,23
74,26,48,69
18,73,91,13
70,81,60
70,60,81,41,74
81,74
19,91,16
85

22

65,57,1

38,36
73,20,1
53,5
94
69,68,4,75
69,75
92

47,93,1,28
28,47,93,65,99,7,17
99,17,93

7,64,77
7,90,63


10,24,44

21,91
48

39,62
39,67,4
14,95
16
90,13,33
90
88,47
13
70,9,58
70,68,77,15
61,33
61,49
49,43
90
23
23,56,4
50,88
43


84,1
68,23,58
53,10

27
63,100
51,86
51,22,99
20,33
96
93,94,71,82,14
91
91,3,40
85,70
64,93
33,46
33,24,68
28,80
28,78,21
26,6,88
67
75
75,95,83
15
98,32
54,77
6
2,42,97
2,48

85
85,92,94
92
84

81,32
35
35,73,32,59,18
3,90
95
72,8,79
60,93
64,34
94,49,62
12,40,81

26,31,68
26,31
26,31,46,45
96,98
96,98
82,9
43


79,88
88,60
38,43,88

66,12,17,22,3

27,97
97
97

68
79
28,21
100,93,41
93,41,100,92
59
88
20,50
41
64,60
1,60,46
46,60,44,8,57
78,90
90,63,91,88
65
12

83,21

70,39,93


77,62,2
95,100
71
97,50
71,90
26

98,28

80
80,78,21
64
64,31
58,10,92
8



5,61
7
7,6,86
6,27
53
53,74,23,33

2,92

76,71,28,96,23
23,89,52


43
83
28
28,60,10


3,53

72,75
41
74,38,91
73,67,15
27,28,98,31,70,26
98,31,70
14
60,33
8,3
89
71,17

7,39,79,48
93,20,31
31,20,62,8
92,4
81,56

57
81
36,47,31,9


70,75

98
63,19,79

97,11,22
22,97,11,59

24,46
72,81
72
54
14,1
1,52,94,19
18,77
42,25
42,25,57,27
59

21,26,90
70,26
81
65,54,29

11
20,64
28,64
64
9,13

55
33,99,67,82
82,99,33
93,25
42,98
58
58,17
17,91,87
75,99,48

98
7,28,96,79
28,96
94
94
23,55
48,4,22
22,4,89
89,58
89,16,42
42,3,55
57,40,54
72,26
82
89,1
89,31,5

27,25
27,25,81
13,18,48
43,97
8
11
21,73
27,68
76,84,74

13,71,84
13
96,77,22,55
77,96
70,43,32
70,43,32,82
89
84,40,97,2
51

8,16
8,60,51
60,8,51,61
75,29,78
78
78,75,73
17
17,5
69,20
67
71,23
23,62,70
23,30
97,82,24,91,28
91

32,52
34
24

37,64,7,16
7,45,31,28
25
36,85
47
47,28
51
51,80,2,60
45
45,77
77,96,10
77,96,53
53,96,77
26
26,39,4,55,5,59
26,70,79,61
26,77
26,29,88
98
43,31
43
38,3
38,55,3,14


52,78
52,28,25,98,54
74
48
29
17
36,45
45,55
46
46,59
59,82
66,77
66,77,74
77,90,26
45
49,25,95,58,94
25,28,42
1,7,39
50,10
75
42,50
81,86,73
33
49,92,73,48
69
69,60
60,83,1
64
64,5,51
56

27,88
48,56,58
9,64

28
28
47
50,89,75,46

69,86,21
69,86,21,84
10
10,26
63,98

29
29,11,41
62
46
46,37
58,99,93

4,14,33
4,93,37
60,94,29,95
100,10,44
58,72,82
36
12

51

99,46
62,63
62
62,27
2,74
74
40,12
40,85
92,31
100,39,67,54,42,75
20,68
30,83
71,96,43,17,70
92,37
92
92,47,6
75,93
82
70
70,33,63,11
20
84,47
82,50
28
30
30,1,29

39,61
63,100,77

60,58
68,55
68,55,82
23,85
85,71,46
3,28


84,91,58,9
13,12,67,47,30
67,12,32,45
32,66
5,2,34,98
64
86,53
8,45
45,26,55
22
22,9
57,37

48
50,99,48,22,57
70,93
96,21,43
96,16,18
96
96,49,97,18
61,60
50

78,18
34,38,20
94
88
75
66,99

25,68
68,15
68
68,88,72,14,40,81
14,84
70,77
93
93
94,92,16
94,85
85
77,22,28,1

54
54,1,66,60,63
19
33
33,76,44,78
78,54
96
96,62
25,43
43,60
89,24


56,17
56,76
66
66,62,95,86
95,86
36
49,32
49,44,40

49,34
79,11,84,64,22,99,98
71,86
70,77
57
47,41
69,67,28,29,86
67,28
67,66,70
22,82
22,82
5
5,25,59,53
4
23,17,30
30,17,23
16,75
80,60,23

18,90
53

25,45,84
82,99,63
63,99,82,81,74,34
44,9
88,50
43,9,39,18
86
80,49

52
38,45
17
15
15,47
14
97,49,11
47,46,50
79,97,22

29
60


2,16
16,2,82,6,35,74
27,70,44,64
64
64
64,98
64,98,7

24
24,71,9,25
73,1,42,17
1,96,7,26,22
96,22,7,1,32
32,37
37,32
37,49
87,93
17
17,50
20,85,15
17
85,22
61,9,42
9,61,42
15,4,22,25
32,35
35,6,5,62
83,11,100
83,11,100,80,3,1
3
92,27,87
35,83,21
35,36,48
3,100,49
49,100,38
46,84,29,85
84,29,46
29,46,84
70,20,81,33
93
13,47,96
32,36,78
58
58,25,51
58,25,24,57,7
85
85
25,78,51
42,56
56,42,89
6,5,97
49,64,38
100,73
11,8
63,44,55
57
57,33

29,95,47
47,13,90,61,79,52,42
52,96

8,10,34
34,28
71,80,94
5,9
97,9,80,1
4,97
4,58,21
6,84

26,71,4,58,32
83
8
8,56,5,46
29
52,28,89
22
22,84,38,14
75,68
68,75,17,93,21,36
17,6
6,17,50,82

10,59,7
7,20,18
23
23,41
23,41,47

23

98,90,31,7,39
1,89
89,1,56,2
11
6,44,62,78,58
78,72
78,72,40
72,62
100
100,57,26,93
100,41,28
1
95,4,66,41
32
32,26,79,68
94,43,21
43,94,51
100
25
25,15
85

19,36
36,19,29

87
35,84,86,63

48
84
77,49



19
19,11,74
12
24
8,29,48,53
71,33
84
84,97
97,84,46
46,14,45,58
55,100

56
56,48,77,96,25
67,41,5



27,2
2,61,54
43
43,100
11
1

80
78,42,13,17
34,82
34,79
79,61,83,42,23,73
83,79
13
13,98
43,13,14
94,82,57,56
80
80
15,25
91,38
38,51,57,59
57,63,9,20
57,87

51,98

24
55,67
55
55,73
12,59,7,28
7,12,28,30
7,62
37,26,73
79,73,34
73,42,10,62

47,60
3
26
20
10
10,53,41
87
35,16
95,11
18,23
23,31,37,12
31,12,48
12,31,51,7
1,43
43,100
49
39,90
89
89,86,33
33,28
27
5
5,48
99,29

30,82,68
94

41,43,70
98,36,33,59,84
73,50
50,73,68
50,33
33,50
59,36,97

70,67
70,22,67
3,97,55

21
25,98,54,61


11,100
56
76,70
70,76,43,9
16,18
72,43,80,18
40,2,100
40,2,61,71
62,86
86,62,93,11,5,72
72,17,42
53,1,45
45,32,27
27,83
95,68
84
84,18
98
92

95
45
45
6
96
96,20
4,13,2
13,2,4
31
60,58,80,57,52
99
99,27,37,89,32
37,32,89,73
89,10
26,54,21,75
73,29
42,49,9
9,75,16
9,40,73
40,9,72,98
15
90
70,73

72,25


70,25,31
10
10,30,27
10,20,84
50,59
50,59

44,8
86,27,65,91
27,65,76
27,65,76,75,41
26

3
91
40
34,14,60
14,60,34,54
97
97
97,98
15,28
15,36
2,1,83
16,48,92
92
14


40,7
40,46
46
46
59,5,90,67,65,84
97

55,84

66,13
45
14,19,39
49,58,79,83
83,79,70,61
22,16,81
7
8
22,94,30
84,63
84
84,48
93
36,91

29,60,44
29,44,96
44,29
29,44,52,10
57,58,88
54,78
89,57
92,70,85
8,52
52,55
76,80,57,64
88,55,85
85,22
85,22,42
85
85,7
79,39,85,28,48
87,25,65
15,35
54
39,32
36
31,2,16
6
6,67,18
86,93,59,77,42
86,77,29
77,29,86,22
29,86,38
19,29,60,86,62
19,60,29
96,31
61,4,64,47,67

97,19
19
19,90,34
33,67

63,84
84,63
63,26,36
57
12,1
47,78,11,5,24

50,83
64,47
47,64,3,67,97
23,60,24,74,30
23
67,6
6,17
6,17
10,97
88,34,93,62,48,70,91
92
24

17
95
95,67,64
32,31,28
32,31,28,91,42
31,67,35
45,99
52
52
66,34,56
66,86,98
86,98,66
66,86,67
83
83
83
100

26
45,52
31

13,59,32
76,1
48,6,23,11
25
5,33
3
30,99
66,18,53

100,81,63,58
11
11,77,99
50,7
28,58,92
85
8
51
46
8
8,40,28,5
25,39
1
7
8,48,72
37
37,68,88,36
81
5,94
14,13
13,96
94,53,73,61


44,84,15
79
98
89,48,72
98,5,17

36

20

54,55,40,98
56

34,90,80,16
7,6
90
72,34

23,62
22,1
1,22,8,73,94
3
84

76
76,46,67,19,66
21
99,60
53,65,11
24,42,66
22,92,32
2,82,25,99
88,20,76
88,20,76
13
13,9,5
13,72,56
13,56,72,37,49
40
40,17,37,42
42,97,80
97,68,37
60
60,3,1,46
21
53
53,69,32,31
8,16,60

71,83
35

69,55,43
100,51
64,7
7,64
51,11,53
53,11,86,96,9
86,10,11
67
67,42,9,88

11
2
71,78
71,67

43,21,73,27,3,33
54
54,64,23
73,29
84,72
84,72,86
84,61,30
59,11
47
47,25,10
14,6
14,100
15,38
48,32,22,15
26,11,87,20

84,15,31
97

62,82,15,9,61,14
46

45
66,43,58,5,21
14,21
88

82,30,78
75
97
20
20,48
48,61,60
61,48,60,81,96
8,50,26
38
29,85,51,94,3
94,56
28,81,50
81,50
63
11

85
23
26,65
26,35,61
43,39,36
99,30,85
25
25,70,75,97
75,70,18,71
44,83,16
44,7,20,84,73,2,92

21,31,12,26,35
61,23
39,3,49
18,74,62,1,39
74,62,18

44,86,99,98,47
44,86,47
26,67,10
53,56,79
86
64
34
26,39
48,40
1,28
79

50,99,69,26
55,17,46,36
16
16,91,48
100,24
78,59
94
94,72,75
75,72,94
28
97,21
18,39,42,11
18,8
65
70,31

74,49,28
37
14,34
73
17

26

41
3
12,28,86
3


72
65,98

57
69
17,39
62,81,83
71
71,32,26
2
19,1
1,19
1,70,18
45
45

96,85,60
69
51
51,39,77
39,59
24,23
53,96,42
99
70,84,93,85
52
35
35,70
96,14
6,23
23,6
23,6,60,69,56,47
6,23,8,2
76,84,91,11
91,76,84
91,45
95,64
25,35
25,35,31,49,28,13
52
52,70,48,5

80,59,13
97,92
92,97,21
21,15
72,56
9,37
65
80,93
34,42

20,84
84,58,22,67,13
17
1,50
1,50,72,82
15
15,29,70
45,38,12

4,13,34
71
56
42
42,71
42,54
90,69
69,90

85,4,37,17
37,85
32
88,44

6,45,22
22,45,92,8,93
39,44
44,39,1
39,1
75,37,14,6,35
78,62,64
27,25,95,7
95,48
48,42,64,5,76

73,25,84
7,12,5

53,93,21,25,100,27,48

54,41
41,54,44,85,84
85
85,77,13
91
91,89
60
60
63
63,42
63
19,74
19,74,52,12
28,78
28,96
96,28
23,40
50
59,40
59,45,100,55,31
60,16,42,79,64
27,13
27,13
41,55
41,55,95,23

23,2
23,11,59
11,25,68,8
61,97
97,61
61,97,91
34
5,73
99
99,29,42,56



21,98,41
15,30,96
55,60
60,55,90
28,42,4
81
55
55,63,79,91,67
83
83,61,86
38,49
70,100,99

90,69,83,16
90,6,11

8
25,78,19,58,2,24
94,1,47
83

80,19,22

31,53
84,45
87
40,7
61
67
12
15


82,53
99
6
1,77,33,13
33,21,97
13,69,44
66
66,70,36
66,57,13
89,7,10
19
54
54,37
54,80

58
79
55,32,4
96,22
80
80,65,89
22,80
2
2,66,61,78,74,37
2,1,11
11,32,90
26
36
95,17
95
69,17

76,92
29

29,71
71,29,93,39,27,48,38
48,27,99,62
27,99,62,48
87

22
22,58,39

98
23,95,69
49,25
83


30,94
94,97,10
16
27
72,59
11
11,51
37,58
33
33,31,45

85
82
82,97,62
97,62,7
70
23,74,11
34
39
30
50

43,35

46
46,53
85,41
85,43,78,58
96
68
18
88,86
86,70
17
72,87
79,9
9,79,46,54
22,4,98
11
26
61
76,17

64,26,52
67
67,98,29,22
67,98,29,47
23,95
10,29
84,83
84,36
97
97,85,87,5
78,92
99,3
90,35
62,5

15,82,56
75,45

41

84,33,66,19
33,16
95,90,9

98
74

7
73,26,76,43
59,77
70
20

44,75
44,75,89,1
89
89,18
89,44
34,95
34
31

24,67
24,68,26
31
31

89
89,44
44,89,95,29,64,1
6,37
6,37,19
6,37
63,80

92,16,41
16,98,9
27,10
54
54
54,71
50,54,56
80,31,79
79,80
79,80,42,45,30
54
86


17,63,21
88
5,97,49,48,44
71,48,46
46,30

31,67
31
78,75
44,53
53,60,14,85
59,99



10
60
49
89
23,22
40,88
3,62,61
69
12
72,23,59
72,93,97
72,34,50
80
70,95,92
95,92,37
92,37,95,1,90
19
19,21,6
91
91,75
41
28
75,86
75,86,82,44
86,84
28,17,63
73,44
11,23
11,23,40
40,23,79,27
27,79
77
76
76,87,98,83
30

43,2
2,27
19,70,21
13

80,55
80,52,19,56,68
79,47,39
55


14,43,98,13,22
91
91,12,98,58

13,67
67,13,71,49,47,40,39
98,95,97
34,61,97
28,85


15
15,50,86
15,16,60,43
9

9,11,58
99,43
99,43,8,28,98
93
93,37,46,32,15
56
4,5,13

27,13,34,74,3,80
70
70,79,22
79,18,24
24,79,18,51,73,59
73,87,12
17,62
62,17,34,25
17,34
17,34,21,71,56
34,74,31
73
73,23,52
85
85,94
60,26
71
71,38,4
4,38,71,87,94
67
42,3
59,23,87,80,78,49
1
97
88,19,63,83

23
23,60,91
91
82

4,47,82
47,82
82,47,80
99,83,37
63
66
66
66,39
81,69

13,26,64,32
4
86
18,93
5
47,74,48,73
33,44,93
8,79,83
76

51,2
46
67,26,71
77,66,78,83
53
48
14,18,64
15,84
56,33,1
56,37,41,93

64,90
43,67,49
49
49,64,100
32
94,96
100
26,83,17
26,83,17
26,17,83,40,38
54,11,68,93,3
54
54,77,96
77,54,15,61
30,2
2,30,26,74,62
30
30,45
30,45
81,76,31,11
81,31,59

95
2
91
89,80
7
7,51,69,38,91
48,92
31,83
31,83,10,74
47,58,80,66,33
69,5,99
77,78
56,33
56,33,93

33,15

48,70

88,35
35,74,80,76
74
91,19
25
85
11

25
25,49,23,66
23,49,76,48
49

15
50
51,20,68

58,9
25
35,19
35,72,70,44
80,34,89
80,34,89
33,24


68,58,6,94
43,26
26,24,63
26,65,84
30,46,68
46,30,66,45
30,8
63
63,77
77,63,92
100,84,68
84,100
100,84
86,74,37
74
38,77
77,83

81,75,70
75
74
41,98
43,17
43,67
43
43
97,96
73,78
21,54,23
28,82
82,28,9,45,35
21

99,41,34


50
75

73,47
65
4
4
85

85
38
38,64,43
38,64
38
91
91,82,92,29
13
30
30,3
3
3,57,68,18,61
23
37
37,96,88
51,38,11,52,82,99,100
89,18
90,83,32,21
54,43
34,4,72
34
28
42,71,48
30,24,86,38
86,24,30,38
37,6
61,97
23
23,83
83,23,64,86
73,63,44,23
23,93
7,58,22
74,65
74,65,6
6,65,74,87
74,87,71,85,94
87,94,85,55
17

29,66,31
45,96
34
63
63,1,17
17,44
44,17
20
48,74,85
21
47,54
56,80,35,78
56

25,45
14,73,3
97
97,98,70,29
83,22
7,76
41,31
59
59,43,7
59,7,43
59,50,83
50,6
10
10,38
9,81,5
26
75
89
89,30,75,83
40,5
5,11
95,58
74,91
35,75,62
62,36,67
45,41,95,81
76
5
51,58,44,29
30,19
6
30,89
30
8,33
8
5,52
54,78,21,72

3,67,46
58,24

34,36
36,34,27


48
78,17,39,88,89,2

76,94
76
58
58,26
26
97,66
34
34,18,24,71
83
9,65

83
54,4,18,17
54,4,28,42,59
62,11,75
100
100

97,88,77,40
88,40,8,39
50,14
50,47,30,12,4
26,27,78,21
78
67,56
2,79,55

15
15,61,60
15,12
65,88,41
67,42
61,96
44,27,16
16,44,27
16,27,44,50
44,50,65
50,65,59,17,99
65,59,17,99,50
35,11,65
11


38,6

42,61,65
65,14,63,31
63,33,97,18
9,82
82,100
36
36,47
41
90,23

96,43,87,42
83,49,12
95,91,41,60
74
94,83,16

75,84

26,42,9
27,85,39,22,23
4,81
20
33
33,1

78,40,90,29
95,57
14
14,82
68,39
80,59
80
35,62,67
35,71,10
63,61,95
74,61,48
65,48,33,69,99
33,48
93
38,80
36,30,67

20,31,47
40,73,19,77
77,51,60
77,54,15,65
56,45

4,51
4,51,79,70

86,12,78

99,50,78
69
69,83,97
63,97
63,97,87
63,97
97,69,99,24
69,87,83
69,83,87,80,36

82,1
70,47,18,42
22,57

55


15,47,32,71,16
71,32,47
47,32,91
23

87,100
100,87,10,90

15,55
4
94,79,47
2,17,95,71
8,99
96,55,45
24,10,47
24,5

21,92
17,97,71
51
68,56
84,51,46,19
82,16,30

67,49
94,29
23
38,31
61,20
61,20
76

37
35,38
30,13
43
43,11
11,80
37
54,58,1
95
50,83

91,15,83
87,52
52,87,97,88
54,58
91,83,31
35

18,38,100,59

81,57
39
91
22,88,31,16
3,63
84,50
84,50,19
19,50,84,48
62,38,35
72,58
58,72,78,48,4
37
31,49

29,39,90
78

50
62

25,97,83
61
12,78
62,74
71
55,48,24
64,10,69

97
88,54

82,48,89,17,15,36
48,52,18,71
18,71,73

9,27,48
27,9,48

49,23,33,65
23,49


16
7,10
18
22,12,24,40
89,94,95
76
76,79
42,20
33
93,45,6
45,37,67
44
30
34,95
95,30

74,24
74,37,93,90,70
47,67

66,82,87,54
44,42,97,57

36,37,79
88,9
79,88,65,14
88,46,19,76
46,9,84,34
78,87
16,91,23,33,1,18
78
78,22,27
27,78,22

31

93,76

27,13,22
73,68,16

41,47,9
17
10,48
23,34,9
9,42
42,9,88
61,92,16
24
27
18,44,83,98

1,88,26,81
39,17
84,95
95,91
91,99
68,99,76
49,65
98,71
34,42,35
34,41
41,66,83
83,66,41
27,19
24,1
35,36
35,87
74,49


64

89
89,46,32
92,29,44,28
7
35
64

24,97,42,62
58,71
58,71,74,40,24
40,28
11
11,47,53,97
88,27
47
5,38
67
67,15,29
29,67,81
91
91,13,73
3,67

41,65
73
73

50,87,24
42
69,92
83
77,51,52
36
50
89,99,19
77,19
66
86
86,93
86,74,2
74,9,58,19,40,69
100
100,10
100,10,20
20,100
20,100,79,19,87,3

98,75,24,77
85,16
85
84,46
13,1,62,22
8
8,76,70,36
36,70
77
77,51
51,77,81,57,3
40
52
68
60
30,86
86,30,55
55,30
55,28

88
43,53
87
24


21,95
80
36,51,80
36
82
47
32,71,78

100
76

28
18,9,17,65


51,46
68
92
27,92
25
23
88,62
90
52,93
93,52
30,38
92,97,78,95
92,97
86
86,54,19,59,57,17

82,7,87
20
20,11,43
83,47
35,18
35
97,11,20,44
57,82
76
69
33,61
61
61,3
75,53
75,14,3,1
15

9,65,61
61,18,92

8,13,81,70
81,47,13
96
91,3
3,91
8,73,91
8,70,76,88
22,95,75
22,54

92,42
89
89,92,50
14,86
14,86,48
26,47
2,98
85
63,50
3,80,26,13,40
20,1,72,71,86
20,21
82
61
61,31,44,22,51
83,74,17
74,83,17,38
56
32,29
32,29,95,49
49,26,98,11
72,98

23,27
23,87,84
23,57,99
67
67,26,4
74,48,44,83
44,14,68

94,4,26
94,4,26
27,91
13,86,75,89,23,7
29

34,23,52,41,1,48

5,94,32
23,36,39
86
66,48,19
91,45,61
61,91,45,23
3,89,79,59

70
70,1
93,76
93,83,100,27
13
32
53,79,33

8

81,48,41,65
65,98
83
83,85
85,76,38
58

80
27,62
62,27,66,15,24
20,93,28,2
74,51,56,45

90,50,26,58
37,34
86,74,98
60,30,69
30,17
44,6
44

19
19,95,39,99
2
2,88,52
2,88
66
11
11,79
11,67
28,14
1,23,63,62,34,87
34,40,55
55
91,94,3,73
63
65
65,23

49
60,50,30
60,30
30,23,17,3
23,30,39,9
78
79,41,33
43
62

75,47
73
6,31,9
46,26,73
29
29,31,59,27
75,88,82

47,32,26,90
47
91,71


1,92
1
1,23
55
38
66,40,89,78
53
60,78,66
89,94,17
94,89,17,28
34
24,98
3
10
90,37,48,15
41,4
93,46,66,2
37,35
91
70,26,15,66
66,19



72,43,26,40,56
40,43,26,58
43,85,4
43,4
17,58,82
17,93,94,95

100,24
24,23,98
68,10

50,34
50,34,68,99
54,73,10,46,8
8
8,15
15,8,96
53
53,43,82
82,21
92,17,20,1,66
95
95,86,27,55
28,88,59,10,54
37

81


73,84,16
6,63,31
15
80
53
24,7
55,6,48,52
11
81,67
81,67,99
80,59,90

48,34
49,50
49,81,10
81,6,78,91
93,36
93,4,62
82,97
63,4,69
4
4,65,47
41

6
6,90,63,66,38
7
7,53


88
67
67,47,11
11,67,47,59
59,11,67
15,42,48,72
48,38
38,48,85
7

66
77
32


1
85,49,54
12
54
97,78
97
5
17
17,62,36,55
8,52,11

55,41,20
37,34,30,1
54
54,70
18,95
9,60,66
66,26,73,62,18,3
66,44
44,66,51
77,68
21,60,80,50

6,78,49,79
49,12,20

47,95
95,47
86
5,92
5,92,45
2,82
61,7
7,61,79,97,33
74,33,45
45,33
32,79

25,86
25,86,52
27,72,1,96
19,59
19,20,29
22,12
12,54,91
33,99
93
93,29,20,7
25
25,32,63
37

57
57,78,18
44
44,14,18,17
18
29



53,23,62
11,56,53
81,95
87
7,75


31,63,65
60


92,89,23,76,18
76,42,8,14,61
8,14

89

25,63,67,40,16,22,61,99

49
49
5,72
5,72
41
62

44,12,28
28,12,44,71
7,59,10,23
59,34,1
66,84
84,45,62,49
24
11,91
38
51,30
82
76,21
3,59
72
38,7
100,2,11
68,95
99,15,59,47

33
33,12,35,11,87,68
9,52
52,9,63,6
9,63,52,6
6,21
6
6,90,57,81
64,4,81,17
37
37,3,96,51
31,59
5,72
13
13,9,99,22,44,69
9
1
1,96
35,58,25
35,25,28,74,45

64,58
41,64,51
13

92,46
35
74
45


5,17


20,55,47,67,39
55,97,34
51,48
8,88
55
55,90

61,96
44
46
44
8

60,20
60,20

44,6
6,44,64
64,6,44,14

33,77,31
70
69
98,13
51
79,84,45
87,6
16,43
44
13,48
61,36
36,61,62
61,36,62
22,88,20,36

13,74,64

8
8,64,24

4,72
69
89
75,69

42,58,61,31

17
25
3,48
48,57,97,45,1

67,85,14
85,42,37,82

98
24,82,17
24,82

51,35,61
51,83,9,77
54,64
72,40
88
67
67,12,25,5
21


14
29,100
100

67,25,16
25,100,86
25,100,86
39
39,24
45
45,23,62
56,94
56,94,6,73
17
17,54,38,52
52,64
19
80,84,45
39
40,22
85,49

72,75,34
24
24,77,72,58,23
63,7,40
63,77
50
57
29
11,86,87
90,66
94,7
10
10
27,53,14,50,28

59
31
94,98,60
5,37
71

41,98
98,40,3
40,3,98
42,27,37,43
62,21
74,53,73
98,94
20

71,8,74,18
90,34,92
90,4,56

31
31,82,18

22
22,3
5
25,97,56
59,84
84,59,32

63
63,90
62
64
57
57,18

4,12,78,56
1,68
40
43
6
29
58,2

10
2
46
82,86
86,40
20,46
8
91,49
15,46,50
50,15,46,74,16,55

5,49
7,55,48
34,67
99,7,28
99,11,55
30,1
91,58,15
75,65,68
8
8,32


99
68,71
71,28,25

42
42,28,50
11,48,50,30
28
89,30
25,2
68
9
56,28
28
28,45
11,18,63
63,11,18
89
40,31,98,2,89

28
90
23,6,44
30,75
74,22
82
82,81,52
51,6
12
14
67,51,87
51,87,70,64
70,92,49
70,49,7,63
37


53,3,20
28,89
67
24

57,24
53,5
11,28,17
28,32,83
24
34,71
34
34,26,56
74,51
74,51,31,52
91,82,57,26,39
67,78,10
53,39,87
77,56,85
72,51
51,39,66
30
98,24
98,67,89
87
87,94
55
93
93,81
93
93,79,55,63,35
79,98,90

67,77
67,77
65,1
52,15
15,73
15,73,37
8,40
40,8,43,2,53
65,46,41,77


17
45,63
21
21,45,19,91
74
74,89,63
74,89,94,7
39,15
72
15,32
2
55
38,86
12
81,21
21,81
19,66
66,79
53,58,19
58,18,22
50,68,86,20,69
86,68,69,50
86,50,69
69

73,60

62,23
62
100,77,50
77,18,37,50
76,55
65

68
91
78
67
67,31,30
49
82
82,8
82,33

92,68
92,68
60,69,63
46,14,88,51
88,14

71,24
80,70,57,19,77
68,32
56,48
18,98

84,89

73,50,75,51,98
98,24,87,27
92,89,43


64

54
84,93,74,2,14
53,78,2,27,98,8,100,25
15,54
26
26,85,66
59

88,79,19,20,57,2,99
25

15
89,72,41
89,72,19
67,18
47,21,24
23
23,63,46,13,5
39,51,26
32,94
94,32,7
55,11,1
11,15,96,95
95,96,15
70,53
66
59
59,6,1
59,1,6,22,66
59,22,26
82,70

2,62
46,70
70,46

87,72,54
50,93
79
79,45,97
45,97,79,65,59
59,37,27
89
89,13
100
23,47
53
76
76,50
59,67,85
70,54,28
54
2,47
47,53
42,45,22

22
74,72,93
72
72

31,45
2,87,33
87,84
64,2
35

34,65,80
61,96,12

73,95
41
65
83
83
96,15,97,93
23,3

59,34,64
64,59,87
18,29,60,72
9,40
8,49
17,46

12
100,61,8
8,55,68

19,66,90
90,16,37,93,45
45,37,16
53
71,84
84,89,53
79
79
27,18,100,94,93
100,23

86

44,88
10,27,51
48
72,9
72,9
79,80,90
2,94
99,84
37
41,21,84,96,23
66,34,3
68,100
100,60
8,13
13,8,15,37,6

74,46
83,51
77,1
2
2

40
63

78
18,9
18,9,24,55
54,64
77,23
77,23,70,29
50,93,3
28,82,33
41
21
77
33
34
33
97,22,54,87
15,66,29
66
66,47,80,25
79,56
43
85,35,54
54,35,31
44,50

65,75
95
95,38,15
16,70,21,36,43
61,23,99,50
61,23,3,84
84,61,14
61,70
70
28

87,90,25
22,62,61,98,54
62,98,22,8
22,42
25,95
95,25,76
69,41,3
93
5,26
33
4,99,78
41
42
42,58,47
93
93,58,59
91,85
51

22,62,15
88
88,39
39,88,79,80
97,25,33,91,60
7,35

2,90,88

67,99
96
13,33,55

30
41,84
80,72


48,58,35,98
85,62,1

16,40,26
26,53
26
12
12,65

68
29
85

85,40
40,85
6,3
62,35
62,35,59

41,8
41,8,93
8,74,40
25
94
27
94
70
70,98
70,36,53
53,36,63
55
55,12,25,20
4,8,55,53
53,85,55
85,53,55
61
20
92,85
85
9
9,87,64
88,36,64
64,7
7

74,48
74,48,94,6,5
36
8,59
8,42
52
46,23,31
56,80,66

65,72,63
65,26,23
55,29
55,6,20,59
44


48,36
48,36,3
19,33
97
72,51,84
77
43,41,26
41,43,85,46
12
12,88
87,14,60,67,51
19
61
61
61,28,51
9
33,52,44
16,96
3,13,57,12,98
12,92
92,12,58,91,86,68,30
16,25,34
30
96,2
96,2,50
87,91
16,62,67,21,36
67,21
75,7
17
17,22
22
2
2,44


43,91
40,1,89
1,14,23
30,32
32,30,7
7,30,32,40,99,20
20,99,32,63,33
20

46,32,19,14
3,8
8

14,48,81,77
74,99
99,74,8
3,64,38,65
64,65,38,3

15
10
13,92
33
33

56,73
89,92,86
86,15,40
21,67,100,11

48,64
64,41
41,64,4,12
4,92,33
24
13,44,34
94
94,28,72
28,72,89,64
77
41,96
96,41

97,51,9,91
9,3

90,28,21
28,21,90,38,83,55

51,84,4
84,62
84
84,19
19,84,11
68,64,45
34,27
27,47,62
27,47
75,11
11,45,92,54


72
72,53,46
14,95,22,31,34,36
34,16
52,88
96
11
11,97,51,7

79
41,68

58
58,51
32,84

12,66,63
35,13
2
50
78
78,84,26
4,100
77,37
30,81,41
81,30
76
84,42,30
35
32
32,29
32,39,51

61
92
56,91
47
33
59,73
35,13
41
94,80
59,25
15
34
83,19,12

38,35,59,25,73
35,45
3
3,34
3,9
23
23,95,12,34,7,97
97,23,60,71,13,17
10
10,26,5,68
74,40

43,68

97,84
23,63,46
23,53

83
38,53,14,11
38,63,28

38,51,66,33
94
94
67,53
27,73,69
80
43,79,95
95,79,43,76
76
75
2
84,7
84,76,3
76,82,57
57,76,98,52
52,98,18
100,64
64,85,23,10


49,57,24,67

38
32,62,50
59,81,23
23,12
61,80
26
33,1,20,6,67

14,39,9
24,89,94
9,8
49
55,56
85,40
85,40
73
73,98

24,31
31,24,37,34
73,94
23,10
9,16,4,52
44,98,81
15,91
32,48
23,37,4
68,77
17,14
17,29,33
20

98,81
26
86,98,52
52,46,32


72,93,27,54,41
54,93,82
2,9,33
74,4
4,25
20
64
64,77,47
77,47,4,10
12,93
31
74
74,14,17,19,61

31
31,29,61,66,89
30,9
20
20
71
71,46

19

69
69,10,18,58,65
30,70



16,25,81
88,65
65,88,20
81
81,46
52
42
21,42

36,44

74,100,91

46,82
82,46,96,97,74
4
1,61
1,61,89,76
76,30,46,77

84,93,76
84,93,28,81
75,44,46,61
54,97,52
95,29
29,95,91
42,54,43,35,4,62
4,12,46
4,46,57,35,82,42
37,55,14
51,43

74
90,92
76
76,15

12,73,55
12,73,87,94

2,9
21
93
17,47
31
31,47,78

76,12,90,3,69,42
78,92
47,33,61

75
40,17,32

12,32,40
55
16
16,55,6,69
55,6,66
66,64
52
65,51,61,37
77
43


11,6
84,59
26,49,60,29,16
48

6,27,15,57,86
30,16
47


16,3
11
6
40,57
28,43,48
13,59
13
13,6
30
30,75,47,92,82
63,31,88,69
31,63,69
63,31,4
19,61
79,57,61,83
57,64,18
18,75,56,89

68,81
69,26
86
37
37,56
56,37,92
61
81,77

59,94,100,26,25

45
45
95,74
53
29
81
65,69,83,58,37
67,28
28,67,35,94,36
54,33
17
100
100,83,97
45,29,31,83
50,93,29
12,84,73,63
73,84,82,55,62

99,43,8

85,88,28,42

6,26,56
97,42
48,98
48,49,81,65
65,49,81,48,18
81,67,41,46
29,81,91,3

82,2
82,2,52
73,5,91,17
73
73,32
32,73,84
69,99
41,65,88
7,66
66,71
79,5
5,11,7,35
5,11,7
5,7,11,46,26
3,17,76
56
56
56,85,36,26
82,79,71,66

69
85,47,70
21,35
50,73,51
51,65,37

9
9,98,99,80
62
62,93,19
69,54,20
60
60,4,56
26
26,4,8,52,34
4,26,8


64,65
64,65,8

46,95,87,79
95
99,13
78

74,2

12,24
24
28,81

57,95
24,11
43,28,34
56,98
56,98,88,8
97,95,63
7
7,19,75
65
65,91
28,17
17,28,5
17,28,5
4
47,66,9
66,36,81


76,89
72
72,64,70,2,87,32,56,29
29,78
10
13,37,78,90,12
30,68
68,12,80
54,55,1
9,62,99
99,66
67,95,26,48,93,25
33,16
16,78,48

89,33,27
33,27,25,13,24
11,33,69,28
63,97
10,43
21
91,97,32
91,32,97
32,47,79
77
61,7
55
90,95,2
90,72
90
40,70,86
40,86,23,31,81
33,54
40,12
40
40,93
93,57,22,82,86
9


7,9,95
95

47
14,75,65


47,42,73
45
45
89,80
31
70
27
27,35,24
24,27,35
27,24,58,49
30
30,99,24,65
51,80
80,15,55
26
26,35,53,22
27,83
98
98,25
98,37,31,86

80
80,97
97,80,76
80,97,25,36

84,75
62

70,83
13,93,61
75
75,97,87
97
97,11
95,22,90

100,17,87

88,2,40
4
4,95,72,68,84
60
36
36
36,40

60,93,19,68
94
94,88,35,28,8

81,61,17,3
3,89
3,42,75,73,98
80,43,22
12,28
50
93
93,25
25,93,35


61,30
21,95,5
8,59
59,55
55,59,41
21,50,6,44,39
52
52,22,87

41,17,39,15,21,20
52,31,30,49

58,66
58,66,57

7,60
65,85,30,40,22
30,17,44,98
17,44,57
44
44,34,65
86,58
35
35,82,60
84,57
15,41
94,28,15
28,94,40
28,94,61,31
6,75
66,77
41
10,56,18,74

46


81,75,29,13

31,68
33,20,96,21
54,38
8,18
21
88,33
45
65,66,28
88,25
22,71
71,22,81,61,83
6,87
45
45,80,43
45,80,51,17
17,2

10,77
77,10,40,32
57,34,30
30
24,39
37
53,87
33,92

47,25
47

19,72
53
64,29
81

3,24,72,65,93
3,93,24,72,65
24,64,74
64,74
74,64,54,49
49,40
40,11

19
33,96,83
2
6,28
6,28,76
79
66,73,34
34,73,3,97,62


2,57,67
80
71,13,20,66
13
13,67
81
12
70
7
7,3
14,33

94
94
72,100


22
1,26
40,61
61,89,53
77,66,49
38,51,13
38,71,69,77,13
20
20,33,6,58
14,46
35,27,54,14
34,59,81
59,81
94
18
12
79
79,93
70,84

23,81,69
81,59,63,47,8
6,41,72
6,57

15
69,78
76
76,9,10
87
11,8
8,22,48,40

81

80,88,66
80,88,66,92,97,83
80,92,68
72,39
72,39,15
17
54
64
54
1,32,75
32,1
71
71,97,63

61
87
48,2
86
66,3
100

65,63,31

97,16
53,78
30,90
30,90

65,15,74
74,43,45,35
45,77,69,27
27,87,70
9,62
24,96
24,73,41
24,41,84
92
100,22
43,39
92,95


54,75,100,96

57
70,8
70,8
8,5,39,86,85
1



80,10,60
32
45,17
68

82
82,84,6
75,62,64



95
76

21,11,20,17,7
21,61
21,61
61,21,36
21
21,77,82
82,29
82
82,19,84,40,94,7,48
94,7,40,19
11

69,93,6
18

34
52,54,41
41,30
23

31,25,14
98
47
47,76,43
23
23,49,79,33,26

38,11,61,87
44
25
12,18,36
22,15,33
22,2
64
45
89,53,61
61,53
53

25
25,63,50,79
66,79
66,79,35,31
70
14
33,96,72
63
24,62
24,74


48,24,25
31,49
64,4
64,27

3,60
3,60,12

17
19
19,89
89,19,80
80,20,69,7
41,66
41,55
55,41
41,55,1,35
6,39
9,99
99,66
66,99
99,66,44,69,57
75
61

17,1,13
21,43,83
15
15,82,14,84
14,84,82
24,84
84,1,56,49
84,69,1,99
48,60,63

38
38,11
38,15,53
13,7,16
84,95
51,39,55,47
89
11,58,62,18,73,81
56,51


82,16
82,16,83,35,19
35
78
55,9
55,33,22
48,10,28
42,3
42,9
37
48
76
32,51
87,57
7
7,63,90,22,81
81,22,63,43
67,16
29,73
73,29,26
73,26,29,68,65,95
29,68
91,25

5,81,49,46,83
86
63,86
54,31,2
2,31,54,32,47
66
4,42
42
54,83,69
71,78,45


41
41,38,45

6,10
59
50,78
50
14
60,4
60,4
74
51,47
93,97
97
97,49,6,44
38
38,84,6,22,92,85,9
93,39

18
77,15,47
15,47,39,72
90,26
9,20,35
35,9
89
76
76,42
58,86
68
68,38

47,86
43


80,25,55
25,80,55,27
49,72
49,72,8

46

26,80
60
35
89,98
92,55
58,13,48
61
61,10,27,29
27,29
22
66
70,84,86,3

46
46,13,27,73
27

40
47,45
1,90
77,36

38,100,86


11,40,48,68,44
52
52,32
8,51
97,92,6
50,99
82,80,91
64,86
86,64
86,64,87,19
92
22,1,69
82
82,51,37
82,51,37,50,94
51,94

39
39,52,1

65,28
97,42
42,87
87,42,70
23,51
3,53,6
39,53
39
29,4,89,95
29,3
35,15

85
85
85,78,56
85,96,14
85
85,31
38
74
74,4
34
34,41
41,34
67
84,80,60
60,72,89,42
12,53,40
51,30,61
98,27
80,82
82,80,12
80,46,35,59
80,17,55
53,10
18,44
44,18
18
48
18
18

42,38,86,44,67


14,87,15,88,46
87
87,66,36,14,71,35
82,98

52,90

87,70
36
36,62,51
51,62,36,61
62,7
24,71,40
38,98,13
23,84


65,30,28
49,21
38,39,51,2
39,51,38,2
16
100
100,76
93,98
60,29
93,39
83,76,22
73
96,93,13
13,93,96,53
96
96,18,56,11
38,54,95
38,15,45
15,11
5
62
49,59,69
92,78,59
70

14,89
32,35
64
12
71,65
71,50,80
71,40
40,71,19,12,85
54
42,60,88
60,94,69,84,22
94
18
9,8
55,81,89
100,64
38,31,89
15
15
14,58,57,76
57,58,76
69

87,37
87,37
87,88,56,57
56
54
52,62,37
62,52,37,83
70,71,32,82
82,32,70,71
71,14,9
5,77,44,74
15

55,53
53,14
5,50
5,50,36,85
56,84
38
38
49
81,2,24,54
2,24,54,81,100
56,67
32,29,98,93
93,98,59,30,77
30,55
74
23
3
36,90
90,34
77,19
1,43,98
9
76,38
76
97,30
97,30,20
96
52,22
52,6,81
6,52,93,32
5,9,43,90
61,51,17,5
83
83,52,88
83,33,45

84
76
96

68
59,26
59,26
26
26,52,21
34
100,96,34
5,34
81,71,45
40,2
2
2,35,42,78
12
73,11
11,73,27,41

98,81
9
3,30
72,17
25,50,47
47,35
2,98
64

76,24
24,76,78
44,86,92
61
66
92,32,37,73
11
11
11,74,37
92,36,65

66,9
13,65
86,44
13,63
13
98,19,54
98,19,54,65,59,55,29
59,86,7,75
48,87

91
91,38,13

41
41,86
85
74,18,79
67,96,21
21,67,96
96,76,88,42
76,81,96
2
46
42,46
30,66,78

13,23
55,23
23,55,28,13

67
36
3
3,87,34,55,70
27,10

83
47

2,47,86
2,47,86,96,18,72
2,18
71,3
3
91
91,70

59,32

46,23,26
48
48,39,87


9,44
80
83,32,10
81,73
97
97,37
83,32
9,12,28
33,89
43,58,14

9

76,48,51,7,4
51,48,4



24,88,70,82


37,28
37,28
28,37,18

74,29
29,74,89,66
95,52
73
4,65,26
43
51,10,28
33
39,25
25,21,29
25
61,30,40,19
65
65,70,100
16,86
16,86,98
16,86,98
68,25,66
80
26,94,68,8
16,87,15,44
15,16,52,73
5,4
9,15,7
10

59
9,99,27,13
8
67,38,5
38,67,5
10,78,15
82,30
30,31
89
89,26,1
24,91
31,73,35
31
25,50,39

77
77,30,43,16
9,61
43,5,1
59,33
89
89,51

83,65,97
65,83,97,4,31
97,83


55,26,14
55,34,4,6,18

79,43,28
33,7
85,27,47,43
85,99
98,70
40
90,1,12,67,99,21
95
84,7
7,44,40,62,98
43,71,41
72
85,91
44,15
39,72
72,84,100
22,46,43
33,50,13
33,13
33,98,91,78

16,90
78
78,35
89,5
55
55,83,77
83,77,55
37,29,93
37,29,61,44
16,31,77
31
45,72,12
49,85,33
40,62
62,40,43,72
45,62,98
25,69
25,45
30
26,38
87
87,56,13
64
71,27

9,7,82,77
77,7,18,4,67,74
77,43
77,43,59
59,90,25
17

6
25,95,71,96
31,60,96

9
63
11,39,58,100
39,100,1
61
61,2,27
39,100,54

43,44,25
95,83,77
90,15,3,23,61,89


68,34,100
83,38,23
73,43,46

74,82


83

47
73,13
16,36,75,40
75,16
15,50,95,73
93,60
93,60
81,11
11,81
62,13
62,13,92,79
46
98,30,33
33,30,10,91
13,41,25,29
81
81
68
43,24
24,72
72,24,78
32,87

96,24,41,60
86
1
35,9,38
35,38,89

44,57,40
57,40,91
48,87
23,12
12,23
2,94,56
56,94,69
94,56,44
64
64,92,63
64
64,95
79,19,13
13,50,78
50,22,33
50,33,22
22,50,33
22,51,44
44,22,51,71,59,63,95

77,29,8,54,94

25,2,34
25,64,37
13


22,63
63,22
41
44
44,21
44,94
66,37,78,71

60,29,7
60
46,41,16,2
2,41
41,92,52,20
54


80,13
21
77
77,24,19
82,19

51,7,52,35,14
82
82,40
31,29

5,79
77
63,84,28


76,90
2

44,73
82

56,21,87,82
87,56,20,60,66
4,14,2,61
78
67
12,77


64,43,28
64,28,43
55,83
70,91
94,95

96,95,50,55
50,55,37
81,83
70,16,42


95,37,36,6
98
71
1,24
22,48,1
78,75
75,78
82
82,24
26
26,35,97
26,69,27,64
96
96,100
29,52
29,52,99
56,41,64
20,82,12,2
82



30

36,16


44

28
42
40,62
33,48
33,41


9,62

8,45
24

35,17,7
10
10,48
92
91
85
58

17
17
88
58,94
51,20
26,6
6,69,45

100,64,56,96
64,56

31
31,30,3
23,39
36,67
48,51
48,21
21,48,37
4
4,17,48,52,56

94,86,91
52

62,98,83
62,98,83,20,50,9
50
9
9,4
4,9
9,4,70
54
44,93
84,95,32,33
2
2,13,52,59,51,10,83
50,8,69
15

92,43,29
48,66
48,35,78

11,75
29,5
29,5,55
59,44
75
92,45,32,73
1,17
45,93
51,21
100
35,95,15
33
61,18
18,43,40,12
12,40,18,43
43,18,12
95,13
54
54,80
80,88

14
16,14
16
45,26
82,75,79
75
75,43,6,90
90,6
90
51
54,23
54,5,74
88
98,19,40,35
98,7
73
8,44,26
10
43,35
43,85,57,87
29
99
92
14,20,64,28
64,14,20,28
19,43
13,12
50,78

64,11

94,16
60
22,65,78
22,32
32,22,51
22,32,51,4,17
28,76,48
76,86,61
83
83
5,91
21
74
74,75,31,39
10
10,58
21
41,49,47,25,1
47,41,1

77,99,79
82,79,6,18,83

78,79
2
80
14
14,10,72
10,9
75
22,1
44,87

96,72,55,33

19,1,53,54
1,54,53
89,92
81
67,80
67,80,69
69,80
47

97,88,66

70,20
45,44
45,44,2
36,45
36,14,52,98
23,12,2
5,83
91,64
91,64
12,73
12,77,79,78,29
16
3,45,97,91
91,97,3
75
75,41,95,57
69
16,44
44
26
65,13
13,65,77,83

20
81,10,30,33
33,30,1,63
48
83
6

50,38
81
19,57,53
9,92,46
98,88
39
19
100,18
100,98
71
7,72,71,74,84
40,97,92
11
37,53,34,30
3,17,84

62,46,34
87,7
7,52,8
47
77,59

72,62,90
72,90,35,67
90,5,25,39
25,39,66
25,54,49
39,81
81,70,67
67,70,81
81,94


32
57,82,98,66
86,35,84
65
19,59,29
59
44,79,26
26,79,44
44,62

38,95,87,78
38,96,58
28,86
52,59,70
69,42
91,56
56,91,72,52
84,22
27
29,45

30
36,10,94
60,22,74
12
59,65
59
96,6,79
79,22
81
64
64,73
18
1


41,25
37,2,82
82,37,35,28
82,28
63,95
63,82
58
33
33,91
33,91,44,99,16
21

93,56,95,10,67
100,86,76
43
43,39,27
43,23,48
43,86
1
81
80
80,18,63,16
67,37
67,37
100
45,33,98
18,37
37,18,86,16
27
82,9,56
82,9,88
82
82,27
82,27
95,84
97,41
50,20
55,58,39
39,92,34
85,66,54
56,48
56,48,43
44
73,80,48,11
27,10
58,5
58
5
5,77,23,37,79,24,63
60
68,26,15

40,22
22,40
91

41,28,9,22,96
13
75,67



52,55
29
57,14

64,89
64,89,66
12
64
10,14,56
56,12
93,6,14
19,47,90,55,66
91,95,82
66
90,48,77
31
31,74

1
60

16,84

50,46
20

75,65,38,57
53,48
48,79,18

86,12
14,30,23,94

81
13,92
92,17
60

65
15
15,94
94,15,74,98,47
86
85
57,73
73,57,75,88,78
83,71
83,62,64,61,89
89,62,64,61,83
4
56,69
56,69
23
23,72,69
34,16
2
83,50

80


77
77,74,69
83,17,62,8
62,22
22,62,57,72
22,47,97,70,79
75
10,33,51
79
100
48,99,88,78
82,72,6
6,72,68
63
37,67,51,60
79
90
13,9
57,76,90
57,94
57,45
57,45,25
21,36
31,10,29,40,79
24,79
24,99
53,89
89,11,62,81

54,60,79
60,39,43
13,91
91,13,69,85,24

81
5,35,69
65,6
6,65,25,39,77
6,25,77
85
87,77
56,94,71
94,15,11,82
11,94
94,11,15
94,11,15
11
88
88,6,91,60


83,52,44
52,23
3
3
36,42,70
62
62,18,31,85,10

50,9
10
10,64,2,34
25,42,70
80,8,71
8,17
77
77,70
88,50,2,59,43
98
98,45

89,90,80
90,89,80
90,80,96,11
27,20,53,88,28
50,5
28,67,65
65,24,39
28,59,9
59,9,28,12,74
83,17,75,15
99
72,26,46,5
97,98
11
11,5,21

24,42
24,21

66,22
71
71,99,96,48
35
70
70,33,48,9,77
70,33
69
69,13,30

35,61
98
17

34,38

33,30
33,30,1,51
30,33,60
60,14
19,42,53

14
14,72,2,100
100
76,38
83,35,10
58
24,61
56
56,72,16,41,5
72,16,94
16,94
16,94,9,1
99,16
16


30,2
87,33,24
85,98,16
16,64
71,78
91,95
62,20,26
86
53
47
16,3
87,22,5
33
44

38,1,72

5,89,52,21
99

82
43,85
32,31
32,31,91

70
70

67
67,85,44,22,100
35,2
35,7
18,91
66,84
66
66,25
70,47,41
15
68,25
55

17,92,67
59
20,29
51,31

57,42,2
2,57,42,7


40,5,85,68,72,2


18,63,81,20,80

67,50,42

8,78,1,82,6,49
38,91
53,38,31,60,14,83
71,78,5,69
53
53
38

30,62
30,43,84,89
50
41

94,59
64,50,24
41,74,11,4,96


38,49,76,20
48,98
82
27
27,84,77
80
52,66
66,80,4
66
66,36
38,20
60,88,24
60,88,24
24,67
88,84
84,11,58,83,7
95,94
59,83

42

1,72,8,92
72,8,60,88,5
38,74,19,62
24,13
13,82,49,44
82
16,34
16,34,81
79,86
79,98

77,50

57,91
10,39
10,39,47

69,43
45,91
60
66
66,78,25
36,38
83
19,33
19,33,35,52
57,32,60
96,62,41,98,34
98,62,34


61,1,92
1,26,87,50
47
47,45,89
44
76,33
33,94,2
2,17
6
57,20,42
42,33,52



54

10,58
13,98,75,23
73,33,76
83
83
83,95
56
12

77,18
77,18
77,18,67
67,6,80,39
78,4
84,59
59,84,88,21
67
82
71
59
97
17,1

39,91,22,96,8
50,29,59


14,79,42
27,23
20


7
28,22
28,93,24
24
24,69,3
30,100
100,62,3,67

46,80,61
8,19
8,3
98,74,71,45
98,5
98,20,92
92,98,20
72,49
19,4

52,16
78
9,27,38

57
61
61,75,10,24,17
98
57,31,52,84,65
90
90,32,34,10,75
90,42
90,42
11,31
11,78
100,24
24,84
92,32,64
32,64,58,44
69,16,44
49,48,76
92,97
92,39
28
28,84,51
28,53,16
70,95
95,70,3,21
3,67,82
99,38
78
10

2,11,24
11,49,88,52
9,14

7
7,32

44,91

87
17,54,93,28
31
14
24,25
25,24,16,26,18
45,30
93
93,31
31,93,34,21,38
30
15
15
20,95
95,21
36,22
96

33,18
18,33,56
97
61,76
76,61,20,25,48,36,64
76
73
73,2,69,50,67,78
50,2
3,60,1
1,3
49,84
26,19,38
72
5,71,24

90,2,16,74

63,36,72,86
36,72,18
90,91,54
35,40
79
90
14,42
42,17,37,9
42,48
56

20
20,88,97,64
83

98,64
73
54,28,88
28,54
54
54,3,80,74,21
54,74,82
87
63,9
63,8
44,70

20,35,80,76
71
19,23

71,66,54
14,89
7
82

74,7
75,13
19,85
95,16
87,58
53
53,44,94,23,18
23,19
34,42
52,33,87,20

55
41
10
69,90
50
9
66
90
90,21,100
1,7,95,18
35
56,73
97
14
65

76
37,64
24,95,84
95,84
29
1
67
67,29,25,87
25

39
39,83
83,39,73,85
1,40
90
90,24
57
4
4,32,10
96
96
43,26,52
25,59
87,32,63

83,86,50,45,53
64,96

31,20
67
55,52,44,45,4
55,8
29,81,48
76,38,21
76
76,50
87
71
30,73,33
28,65,89,20
65,67
92
92,64,72,31
64,42,48
38

61
53
87

60,78,48
48,60
92
95,9
9,87
63

66,44,51,19
66,57


46
46,81

36,35,62
51
24,68,86,6
46
6
6,18,17,70,47
70,17
33,77
46
42
24
60,12,80
1,7,83,96
83,38,51
37,47
54
35,22
47,81
81,2
42
42,25,44,61

32,98
86
36
37,78,61,32,93
93,32,24,90
58,42,16
100
100,85,59,28
6
6,71,52,36
71,36,6,81,3
3,6,36
88,94
56

28,34,25,76
28,25,76,8,4
64
22
20,24,37,46
45,84
8
54

17,57,50,23,2

75,12
83,61
92
96
46,89,55
39,73
73,39,22
15,35,84,18
35,14,11,96
35,14,96,11,1
82
37
94
47,18,68
77,27
84,7,4,13,24,45
66

80
80,68
83,12
83,93,33,80,92,66
79
63

70,86
45,92
91


12,53,68,48
49
49,36,68
36,85,5
87,76,94
94,76,25
40,26,65

52,85
22

21,84
84,43,94,47
38,81,34,10
57,19,53,44
53,23
53,23,69
53,23

44,62,84

3,41
2,99,69
69,70,5,12,2,42
49,74
49,72,79
77,6,98,28
82
75
75
75,93
93,48
53

91,2,19
2,91,19,49,40,86
1,71
8,52
8,78,53,11
12,11
11,82
6,36,73
67,68,36
36,86,85,51

88,25
9,23,44

82,24
24,82,94,13
42,19,51,21,67
65
79
95,14
93
20,61,72,46

16,98
70,40
42
3,76,51
66,90
18,25,60,100,77
98
98,1
98
38
37

81,35,73
94,36,46
46,36
5
54,36,42,26,21
69
64,49
78

22
86

19,88,30,64
53,20,62

65,83
83
78
44,54
94,39
45
65,57
48,57
57,48,13,52
34

87
87,73,66,85,31,2
39,8
39,8,59
91,10
39,24

67,79

62,32,89
30,13,27

55,57
89
82,17
23
23
21,33,71
33,71,21,61
21,33,29,80
31,89
45
28
92
9,63
9,63,2
26
43,46
32,38

52
64,88
53,24,97,22
54,87
87,54,42
42,84
84,18,82,53
65,23
21,84
84,21,89,13,23
57,61
57,61,1
57,1
13,11
69,14,91,94
14
14,68,60
5
25,80,28
8,36,14,76

10

18
18,41
18
24,66
24,76,19
4
4,14,76
23
23,31,85,1,65
4
7
21
39
60
60,5
43
54,66
66,47
91
91,36
81,43,66,76
81,72,82
27,78,89
72,99
15

94,68,99

57
48
93,3,67
50
70,61
67
15
15,77,47,36,34

24,83,34
99
71,61
82
22
43
43,37
12
77,4,97
2,97,41
41,97
79
72
93
65,68,99,53,12
74,76
62,70,15
15
21
93,53

19,76,3,89

78,53

94
94,26,63,65,46,96


95,15,55,43
66,61,52,29
3
81

83,79
83,18,22,39
18


54
54,78,32
31,53
6
6
6,85,16,65,99
18,50,99

98,66
98,72,97
16,94
16,83,63,22
16,91
16
80

4,6,92
6,4,16

21,23
87
77,49
77,66
66,29,43,34,85,75,11

48,71,30
23,73,4,7
4,6
6,4,71
11
11,63,46
93

53,93,12
95
70
22,5
13
35
55
55,74,88
78
34,39
79,64
64,19,16
19,61
2

55

69
83
40,46,90
34
49,81
93
87
79,80,98
14,48,44

9,89,19

29,85
88
2
2,33,62,50


51,10,81
51,10,81,2,67,46
81,36
52
49
5
5
68
68,96,10,47
77,52,76
72
27,65,26
26,61
64

93,64,19,32
64,59,43
71,65,90,53
90,71
14,53,50,15
43,12
48
10
79
79,37
49,35,100
69,13
13,69,30,41
92,34
68,71
5,54
5,54,72
69,93
22,31
22,52,64,51,58
34,60,95,68
15,50,31
66
66,91
91,66,85
63
63,49

38,2
78,46
46,78
78,46,42,27
39
75
19
12

70,53,79
55,18
51,63
16
67
74,53,12
74
56
71
73
42
6,89
49
97,5,2,45
2,97,6


81,89,94
98,85,76
37,40
37,58
6
6,73
6,63,54,41,28,16,27
27,96
21
75

15,11,9,30
9,11
5,56,86
91,61,50
50
68
39,89
89,39,54,63,5

59,76,61

47,96,62,66
84,38,55
84,58,74
79

48,85

20,95,36,9
28,17
28
28,22,12
22,28
23

61,88,5
88,1,97
88,77

88,4
78,11
87,63,6
61
65,87,43
41,1,38
91,85,37
37,85,91,3
8

60,18
60,18
20,33

45,31,80,11,13
48,37

13,33,5

6
6,35
6,74,98,87
74,6,90,51
90,51

5,37
13
13,78,97,28

99
10

81
81,35,17
17,36,14
76
87,39,2
76
95,63,87,77
27

87,17
17,2,34,76,40
76,40,20
76,38,30
76,40
45
18
64,55,35
35,64,13
64,25
60,27,1,28
31
31,38
31,37,44
6
69
69,87
85,57
85,55
55,48,76
48,55,76
48,76,25
64
30,50,92
75,95

31
22
96,13

20,61,90
3
3,72
2
80,89
8,25
6
6
6,100
100

34,24,73,81


42,100
97

97
30,90
30,42,88,96,20
88,20,42,92
48
48,22
46,94,95
28,86

35,17
17,7
73,52,47
62,29,32
64,72
99,89,88,92,62

59
8,98
24,13,96
13
94
94,3
26,8,3
3
3,23,50,29,48


66,19,21
44,69
79

85
57,10

48,64
16,68,33,25,37
16
16
94,45
41,99,17
69,55,56

55,2
2,55,72,69,93
52,36
37,96,57
66,92
89
89,13
13,89
74
61
43,53,19

97,21
45,5,72


32
32,16
75,27,83
75,83,7
83,2
2,83,38,31

59
83,10
10
19,10
26,27,28,57
76,48
48
98
98,71
8,72,11,57
12,55
85
67,72
8

39
38

8,34,62,43
8,72,2,45
63
63,31,52
31,83,58,20
20,51
56
91,53,94
46
46,10,71,73,3
71,78
22
22,19,29,43
71,72
56
56,12,75
56,12,97
22,6,80,85
22,93
88,30,32
97,77
20
33,41
57,93,19,7,52,69
52,19,7,69,57,93,20
57
86,12,15,69

96,71,82,55,100
48,67,1


34,8

9,70,36
9,36,70,80
59

52
52,22

3,52
79
82
82
82,95
1,10
1,87,86,36,33,20

61,39,64
28,97
26
26,27,45
54
54,59,61,86,27
66,18,48
48,18
6

65,70,95
44,40,64,65
64,65,86
20
37,77,61
43,23
5,46
74
89

1
89,82,77


41,67,76,93,15
41
34
12
62,73,51
73,21,88
28,47
28,93
51,59
32


52,98,96,10,22,50

76

4
4,76,82,55

76,64
64,78,49,68,52
52,78,49,35,3
40
40,88,42,36,24
42,40
30

96
48,17
66,44
64,94

49
60
60,89,93,62
72,56,66,6
6,96
96,1
1,96
74,66
6
6,39
1
1,40
40,1,5,7
12
12,30,23
32
32

73,91
43
44
50,56
56,50
31,24,14


3,69
66,52,33
75,85
1,3,59,38
95,23
95,6
92,86
92,86,44,43,42
86,92,81,21
96,44,69,50
96,50,22
50,96,22,15
32,24,4
32,39
97
6
6,85

34,86
86,34

56,63,59,84,72,77,89
13,42,2
13,83

88,51,33
48
52,67
94
94,28
49
17,6,95
17,51,46

21
93,1,49,59
93,59,1,89
59,86,11
16,71,57
36,65
12
12,8,95
12,14
37
94
3,18,58,55
97,8
49
77,12
56,32

32
66
38
81,99,9

56
44,9,73
44,70
70,44,46

40,25,66

74,65,77,59,53,43
77,14
16

69,44,39
44,69,99
4,46,40,86
4,16
4,71,37,19
6,87
9,29,95
95,50
41,33,84,7,81,77
70,25

16
70
24,13,98
98,13,24,74,23
21,82
33
33,7,99
33,97,20
78,25,45,62
8,49,70
49,38,73,89
70,20,65
63,43

38
38
38,11,74
81
64,74
74,64,55,98
64,55,74
99,50
61
84
63,75,95,59

40,38,59,62
38,100,57
52
52
52,59
59,52
65,60
45,81,28,62,57
81
42,14,45
45,44,69
42,18,69,47
18,47
44,78
47
47,46,89
89,82,80
78
36,17,83,96

31,26

26
9,75
82

62

68
68
40,45,10
10,40
20

55,14,66,59,99
21,68,2

62,20,59
77,44
15,65,5,34
63,20,7
37
37,57,4,33
37,17
17,37
18,8

24
63,71
71,66,60,29
64,70

91,77,57,88
57,88,77,91
19
67
58
58,75

24
24,51,87
50,78
78,50,23,90
80,71
5,52
5,52,71
15

84
21
21,88,94
94,88,21

48,73

66,84,91
66
24,26


87,63
98
71

78,1,59
14,85
85,75,58,42
85,42,58,75
58,5,73
5,32
52
22,13,7
7

4,92,61,87,72
57
94
31,34
54
54
70,59
70
21,25,2
39
24,55,56
78,39
39
27,50,79
27,66,94,9
9,94
94,11,85,7
39,42,70
6
6,45,55,72
91,47
83,78,53,27

37,52
37,52,81
81,38,44

56
91,9
14
14,60,43,86
32
95,63
5,16,99,12
80,75,61
80,6,43
43,59,41
78,60
93,81,42
48
48,64
64,48
5,39,15,27

9,25
35,29,8
16

89,58,53,40
58
58,46,30,74,41
52,90,14
90,14,16,3
14,3
45,59,72,69,89,21,43
60,54,57
60,54,57,56
19,44
94,3
97
97,92,3,66,80
60
27
25
25,71
76
76,8,35,34,49,3,17,100
53,17,73
73,17,53,27
53,17,58
58
58,4
4,58

73,79,44
35
35

39,33
59,82
30
85
56
56,44
49
36
45,37,87,18
87,48,97

84,81
80,93
80,95,50

51

97,1
1,97,55
87,37,61
37,87
87
5,1,4
4,67,5
4,16,26
38,78,46
38,46,78,31,100

68,86,48
99
16
91,53
91,68
70
2
27
70,57
56,26,77
94,21,9,65
9,10,13,58
58,45
19


87
87,89

16
16,93
16,46
78,36
23,40
36
36,60
36,89,35

62,17,87
17,87,62,50
33,44
52,72,36,56
2
90,96
55,82
55
70,43
43,99,26,73
16,66
16,33
9
52,69,62,17
45,99

53,1
55
30,49,24
36,10

38,99
38,26
26,53,11,80,40
15,2,48,10,8,87
33,9
86
79,65
79,65
65,59
67


58,43



14,48,76,33
55,41
63,15,64
64,15,63
64,15,27
27,15,64,98,29
75
23,13,12
33,58
57,51,41,32
41,7,60,95,40,5,65
41,14

53,97,41,10,6,85,7,75
57
57
42
42,1,37,100
1,79


89,27
27,47,59,77,67


71
49,88
17
8
8,41,44,53,47,51
54,21
86,47
86,8,4
86,99
74
74,100,53
52,76

21,94,7
4,87
87,25,89
62
31,26
89

80,69


83,19
83,88,42,22
54

93,34,95,27,62
62
62,29
13
4,94,54
4,94
22
71,33,43
43,71,33,99
71,94
25
25,80
57
45,52
27,21
16,85
16,85,12
51,32
32,39,18
18,77,38,90,35,33,80,97,49
34,37

21,71
44
44,18
94
98

76,7
76,81
73

18,27
67,7
7,67,47
67,44,33,47
42,62,1,97
42,97

71,62,92
71
31,35,96
96,12,58
27,64
27
27,99,11
11,99
56,35,28
35,20
9


76,2
35

83,58,9
9,34,74,2
9,2,74,11
3,65,40,45,69
3,40
3,40,33
3,33

82,92,93,66,76,19

66,33,67
53,81
81
81,10,34
81,32,67
67,81,7,1
81,34,86,55
80,96
29,26
30
73,60
73,60,63,35

89,63
67

95,50,46
95,46

94,39,44
39,94
94,23
94,23,80

50,60,28
83,35,19
31,15,63


71,56,68

6,40
99

1,64,80,98
66,3,8,19
66,52,28


40

44,19
98
98,78,25
31,2,34,82
75,87,21
87,30

31
95,47,25
54,2
16
16,28,9

28,43,70
66
47
47,97
100
84,10
53
11,68
1,90
1,77,35
88,86
88,3

17,55
17,39,70
17,39,70,71

46
60
60,34
43
43,1,81

83


52,32,49,56,83,28
18,32,47
68,86
55,6,25
50,24
24
2

53,10,27
37,14

57,11
13
4,65,35,80
65,80
35
62

74
1
1,7
72,89
17,57

61,24
24,61,43,26
24,43
55

34
34,83,65,71

86
86,87,41,40
87,40,8
40
27,51,63,85,45
27,94,71,77
44,48,95
21,71
74,48

69,72
72,4,70,52,78
75
79
79,25

32
85,14,86
43,88
88
11
69,18
21,57

45
49
8
53,68,81
29,37,8,13
97,14
97,60,30
6
94
75
75
37
37,70

84
84,81

35
50
14,60
60,14
60

61
48,1
97
97,22
97,13
31
31,63,86
43,91
91,96,38,23
33,78
24,61,22
13,66
72

46,87

13,89,20
89,20,13
20,85
10
85,72,12
68,2
41
41,25,6
41,25
28,52,74
28,18,2
28,2,18,70,79,4
92,9,1
14
14,26
7,11
82,42,13,95
42,95,89,77
89,95,100
80,85
80,77
35
33

11,53,27,41


40,55,37
55,26,6
3
3,19,60
1,47,4
56

86,72,57,87

52
52,35,99
35
20,84
9
79

19,4,1
66
73,74
4
67
67,48

68,88
91,19
82
33,42
76,69
76,87,26

85,56,40
40,85,45,8,66
40
35,21
35,32
54,66
54,66
32,5,70,20
20,32
32,86
32,86,70
86,70,32,75
86,55,89,82
98
98,40,44
98,40,44,17,28
28,9
82
48
32
96
18
11
34,79
65
53
53,43,26,79,8,96
79,3
4

61
61,87
89,45,82
21,72,50
71
97,78
79,36
62,7
32
32,29,71,53,86
86,35
86,35
81,20
26,53,76
2,59,14,48
70,21,10,74
19,11,90
23,35
23,35,97
23,35,97,63
69
69,34,100
34,32,17
39
34
34,28,12,83

57
11,83,50

86,63,30,52,11
63
53
31
31,80
88
11
11
11,24
44
54
18,99


45,48,97
97,45,87,2
87,39,84
93,44

17
18,82,69
21
72,71,85
50,4,48,15

20,60,94,39
39
83
41
41,61
29,26
60
60,54,40
42

34
29
29,50,33
12

27,9,63
27,56

75,64
64,75,72
91,50
50,24,80
