name,x,y,cluster
p3302,0.781,0.278,0
p3365,0.659,0.227,0
p3767,0.799,0.298,0
p4658,0.822,0.264,0
p3763,0.741,0.269,0
p4625,0.717,0.217,0
p2909,0.81,0.344,0
p4015,0.789,0.287,0
p3741,0.762,0.256,0
p3808,0.823,0.405,0
p4035,0.632,0.219,0
p2874,0.795,0.294,0
p3775,0.763,0.292,0
p2853,0.741,0.23,0
p4671,0.822,0.277,0
p3762,0.78,0.272,0
p3296,0.81,0.29,0
p2934,0.812,0.394,0
p3301,0.792,0.287,0
p2837,0.713,0.218,0
p2888,0.781,0.303,0
p4382,0.73,0.239,0
p3788,0.798,0.33,0
p3986,0.825,0.404,0
p3281,0.803,0.3,0
p4644,0.787,0.287,0
p3756,0.759,0.252,0
p4003,0.806,0.325,0
p3383,0.666,0.223,0
p4376,0.67,0.244,0
p2883,0.794,0.249,0
p3805,0.81,0.372,0
p2873,0.761,0.26,0
p4021,0.751,0.284,0
p3695,0.645,0.254,0
p3377,0.655,0.221,0
p3317,0.759,0.281,0
p3267,0.826,0.355,0
p3349,0.712,0.225,0
p3698,0.636,0.251,0
p4661,0.829,0.289,0
p2896,0.79,0.323,0
p3744,0.734,0.221,0
p3313,0.757,0.287,0
p4654,0.812,0.259,0
p3261,0.821,0.324,0
p3325,0.755,0.282,0
p4016,0.773,0.282,0
p3320,0.759,0.271,0
p4659,0.809,0.255,0
p2975,0.804,0.435,0
p3272,0.809,0.345,0
p4006,0.815,0.297,0
p2901,0.786,0.316,0
p2954,0.788,0.363,0
p3305,0.778,0.283,0
p4653,0.806,0.241,0
p3757,0.76,0.279,0
p4375,0.688,0.199,0
p4649,0.799,0.227,0
p3712,0.668,0.245,0
p4023,0.746,0.257,0
p3812,0.825,0.396,0
p3774,0.774,0.324,0
p3772,0.781,0.318,0
p4024,0.753,0.225,0
p3720,0.721,0.245,0
p3817,0.804,0.377,0
p4399,0.69,0.202,0
p4421,0.644,0.206,0
p4688,0.835,0.35,0
p3354,0.698,0.24,0
p3287,0.771,0.322,0
p4695,0.818,0.386,0
p3342,0.729,0.19,0
p4039,0.636,0.238,0
p3382,0.648,0.189,0
p4632,0.779,0.202,0
p4680,0.808,0.303,0
p3334,0.76,0.229,0
p4387,0.691,0.228,0
p2834,0.715,0.25,0
p3371,0.672,0.215,0
p4367,0.654,0.236,0
p4697,0.832,0.332,0
p4363,0.643,0.257,0
p3732,0.741,0.222,0
p2940,0.816,0.363,0
p3355,0.697,0.233,0
p2848,0.732,0.231,0
p2942,0.809,0.367,0
p3233,0.832,0.414,0
p3996,0.796,0.354,0
p3826,0.827,0.427,0
p3786,0.78,0.358,0
p2969,0.818,0.433,0
p2919,0.802,0.358,0
p3294,0.787,0.287,0
p3329,0.719,0.248,0
p3677,0.63,0.266,0
p3715,0.668,0.22,0
p3306,0.787,0.299,0
p2903,0.79,0.308,0
p3292,0.805,0.31,0
p3746,0.752,0.197,0
p4041,0.639,0.188,0
p2852,0.732,0.294,0
p2928,0.798,0.346,0
p3364,0.683,0.227,0
p3700,0.656,0.254,0
p4385,0.692,0.234,0
p4640,0.789,0.226,0
p4672,0.808,0.312,0
p3260,0.793,0.307,0
p2937,0.813,0.399,0
p4619,0.668,0.197,0
p3800,0.801,0.35,0
p4392,0.69,0.242,0
p2964,0.824,0.408,0
p3804,0.825,0.403,0
p3278,0.81,0.328,0
p3268,0.797,0.337,0
p4622,0.637,0.165,0
p2887,0.793,0.284,0
p2907,0.775,0.314,0
p3348,0.701,0.224,0
p3356,0.685,0.239,0
p4018,0.763,0.254,0
p2916,0.805,0.307,0
p3766,0.751,0.279,0
p2893,0.76,0.29,0
p2974,0.827,0.435,0
p4027,0.741,0.205,0
p2867,0.778,0.223,0
p2882,0.766,0.27,0
p4380,0.716,0.205,0
p3794,0.812,0.361,0
p4678,0.812,0.324,0
p3239,0.816,0.4,0
p3218,0.842,0.419,0
p3731,0.725,0.207,0
p3274,0.798,0.339,0
p3707,0.676,0.239,0
p3220,0.827,0.416,0
p2902,0.783,0.295,0
p4624,0.714,0.206,0
p2849,0.735,0.285,0
p2914,0.82,0.317,0
p3818,0.822,0.379,0
p4647,0.769,0.226,0
p3275,0.802,0.325,0
p4698,0.823,0.372,0
p3297,0.797,0.275,0
p3778,0.812,0.331,0
p4000,0.813,0.294,0
p4635,0.747,0.221,0
p3759,0.77,0.249,0
p3787,0.793,0.351,0
p3807,0.813,0.412,0
p2931,0.809,0.347,0
p2897,0.781,0.279,0
p4034,0.728,0.242,0
p4618,0.662,0.19,0
p3790,0.804,0.375,0
p3765,0.776,0.282,0
p4676,0.82,0.321,0
p3709,0.674,0.199,0
p3222,0.851,0.402,0
p2875,0.751,0.268,0
p3993,0.792,0.36,0
p3237,0.842,0.408,0
p2829,0.644,0.244,0
p4666,0.803,0.302,0
p3353,0.701,0.236,0
p3810,0.804,0.418,0
p4389,0.71,0.221,0
p3271,0.824,0.337,0
p3259,0.784,0.37,0
p4638,0.777,0.234,0
p4408,0.686,0.181,0
p2941,0.826,0.348,0
p3339,0.726,0.264,0
p3290,0.814,0.341,0
p3286,0.805,0.333,0
p2880,0.753,0.258,0
p3830,0.818,0.421,0
p3291,0.794,0.314,0
p3234,0.815,0.405,0
p2957,0.841,0.419,0
p4623,0.725,0.193,0
p3370,0.698,0.21,0
p3760,0.765,0.253,0
p3984,0.818,0.427,0
p3270,0.824,0.325,0
p3326,0.776,0.257,0
p4373,0.686,0.233,0
p4404,0.723,0.248,0
p4705,0.826,0.423,0
p2932,0.84,0.347,0
p3835,0.801,0.409,0
p3293,0.801,0.339,0
p2908,0.801,0.288,0
p3375,0.67,0.194,0
p3344,0.726,0.258,0
p3743,0.753,0.224,0
p4368,0.668,0.236,0
p3735,0.735,0.243,0
p3318,0.744,0.29,0
p2978,0.836,0.433,0
p3692,0.662,0.237,0
p3749,0.769,0.238,0
p2900,0.784,0.31,0
p4029,0.707,0.211,0
p3791,0.791,0.343,0
p3247,0.832,0.385,0
p4662,0.779,0.27,0
p3689,0.636,0.229,0
p3367,0.684,0.244,0
p3314,0.773,0.287,0
p4362,0.652,0.236,0
p2856,0.748,0.254,0
p2878,0.756,0.269,0
p3773,0.768,0.305,0
p2966,0.842,0.417,0
p4414,0.684,0.216,0
p3980,0.832,0.431,0
p3727,0.736,0.203,0
p4374,0.68,0.236,0
p4675,0.831,0.326,0
p3819,0.803,0.424,0
p4636,0.777,0.21,0
p3341,0.736,0.234,0
p3369,0.665,0.221,0
p4690,0.806,0.387,0
p2956,0.83,0.382,0
p3783,0.79,0.331,0
p2841,0.738,0.235,0
p3831,0.813,0.393,0
p4417,0.692,0.187,0
p3785,0.79,0.347,0
p3706,0.677,0.261,0
p3388,0.633,0.229,0
p3346,0.703,0.212,0
p4014,0.782,0.305,0
p2959,0.828,0.414,0
p3288,0.798,0.306,0
p3283,0.796,0.318,0
p3331,0.745,0.227,0
p2885,0.762,0.287,0
p3241,0.838,0.398,0
p2918,0.792,0.329,0
p2958,0.846,0.413,0
p4621,0.668,0.181,0
p3359,0.676,0.176,0
p4033,0.706,0.25,0
p3242,0.842,0.392,0
p2865,0.755,0.264,0
p2948,0.817,0.368,0
p2881,0.788,0.298,0
p4030,0.709,0.211,0
p4390,0.742,0.225,0
p2843,0.739,0.251,0
p4017,0.785,0.266,0
p4682,0.809,0.349,0
p3246,0.83,0.363,0
p4683,0.847,0.327,0
p2963,0.828,0.429,0
p3328,0.784,0.27,0
p3708,0.665,0.237,0
p4397,0.718,0.204,0
p3256,0.813,0.386,0
p3771,0.75,0.306,0
p3249,0.817,0.388,0
p3257,0.834,0.362,0
p2944,0.83,0.366,0
p2936,0.786,0.339,0
p3714,0.719,0.225,0
p2891,0.782,0.266,0
p2889,0.774,0.28,0
p3809,0.813,0.358,0
p2898,0.773,0.306,0
p2926,0.794,0.273,0
p4646,0.807,0.26,0
p3711,0.648,0.24,0
p3374,0.647,0.226,0
p3989,0.83,0.405,0
p2876,0.751,0.278,0
p3361,0.71,0.249,0
p4370,0.658,0.218,0
p3226,0.849,0.414,0
p3300,0.798,0.289,0
p3990,0.815,0.419,0
p2925,0.815,0.333,0
p3304,0.772,0.279,0
p3345,0.705,0.247,0
p3243,0.851,0.399,0
p3768,0.77,0.257,0
p3280,0.793,0.335,0
p3363,0.725,0.233,0
p4416,0.676,0.193,0
p4701,0.808,0.38,0
p3789,0.786,0.373,0
p4396,0.712,0.214,0
p3816,0.821,0.422,0
p4371,0.652,0.264,0
p4628,0.712,0.226,0
p3995,0.801,0.344,0
p3251,0.827,0.393,0
p4620,0.65,0.194,0
p3254,0.803,0.365,0
p2912,0.805,0.325,0
p3357,0.684,0.235,0
p4372,0.688,0.184,0
p4639,0.764,0.219,0
p4660,0.787,0.274,0
p3739,0.717,0.245,0
p2855,0.741,0.229,0
p4391,0.704,0.195,0
p4025,0.762,0.273,0
p3745,0.751,0.217,0
p3752,0.765,0.243,0
p3724,0.71,0.259,0
p3999,0.806,0.372,0
p4009,0.78,0.282,0
p3718,0.684,0.258,0
p3258,0.831,0.362,0
p4401,0.695,0.209,0
p3751,0.759,0.267,0
p3761,0.759,0.276,0
p2858,0.732,0.298,0
p3262,0.796,0.378,0
p3248,0.818,0.376,0
p2860,0.754,0.232,0
p3719,0.687,0.253,0
p2844,0.738,0.226,0
p2939,0.797,0.356,0
p3704,0.671,0.259,0
p3799,0.822,0.368,0
p3273,0.816,0.347,0
p3736,0.732,0.239,0
p3738,0.742,0.213,0
p3245,0.827,0.375,0
p2906,0.801,0.312,0
p2857,0.754,0.24,0
p4699,0.834,0.408,0
p2866,0.783,0.231,0
p2968,0.83,0.417,0
p3753,0.725,0.263,0
p4012,0.792,0.317,0
p3795,0.793,0.36,0
p2872,0.765,0.298,0
p4696,0.85,0.385,0
p4360,0.666,0.237,0
p3250,0.819,0.34,0
p4691,0.823,0.338,0
p3337,0.711,0.228,0
p3319,0.765,0.263,0
p3730,0.732,0.28,0
p3335,0.746,0.217,0
p4685,0.831,0.317,0
p2850,0.739,0.211,0
p3769,0.778,0.311,0
p2871,0.727,0.263,0
p3252,0.803,0.335,0
p4668,0.799,0.305,0
p4684,0.814,0.317,0
p3289,0.792,0.29,0
p3312,0.762,0.305,0
p3994,0.816,0.348,0
p3333,0.727,0.239,0
p4673,0.799,0.29,0
p2911,0.798,0.331,0
p4002,0.806,0.291,0
p4645,0.79,0.231,0
p4004,0.787,0.323,0
p4022,0.758,0.253,0
p2862,0.746,0.24,0
p3670,0.629,0.282,0
p3716,0.691,0.245,0
p3806,0.806,0.381,0
p2886,0.788,0.24,0
p4648,0.809,0.22,0
p3310,0.786,0.295,0
p2967,0.815,0.422,0
p3343,0.702,0.274,0
p4020,0.782,0.261,0
p2913,0.798,0.326,0
p3681,0.629,0.282,0
p4395,0.721,0.204,0
p4706,0.836,0.414,0
p2835,0.702,0.245,0
p3230,0.799,0.442,0
p3316,0.781,0.278,0
p3991,0.81,0.433,0
p2938,0.804,0.341,0
p3228,0.81,0.422,0
p3266,0.813,0.351,0
p4631,0.782,0.224,0
p2826,0.644,0.2,0
p3231,0.846,0.427,0
p4657,0.812,0.253,0
p3332,0.741,0.221,0
p3360,0.684,0.193,0
p2842,0.71,0.259,0
p2905,0.783,0.295,0
p3987,0.839,0.429,0
p4420,0.647,0.209,0
p2921,0.797,0.325,0
p4040,0.642,0.202,0
p2895,0.767,0.288,0
p3298,0.792,0.289,0
p4704,0.819,0.433,0
p3684,0.642,0.26,0
p4405,0.727,0.222,0
p3792,0.798,0.367,0
p3801,0.791,0.388,0
p3777,0.753,0.338,0
p3295,0.785,0.295,0
p4364,0.663,0.209,0
p4398,0.717,0.211,0
p2899,0.798,0.293,0
p3701,0.671,0.277,0
p4365,0.692,0.265,0
p3362,0.686,0.217,0
p2923,0.81,0.339,0
p3728,0.718,0.187,0
p3303,0.758,0.287,0
p3722,0.753,0.271,0
p3803,0.803,0.355,0
p3776,0.784,0.349,0
p4393,0.713,0.194,0
p2953,0.825,0.42,0
p2836,0.695,0.23,0
p3253,0.825,0.356,0
p4686,0.835,0.348,0
p3747,0.753,0.23,0
p3755,0.769,0.271,0
p4377,0.696,0.204,0
p3725,0.707,0.227,0
p3811,0.812,0.407,0
p4652,0.79,0.238,0
p4357,0.638,0.255,0
p4710,0.835,0.415,0
p2929,0.799,0.341,0
p4388,0.704,0.222,0
p4409,0.709,0.219,0
p3737,0.741,0.234,0
p4032,0.712,0.226,0
p3379,0.652,0.211,0
p3699,0.635,0.225,0
p3368,0.669,0.261,0
p2832,0.728,0.21,0
p4412,0.684,0.226,0
p3236,0.821,0.414,0
p4008,0.776,0.282,0
p2946,0.816,0.4,0
p3235,0.823,0.397,0
p2892,0.784,0.3,0
p3705,0.654,0.257,0
p3815,0.816,0.404,0
p4394,0.7,0.218,0
p3340,0.7,0.256,0
p4423,0.655,0.223,0
p2870,0.775,0.266,0
p4617,0.67,0.208,0
p3338,0.727,0.232,0
p2951,0.833,0.389,0
p4005,0.812,0.322,0
p4651,0.784,0.254,0
p3784,0.777,0.351,0
p2845,0.712,0.232,0
p3299,0.78,0.278,0
p2861,0.764,0.24,0
p2952,0.831,0.419,0
p4406,0.691,0.204,0
p3378,0.63,0.242,0
p4369,0.662,0.213,0
p4669,0.791,0.305,0
p2976,0.84,0.421,0
p3381,0.66,0.203,0
p4001,0.804,0.313,0
p2879,0.762,0.291,0
p3352,0.706,0.226,0
p3693,0.638,0.249,0
p4627,0.718,0.188,0
p3330,0.741,0.226,0
p3733,0.743,0.272,0
p4687,0.813,0.341,0
p3321,0.771,0.27,0
p4386,0.715,0.225,0
p3797,0.814,0.351,0
p3347,0.708,0.238,0
p3372,0.671,0.217,0
p3238,0.837,0.417,0
p2838,0.708,0.231,0
p3764,0.776,0.337,0
p4366,0.663,0.23,0
p3726,0.731,0.249,0
p2930,0.818,0.365,0
p2884,0.757,0.273,0
p2927,0.821,0.343,0
p4637,0.79,0.225,0
p3798,0.814,0.386,0
p2847,0.764,0.255,0
p2846,0.751,0.241,0
p4616,0.667,0.215,0
p2877,0.771,0.255,0
p2894,0.785,0.297,0
p3351,0.711,0.239,0
p3232,0.835,0.401,0
p3802,0.809,0.362,0
p4410,0.689,0.197,0
p3723,0.721,0.237,0
p3366,0.686,0.218,0
p3376,0.666,0.229,0
p4630,0.775,0.196,0
p3322,0.751,0.265,0
p3350,0.714,0.222,0
p4419,0.691,0.192,0
p4702,0.842,0.403,0
p4383,0.719,0.206,0
p3997,0.809,0.361,0
p2933,0.818,0.368,0
p3263,0.808,0.311,0
p3781,0.771,0.328,0
p3822,0.817,0.407,0
p2854,0.759,0.247,0
p4379,0.714,0.232,0
p4692,0.826,0.329,0
p3713,0.69,0.211,0
p3779,0.774,0.305,0
p2960,0.839,0.414,0
p3813,0.812,0.421,0
p2924,0.793,0.331,0
p2947,0.814,0.354,0
p3703,0.637,0.248,0
p2950,0.83,0.377,0
p2864,0.76,0.263,0
p3770,0.772,0.305,0
p3308,0.761,0.294,0
p4378,0.709,0.23,0
p4665,0.799,0.28,0
p4407,0.706,0.233,0
p2943,0.824,0.394,0
p4679,0.852,0.353,0
p4402,0.696,0.208,0
p2839,0.704,0.226,0
p3269,0.801,0.337,0
p3244,0.814,0.404,0
p4010,0.81,0.306,0
p3748,0.793,0.236,0
p2863,0.73,0.25,0
p3992,0.822,0.411,0
p3702,0.633,0.257,0
p3721,0.716,0.253,0
p4031,0.695,0.266,0
p2917,0.801,0.336,0
p4693,0.807,0.387,0
p3225,0.824,0.414,0
p3307,0.79,0.302,0
p4413,0.66,0.216,0
p3265,0.821,0.34,0
p4007,0.805,0.254,0
p2935,0.79,0.363,0
p3373,0.648,0.232,0
p3384,0.641,0.23,0
p3734,0.752,0.254,0
p2904,0.806,0.311,0
p4381,0.71,0.207,0
p3828,0.83,0.405,0
p4358,0.663,0.253,0
p4019,0.783,0.264,0
p3276,0.795,0.344,0
p3285,0.809,0.311,0
p2965,0.815,0.437,0
p3277,0.785,0.328,0
p3323,0.723,0.261,0
p2890,0.78,0.276,0
p2910,0.792,0.326,0
p4411,0.695,0.21,0
p3710,0.658,0.24,0
p2920,0.804,0.309,0
p4028,0.689,0.217,0
p4689,0.809,0.362,0
p4415,0.681,0.227,0
p4629,0.711,0.202,0
p2961,0.836,0.422,0
p3793,0.787,0.39,0
p4418,0.685,0.207,0
p4677,0.817,0.353,0
p4634,0.763,0.196,0
p4036,0.668,0.221,0
p3279,0.787,0.313,0
p3223,0.829,0.422,0
p4656,0.775,0.241,0
p3696,0.654,0.274,0
p2973,0.839,0.433,0
p3754,0.746,0.236,0
p4642,0.786,0.25,0
p3694,0.661,0.261,0
p3820,0.84,0.413,0
p2831,0.648,0.241,0
p4037,0.647,0.195,0
p3742,0.743,0.249,0
p2851,0.721,0.252,0
p3697,0.639,0.255,0
p2828,0.645,0.287,0
p4667,0.816,0.302,0
p2949,0.816,0.372,0
p3255,0.796,0.378,0
p4026,0.741,0.264,0
p4403,0.695,0.224,0
p4643,0.769,0.2,0
p4424,0.632,0.228,0
p2922,0.777,0.321,0
p2840,0.717,0.259,0
p3824,0.778,0.391,0
p2915,0.812,0.288,0
p3780,0.775,0.388,0
p4400,0.724,0.186,0
p4708,0.824,0.419,0
p4011,0.834,0.313,0
p4655,0.797,0.261,0
p3240,0.822,0.362,0
p3758,0.743,0.306,0
p4013,0.804,0.323,0
p2859,0.746,0.269,0
p3264,0.815,0.34,0
p4641,0.767,0.258,0
p3358,0.709,0.234,0
p4664,0.807,0.285,0
p4681,0.795,0.336,0
p4694,0.838,0.369,0
p2869,0.757,0.27,0
p3796,0.787,0.354,0
p4384,0.709,0.242,0
p3782,0.793,0.341,0
p2955,0.826,0.405,0
p3336,0.724,0.233,0
p4650,0.767,0.224,0
p3750,0.75,0.234,0
p4674,0.819,0.316,0
p3282,0.793,0.306,0
p4361,0.645,0.255,0
p3315,0.751,0.263,0
p4663,0.811,0.238,0
p3324,0.756,0.247,0
p4633,0.756,0.269,0
p4670,0.806,0.293,0
p2833,0.69,0.231,0
p3717,0.696,0.232,0
p3309,0.775,0.269,0
p2868,0.76,0.28,0
p3740,0.725,0.24,0
p3311,0.763,0.28,0
p3327,0.77,0.238,0
p3814,0.816,0.397,0
p3998,0.825,0.366,0
p2962,0.832,0.398,0
p2945,0.808,0.386,0
p3284,0.797,0.316,0
p4626,0.733,0.208,0
p3729,0.744,0.239,0
p2358,0.543,0.827,1
p1805,0.42,0.858,1
p1693,0.535,0.809,1
p1014,0.52,0.827,1
p1028,0.496,0.853,1
p2333,0.583,0.788,1
p1797,0.424,0.855,1
p1169,0.564,0.744,1
p1759,0.488,0.846,1
p2340,0.571,0.819,1
p2395,0.451,0.862,1
p1187,0.562,0.739,1
p926,0.426,0.882,1
p1133,0.55,0.757,1
p1178,0.558,0.724,1
p2284,0.569,0.752,1
p1030,0.479,0.861,1
p2295,0.608,0.76,1
p1813,0.418,0.854,1
p1019,0.489,0.831,1
p1044,0.525,0.853,1
p1142,0.571,0.796,1
p1673,0.525,0.789,1
p2344,0.557,0.839,1
p954,0.469,0.852,1
p1031,0.53,0.85,1
p1046,0.517,0.826,1
p1180,0.575,0.733,1
p915,0.435,0.895,1
p1656,0.599,0.768,1
p1041,0.5,0.855,1
p1632,0.584,0.744,1
p1746,0.477,0.855,1
p1000,0.483,0.829,1
p1666,0.574,0.795,1
p1141,0.569,0.767,1
p1719,0.523,0.842,1
p1768,0.453,0.835,1
p1653,0.563,0.743,1
p1126,0.552,0.763,1
p2283,0.615,0.786,1
p1714,0.522,0.849,1
p1696,0.541,0.8,1
p2401,0.459,0.86,1
p1154,0.579,0.739,1
p2323,0.585,0.842,1
p1725,0.5,0.807,1
p1164,0.562,0.765,1
p2359,0.567,0.838,1
p975,0.457,0.851,1
p1003,0.516,0.868,1
p1118,0.561,0.792,1
p2406,0.44,0.885,1
p909,0.416,0.846,1
p2286,0.598,0.765,1
p2397,0.458,0.864,1
p986,0.459,0.859,1
p898,0.422,0.852,1
p983,0.463,0.883,1
p1801,0.433,0.853,1
p1063,0.515,0.805,1
p1672,0.574,0.776,1
p1732,0.484,0.81,1
p1100,0.571,0.777,1
p1738,0.491,0.846,1
p1775,0.466,0.868,1
p906,0.439,0.872,1
p1166,0.575,0.749,1
p1814,0.422,0.86,1
p2420,0.418,0.867,1
p1110,0.542,0.788,1
p959,0.454,0.857,1
p1795,0.425,0.843,1
p2427,0.425,0.886,1
p939,0.463,0.863,1
p953,0.459,0.901,1
p1749,0.482,0.843,1
p2338,0.553,0.865,1
p1107,0.533,0.768,1
p2389,0.458,0.891,1
p2348,0.538,0.866,1
p1045,0.511,0.839,1
p2396,0.454,0.889,1
p2278,0.598,0.747,1
p1078,0.541,0.775,1
p1171,0.565,0.731,1
p1767,0.473,0.835,1
p998,0.477,0.821,1
p1099,0.558,0.794,1
p2413,0.427,0.89,1
p1726,0.5,0.836,1
p1116,0.577,0.795,1
p1734,0.512,0.807,1
p1111,0.539,0.781,1
p1175,0.561,0.743,1
p2360,0.521,0.848,1
p1002,0.482,0.816,1
p1091,0.552,0.783,1
p1715,0.526,0.858,1
p1082,0.553,0.794,1
p1817,0.418,0.863,1
p970,0.461,0.86,1
p1704,0.523,0.794,1
p1157,0.568,0.741,1
p965,0.457,0.87,1
p1753,0.495,0.851,1
p2328,0.583,0.838,1
p1170,0.554,0.741,1
p1747,0.508,0.847,1
p1811,0.425,0.861,1
p1090,0.532,0.781,1
p1647,0.578,0.752,1
p1092,0.551,0.758,1
p1781,0.445,0.87,1
p1158,0.567,0.731,1
p1057,0.527,0.822,1
p1074,0.518,0.803,1
p1102,0.552,0.787,1
p1686,0.567,0.773,1
p2384,0.477,0.86,1
p1051,0.504,0.819,1
p989,0.507,0.848,1
p2398,0.449,0.906,1
p2289,0.576,0.757,1
p935,0.418,0.837,1
p1058,0.508,0.792,1
p2291,0.612,0.765,1
p2400,0.455,0.878,1
p1005,0.499,0.825,1
p1168,0.593,0.767,1
p2303,0.589,0.784,1
p1010,0.477,0.846,1
p1751,0.473,0.835,1
p1151,0.581,0.752,1
p1113,0.552,0.793,1
p1707,0.528,0.8,1
p1167,0.579,0.762,1
p2317,0.578,0.84,1
p1160,0.568,0.753,1
p912,0.422,0.866,1
p2372,0.516,0.867,1
p1120,0.537,0.79,1
p1130,0.558,0.759,1
p2312,0.586,0.827,1
p1794,0.432,0.886,1
p1053,0.52,0.816,1
p1156,0.549,0.756,1
p1756,0.494,0.832,1
p1059,0.543,0.813,1
p1001,0.484,0.831,1
p1115,0.538,0.781,1
p1786,0.439,0.852,1
p1096,0.563,0.749,1
p2285,0.581,0.778,1
p1185,0.549,0.768,1
p932,0.46,0.852,1
p908,0.431,0.873,1
p918,0.434,0.855,1
p1066,0.541,0.829,1
p1771,0.455,0.848,1
p1084,0.542,0.79,1
p1758,0.5,0.858,1
p1662,0.548,0.771,1
p1762,0.466,0.894,1
p1121,0.565,0.775,1
p974,0.453,0.89,1
p2301,0.584,0.755,1
p1093,0.543,0.793,1
p905,0.428,0.831,1
p1043,0.515,0.836,1
p2336,0.559,0.851,1
p1710,0.524,0.799,1
p1730,0.489,0.819,1
p1691,0.563,0.763,1
p1079,0.549,0.798,1
p2320,0.583,0.822,1
p2402,0.432,0.89,1
p1060,0.516,0.799,1
p1740,0.485,0.828,1
p1807,0.42,0.855,1
p1190,0.58,0.735,1
p1050,0.52,0.814,1
p1139,0.578,0.781,1
p1135,0.578,0.743,1
p2302,0.584,0.794,1
p2369,0.525,0.841,1
p1706,0.545,0.822,1
p1204,0.577,0.732,1
p1056,0.512,0.83,1
p1793,0.426,0.847,1
p2307,0.607,0.813,1
p2421,0.431,0.905,1
p976,0.456,0.854,1
p1094,0.558,0.777,1
p1669,0.58,0.78,1
p1698,0.546,0.769,1
p925,0.427,0.865,1
p2361,0.509,0.841,1
p1153,0.558,0.784,1
p1809,0.424,0.836,1
p1124,0.548,0.776,1
p1054,0.526,0.84,1
p2313,0.588,0.823,1
p982,0.448,0.838,1
p938,0.423,0.873,1
p1077,0.532,0.818,1
p1763,0.464,0.859,1
p1150,0.576,0.769,1
p914,0.463,0.868,1
p1025,0.505,0.86,1
p2386,0.475,0.87,1
p951,0.451,0.858,1
p1652,0.572,0.754,1
p999,0.475,0.832,1
p2390,0.466,0.867,1
p1748,0.471,0.83,1
p928,0.445,0.88,1
p1761,0.47,0.82,1
p1664,0.577,0.784,1
p1087,0.542,0.78,1
p2350,0.559,0.86,1
p1026,0.514,0.844,1
p1065,0.535,0.803,1
p2288,0.596,0.75,1
p1791,0.426,0.846,1
p1724,0.506,0.81,1
p2330,0.57,0.8,1
p1690,0.546,0.776,1
p1145,0.567,0.763,1
p1125,0.553,0.776,1
p1773,0.483,0.849,1
p1101,0.549,0.77,1
p2405,0.457,0.88,1
p2297,0.599,0.752,1
p978,0.474,0.847,1
p933,0.431,0.861,1
p1086,0.536,0.804,1
p1764,0.491,0.851,1
p2381,0.473,0.879,1
p1660,0.525,0.735,1
p1083,0.535,0.808,1
p2373,0.53,0.862,1
p1023,0.484,0.855,1
p2292,0.596,0.754,1
p2379,0.507,0.841,1
p1787,0.428,0.867,1
p1783,0.45,0.867,1
p973,0.456,0.839,1
p997,0.452,0.862,1
p1709,0.512,0.829,1
p1727,0.521,0.84,1
p1780,0.449,0.858,1
p1064,0.544,0.801,1
p980,0.474,0.83,1
p2335,0.566,0.839,1
p1779,0.452,0.853,1
p1790,0.45,0.904,1
p1803,0.417,0.859,1
p1027,0.505,0.815,1
p2315,0.593,0.808,1
p941,0.442,0.863,1
p1103,0.552,0.768,1
p2321,0.605,0.803,1
p1048,0.534,0.824,1
p1174,0.567,0.735,1
p1136,0.544,0.765,1
p1098,0.54,0.789,1
p1798,0.438,0.857,1
p1055,0.52,0.808,1
p964,0.472,0.89,1
p1765,0.465,0.857,1
p988,0.453,0.882,1
p1705,0.55,0.794,1
p1209,0.587,0.74,1
p1671,0.571,0.739,1
p1754,0.489,0.83,1
p1649,0.576,0.739,1
p945,0.452,0.864,1
p987,0.484,0.875,1
p2332,0.548,0.812,1
p2376,0.505,0.876,1
p1052,0.518,0.818,1
p1689,0.576,0.762,1
p1016,0.489,0.815,1
p1741,0.506,0.867,1
p1020,0.507,0.852,1
p1802,0.419,0.881,1
p1182,0.552,0.762,1
p1678,0.573,0.744,1
p1745,0.478,0.789,1
p2280,0.609,0.747,1
p2363,0.533,0.873,1
p2408,0.445,0.855,1
p1785,0.433,0.879,1
p2304,0.592,0.805,1
p2305,0.583,0.802,1
p1776,0.454,0.852,1
p2356,0.561,0.866,1
p2367,0.502,0.854,1
p1070,0.528,0.828,1
p1105,0.518,0.783,1
p950,0.449,0.88,1
p1722,0.515,0.814,1
p1774,0.469,0.867,1
p1029,0.504,0.81,1
p2371,0.539,0.82,1
p2370,0.509,0.871,1
p1668,0.548,0.762,1
p2388,0.482,0.875,1
p958,0.437,0.861,1
p1143,0.552,0.769,1
p1760,0.453,0.836,1
p2337,0.577,0.833,1
p1667,0.552,0.785,1
p1081,0.524,0.798,1
p2366,0.512,0.866,1
p2327,0.598,0.82,1
p2392,0.477,0.888,1
p2346,0.557,0.842,1
p1127,0.544,0.768,1
p995,0.492,0.824,1
p1181,0.581,0.752,1
p2364,0.538,0.834,1
p924,0.431,0.877,1
p1736,0.519,0.817,1
p962,0.452,0.83,1
p1721,0.52,0.826,1
p969,0.448,0.863,1
p985,0.48,0.89,1
p1006,0.493,0.823,1
p1755,0.461,0.807,1
p2378,0.506,0.858,1
p2407,0.433,0.882,1
p1015,0.498,0.828,1
p1137,0.57,0.761,1
p917,0.43,0.893,1
p1172,0.576,0.767,1
p1109,0.543,0.785,1
p929,0.423,0.845,1
p2362,0.542,0.837,1
p936,0.436,0.855,1
p966,0.435,0.892,1
p1038,0.515,0.868,1
p1095,0.574,0.794,1
p2322,0.564,0.833,1
p1075,0.548,0.772,1
p1766,0.464,0.853,1
p1827,0.425,0.848,1
p963,0.473,0.88,1
p2339,0.557,0.808,1
p1122,0.548,0.803,1
p1699,0.538,0.81,1
p2311,0.574,0.836,1
p967,0.441,0.881,1
p1679,0.575,0.745,1
p1796,0.424,0.881,1
p2383,0.487,0.887,1
p921,0.442,0.871,1
p991,0.467,0.842,1
p1013,0.511,0.845,1
p1676,0.547,0.766,1
p1040,0.491,0.816,1
p2410,0.418,0.864,1
p961,0.468,0.827,1
p1007,0.494,0.852,1
p1073,0.525,0.8,1
p1068,0.488,0.786,1
p2276,0.591,0.744,1
p981,0.481,0.866,1
p1663,0.572,0.749,1
p2394,0.474,0.848,1
p994,0.457,0.855,1
p1657,0.569,0.734,1
p1688,0.559,0.753,1
p1123,0.526,0.749,1
p1212,0.573,0.751,1
p1804,0.426,0.852,1
p2393,0.472,0.892,1
p1701,0.533,0.795,1
p2419,0.426,0.872,1
p1782,0.46,0.874,1
p1687,0.554,0.794,1
p984,0.476,0.862,1
p1692,0.563,0.77,1
p1717,0.508,0.817,1
p1034,0.504,0.846,1
p949,0.459,0.864,1
p1788,0.451,0.848,1
p2355,0.517,0.875,1
p1072,0.533,0.827,1
p1757,0.471,0.865,1
p972,0.479,0.875,1
p922,0.42,0.868,1
p1179,0.577,0.757,1
p993,0.492,0.844,1
p1784,0.443,0.84,1
p1674,0.576,0.77,1
p1677,0.568,0.763,1
p1683,0.546,0.773,1
p1752,0.496,0.846,1
p979,0.452,0.86,1
p1789,0.443,0.85,1
p2306,0.59,0.762,1
p1720,0.509,0.834,1
p1713,0.546,0.792,1
p1155,0.568,0.734,1
p1744,0.504,0.822,1
p1080,0.528,0.81,1
p2325,0.595,0.795,1
p2353,0.549,0.868,1
p1067,0.512,0.81,1
p1223,0.578,0.757,1
p946,0.451,0.85,1
p2374,0.47,0.877,1
p1661,0.558,0.751,1
p1011,0.471,0.811,1
p2351,0.556,0.827,1
p1017,0.486,0.867,1
p2404,0.438,0.88,1
p1147,0.56,0.767,1
p1140,0.572,0.789,1
p2331,0.573,0.821,1
p1085,0.529,0.815,1
p934,0.454,0.847,1
p1018,0.491,0.844,1
p1176,0.55,0.73,1
p927,0.43,0.846,1
p1061,0.517,0.813,1
p971,0.442,0.853,1
p1108,0.533,0.781,1
p2294,0.592,0.78,1
p1049,0.517,0.834,1
p1163,0.563,0.753,1
p1191,0.572,0.74,1
p1004,0.494,0.853,1
p2347,0.555,0.823,1
p947,0.462,0.844,1
p1697,0.533,0.793,1
p1159,0.551,0.774,1
p1680,0.553,0.757,1
p1022,0.53,0.86,1
p1037,0.499,0.867,1
p1183,0.563,0.734,1
p996,0.485,0.838,1
p1149,0.547,0.775,1
p1770,0.472,0.871,1
p2391,0.481,0.911,1
p1792,0.431,0.881,1
p1198,0.586,0.742,1
p1703,0.531,0.819,1
p1062,0.518,0.807,1
p2341,0.55,0.82,1
p1708,0.522,0.839,1
p1743,0.477,0.844,1
p1134,0.569,0.746,1
p1731,0.497,0.828,1
p1032,0.531,0.838,1
p1832,0.418,0.851,1
p1728,0.503,0.843,1
p1012,0.49,0.839,1
p960,0.428,0.861,1
p1131,0.541,0.725,1
p2417,0.428,0.891,1
p1750,0.482,0.829,1
p1106,0.551,0.79,1
p943,0.449,0.878,1
p1637,0.597,0.743,1
p1826,0.415,0.824,1
p2314,0.569,0.784,1
p1076,0.541,0.794,1
p2324,0.586,0.792,1
p1812,0.44,0.847,1
p1716,0.529,0.828,1
p1071,0.535,0.84,1
p2385,0.471,0.849,1
p2329,0.568,0.794,1
p1194,0.56,0.759,1
p992,0.467,0.843,1
p1206,0.574,0.743,1
p1654,0.558,0.757,1
p1685,0.565,0.79,1
p2365,0.542,0.841,1
p2357,0.534,0.821,1
p2318,0.592,0.824,1
p955,0.442,0.878,1
p2409,0.427,0.865,1
p948,0.464,0.86,1
p1221,0.588,0.754,1
p2290,0.598,0.776,1
p902,0.429,0.858,1
p1729,0.51,0.84,1
p1192,0.58,0.739,1
p1152,0.576,0.753,1
p1033,0.511,0.831,1
p2319,0.568,0.819,1
p1711,0.518,0.836,1
p923,0.442,0.866,1
p1114,0.529,0.76,1
p1806,0.429,0.84,1
p1700,0.564,0.766,1
p1138,0.582,0.787,1
p952,0.462,0.861,1
p1165,0.553,0.755,1
p1193,0.571,0.741,1
p2345,0.549,0.858,1
p1069,0.508,0.82,1
p1104,0.529,0.76,1
p1778,0.45,0.867,1
p1658,0.545,0.748,1
p1739,0.502,0.826,1
p2334,0.57,0.812,1
p930,0.43,0.878,1
p1670,0.558,0.762,1
p1712,0.515,0.803,1
p2309,0.595,0.822,1
p1088,0.552,0.763,1
p2293,0.593,0.746,1
p1042,0.507,0.852,1
p2298,0.598,0.771,1
p1655,0.58,0.735,1
p2352,0.552,0.856,1
p2299,0.614,0.787,1
p1695,0.562,0.792,1
p1718,0.512,0.841,1
p1772,0.465,0.863,1
p956,0.468,0.872,1
p2349,0.533,0.832,1
p2399,0.453,0.894,1
p1119,0.53,0.774,1
p1200,0.573,0.734,1
p1144,0.562,0.747,1
p2377,0.517,0.893,1
p944,0.468,0.878,1
p2387,0.479,0.856,1
p940,0.456,0.85,1
p1681,0.561,0.766,1
p1723,0.542,0.82,1
p1646,0.557,0.732,1
p1733,0.509,0.809,1
p1112,0.568,0.807,1
p1682,0.562,0.796,1
p1737,0.522,0.842,1
p2354,0.542,0.866,1
p1742,0.498,0.834,1
p942,0.449,0.877,1
p1777,0.442,0.831,1
p977,0.481,0.842,1
p2380,0.499,0.876,1
p1008,0.524,0.856,1
p1009,0.485,0.85,1
p937,0.451,0.819,1
p1097,0.556,0.772,1
p1735,0.518,0.833,1
p1675,0.56,0.79,1
p1036,0.492,0.838,1
p1117,0.54,0.806,1
p2310,0.584,0.793,1
p2368,0.507,0.85,1
p2375,0.498,0.861,1
p2253,0.608,0.75,1
p1035,0.505,0.844,1
p990,0.461,0.872,1
p2316,0.581,0.805,1
p931,0.429,0.848,1
p1047,0.532,0.813,1
p2342,0.558,0.821,1
p1769,0.473,0.856,1
p1173,0.581,0.767,1
p1128,0.541,0.766,1
p2326,0.571,0.804,1
p913,0.428,0.849,1
p2343,0.559,0.844,1
p1177,0.567,0.754,1
p1635,0.598,0.754,1
p2308,0.605,0.801,1
p957,0.452,0.866,1
p1810,0.442,0.876,1
p1129,0.567,0.761,1
p904,0.418,0.857,1
p1684,0.554,0.776,1
p2382,0.47,0.867,1
p1021,0.495,0.84,1
p1024,0.491,0.853,1
p1161,0.583,0.766,1
p968,0.459,0.891,1
p2403,0.45,0.845,1
p1197,0.577,0.742,1
p1089,0.529,0.78,1
p1694,0.551,0.786,1
p1815,0.421,0.869,1
p1132,0.577,0.771,1
p1702,0.528,0.798,1
p1039,0.488,0.843,1
p1808,0.417,0.839,1
p22,0.239,0.559,2
p19,0.233,0.562,2
p391,0.228,0.723,2
p425,0.246,0.721,2
p47,0.223,0.573,2
p2063,0.244,0.71,2
p29,0.244,0.584,2
p208,0.218,0.602,2
p314,0.182,0.62,2
p2078,0.233,0.687,2
p237,0.222,0.637,2
p332,0.223,0.648,2
p202,0.23,0.571,2
p17,0.223,0.528,2
p483,0.252,0.736,2
p313,0.219,0.638,2
p171,0.252,0.608,2
p102,0.234,0.568,2
p2034,0.237,0.737,2
p126,0.227,0.6,2
p2141,0.224,0.555,2
p266,0.215,0.642,2
p151,0.23,0.565,2
p229,0.223,0.585,2
p2156,0.199,0.582,2
p2150,0.246,0.548,2
p379,0.239,0.701,2
p55,0.236,0.551,2
p48,0.225,0.552,2
p50,0.208,0.594,2
p13,0.241,0.551,2
p250,0.194,0.595,2
p167,0.237,0.598,2
p471,0.229,0.744,2
p238,0.21,0.648,2
p251,0.223,0.594,2
p149,0.239,0.625,2
p403,0.226,0.662,2
p398,0.211,0.679,2
p2069,0.225,0.707,2
p216,0.218,0.61,2
p200,0.211,0.594,2
p180,0.216,0.572,2
p109,0.239,0.55,2
p169,0.222,0.591,2
p2115,0.226,0.604,2
p196,0.22,0.628,2
p2097,0.253,0.644,2
p2147,0.2,0.586,2
p438,0.237,0.74,2
p2083,0.255,0.701,2
p72,0.237,0.574,2
p363,0.25,0.659,2
p259,0.206,0.577,2
p376,0.225,0.703,2
p262,0.215,0.629,2
p334,0.206,0.671,2
p432,0.24,0.731,2
p2059,0.244,0.702,2
p16,0.24,0.545,2
p153,0.215,0.606,2
p342,0.211,0.69,2
p412,0.228,0.705,2
p12,0.212,0.567,2
p158,0.229,0.579,2
p187,0.218,0.59,2
p265,0.219,0.635,2
p25,0.22,0.539,2
p2066,0.258,0.696,2
p426,0.243,0.724,2
p2013,0.246,0.733,2
p239,0.218,0.597,2
p245,0.223,0.607,2
p392,0.206,0.691,2
p209,0.226,0.553,2
p104,0.228,0.559,2
p2158,0.251,0.548,2
p269,0.239,0.625,2
p110,0.23,0.579,2
p272,0.221,0.605,2
p248,0.245,0.637,2
p2135,0.228,0.586,2
p194,0.21,0.57,2
p119,0.218,0.561,2
p288,0.207,0.627,2
p2110,0.208,0.602,2
p355,0.227,0.677,2
p105,0.215,0.545,2
p302,0.207,0.655,2
p2107,0.237,0.647,2
p317,0.196,0.654,2
p63,0.237,0.552,2
p2125,0.234,0.628,2
p20,0.19,0.546,2
p66,0.246,0.543,2
p331,0.202,0.637,2
p2075,0.238,0.719,2
p365,0.219,0.728,2
p177,0.22,0.585,2
p156,0.236,0.596,2
p179,0.21,0.621,2
p203,0.259,0.627,2
p2074,0.221,0.697,2
p98,0.207,0.523,2
p46,0.214,0.565,2
p197,0.225,0.598,2
p295,0.22,0.639,2
p8,0.225,0.538,2
p84,0.214,0.548,2
p132,0.245,0.568,2
p470,0.241,0.742,2
p2143,0.221,0.594,2
p154,0.217,0.613,2
p2082,0.25,0.688,2
p106,0.244,0.573,2
p434,0.214,0.727,2
p2093,0.204,0.663,2
p279,0.214,0.605,2
p155,0.234,0.591,2
p136,0.224,0.593,2
p368,0.211,0.692,2
p124,0.256,0.553,2
p40,0.223,0.552,2
p2142,0.206,0.568,2
p411,0.214,0.698,2
p394,0.209,0.713,2
p339,0.211,0.672,2
p290,0.222,0.644,2
p296,0.2,0.663,2
p2126,0.215,0.602,2
p396,0.213,0.702,2
p254,0.22,0.625,2
p121,0.231,0.607,2
p90,0.235,0.549,2
p300,0.227,0.661,2
p457,0.217,0.744,2
p318,0.217,0.687,2
p364,0.227,0.668,2
p2101,0.226,0.665,2
p338,0.219,0.673,2
p2070,0.237,0.717,2
p345,0.199,0.683,2
p2052,0.239,0.72,2
p26,0.233,0.548,2
p420,0.258,0.707,2
p2133,0.215,0.583,2
p68,0.232,0.571,2
p2,0.216,0.528,2
p2109,0.218,0.64,2
p166,0.214,0.598,2
p2088,0.214,0.676,2
p2080,0.217,0.699,2
p235,0.188,0.631,2
p2067,0.228,0.707,2
p362,0.211,0.667,2
p267,0.199,0.635,2
p373,0.209,0.711,2
p18,0.222,0.527,2
p400,0.243,0.733,2
p297,0.211,0.641,2
p2113,0.24,0.642,2
p2064,0.25,0.704,2
p2096,0.236,0.637,2
p144,0.244,0.588,2
p2103,0.218,0.663,2
p289,0.237,0.643,2
p2134,0.222,0.591,2
p476,0.233,0.722,2
p2050,0.249,0.729,2
p2086,0.215,0.65,2
p61,0.226,0.539,2
p59,0.22,0.562,2
p52,0.212,0.547,2
p170,0.226,0.59,2
p2124,0.23,0.592,2
p94,0.226,0.537,2
p287,0.221,0.609,2
p283,0.226,0.651,2
p58,0.235,0.546,2
p325,0.211,0.697,2
p352,0.215,0.68,2
p2062,0.213,0.714,2
p115,0.224,0.56,2
p225,0.243,0.627,2
p383,0.196,0.686,2
p75,0.244,0.551,2
p2095,0.217,0.63,2
p210,0.211,0.622,2
p146,0.24,0.576,2
p430,0.239,0.732,2
p448,0.217,0.71,2
p2149,0.217,0.565,2
p128,0.236,0.607,2
p114,0.251,0.578,2
p308,0.219,0.664,2
p310,0.183,0.657,2
p30,0.236,0.558,2
p358,0.243,0.702,2
p390,0.235,0.689,2
p385,0.225,0.7,2
p315,0.202,0.661,2
p2056,0.224,0.727,2
p247,0.219,0.606,2
p320,0.254,0.668,2
p77,0.239,0.563,2
p401,0.221,0.714,2
p371,0.227,0.676,2
p89,0.228,0.563,2
p176,0.226,0.598,2
p37,0.232,0.534,2
p443,0.228,0.746,2
p2154,0.234,0.538,2
p407,0.219,0.709,2
p333,0.219,0.674,2
p415,0.218,0.703,2
p2162,0.207,0.534,2
p164,0.216,0.577,2
p21,0.209,0.558,2
p113,0.224,0.574,2
p414,0.221,0.747,2
p2114,0.208,0.622,2
p213,0.237,0.626,2
p2160,0.193,0.568,2
p28,0.212,0.564,2
p255,0.236,0.599,2
p277,0.215,0.621,2
p366,0.224,0.693,2
p143,0.222,0.568,2
p408,0.267,0.684,2
p350,0.218,0.683,2
p402,0.229,0.698,2
p125,0.245,0.576,2
p381,0.221,0.73,2
p2090,0.244,0.685,2
p141,0.223,0.553,2
p219,0.24,0.609,2
p306,0.213,0.651,2
p453,0.225,0.727,2
p217,0.244,0.592,2
p441,0.25,0.738,2
p131,0.215,0.557,2
p83,0.228,0.576,2
p215,0.215,0.614,2
p2116,0.221,0.658,2
p2127,0.228,0.62,2
p268,0.216,0.617,2
p173,0.228,0.606,2
p234,0.209,0.611,2
p70,0.213,0.566,2
p305,0.231,0.65,2
p2128,0.262,0.563,2
p324,0.206,0.689,2
p370,0.219,0.694,2
p388,0.209,0.734,2
p43,0.214,0.517,2
p99,0.233,0.576,2
p236,0.231,0.582,2
p163,0.231,0.591,2
p367,0.22,0.675,2
p38,0.226,0.527,2
p2105,0.208,0.622,2
p253,0.233,0.612,2
p2081,0.225,0.657,2
p74,0.227,0.573,2
p335,0.229,0.649,2
p2131,0.227,0.578,2
p2152,0.216,0.526,2
p321,0.221,0.657,2
p291,0.213,0.628,2
p2054,0.228,0.746,2
p465,0.234,0.741,2
p190,0.236,0.582,2
p351,0.192,0.677,2
p326,0.2,0.665,2
p378,0.22,0.691,2
p62,0.211,0.582,2
p232,0.222,0.62,2
p2047,0.237,0.73,2
p31,0.229,0.532,2
p2092,0.244,0.68,2
p2153,0.226,0.551,2
p2157,0.199,0.552,2
p389,0.238,0.694,2
p341,0.195,0.666,2
p293,0.223,0.661,2
p372,0.24,0.724,2
p340,0.221,0.654,2
p205,0.208,0.625,2
p2122,0.215,0.58,2
p93,0.248,0.567,2
p111,0.244,0.6,2
p185,0.223,0.581,2
p204,0.247,0.595,2
p165,0.227,0.636,2
p181,0.22,0.589,2
p118,0.208,0.589,2
p186,0.209,0.575,2
p347,0.204,0.661,2
p2112,0.198,0.638,2
p188,0.252,0.623,2
p2077,0.241,0.707,2
p76,0.232,0.555,2
p73,0.218,0.523,2
p354,0.209,0.698,2
p356,0.241,0.695,2
p241,0.211,0.613,2
p382,0.222,0.703,2
p214,0.213,0.609,2
p369,0.23,0.685,2
p2151,0.23,0.493,2
p2111,0.202,0.666,2
p2159,0.214,0.561,2
p2108,0.224,0.623,2
p159,0.236,0.594,2
p10,0.219,0.582,2
p349,0.222,0.71,2
p2094,0.222,0.679,2
p23,0.24,0.54,2
p36,0.234,0.559,2
p39,0.199,0.59,2
p2091,0.251,0.658,2
p416,0.251,0.691,2
p2140,0.201,0.55,2
p96,0.223,0.534,2
p249,0.212,0.629,2
p199,0.211,0.603,2
p152,0.227,0.615,2
p127,0.237,0.559,2
p54,0.211,0.545,2
p184,0.213,0.608,2
p301,0.206,0.606,2
p34,0.244,0.54,2
p261,0.207,0.604,2
p178,0.23,0.589,2
p328,0.239,0.644,2
p134,0.213,0.579,2
p182,0.237,0.597,2
p316,0.224,0.624,2
p88,0.216,0.544,2
p2071,0.236,0.699,2
p92,0.203,0.575,2
p360,0.223,0.677,2
p129,0.245,0.586,2
p168,0.238,0.619,2
p42,0.241,0.537,2
p80,0.253,0.56,2
p298,0.231,0.607,2
p56,0.229,0.568,2
p2084,0.258,0.69,2
p27,0.221,0.558,2
p69,0.227,0.545,2
p337,0.232,0.653,2
p122,0.203,0.562,2
p78,0.234,0.575,2
p3,0.221,0.552,2
p275,0.225,0.635,2
p2057,0.244,0.734,2
p33,0.238,0.551,2
p183,0.238,0.555,2
p220,0.216,0.613,2
p322,0.232,0.66,2
p2073,0.242,0.712,2
p323,0.23,0.672,2
p284,0.255,0.637,2
p264,0.198,0.605,2
p303,0.201,0.648,2
p227,0.217,0.639,2
p15,0.232,0.524,2
p2053,0.238,0.689,2
p189,0.221,0.647,2
p252,0.209,0.645,2
p395,0.228,0.689,2
p424,0.257,0.728,2
p2044,0.251,0.738,2
p222,0.224,0.64,2
p276,0.197,0.583,2
p405,0.233,0.74,2
p348,0.227,0.664,2
p2085,0.235,0.649,2
p327,0.221,0.659,2
p107,0.225,0.572,2
p386,0.209,0.719,2
p357,0.206,0.682,2
p286,0.232,0.616,2
p384,0.231,0.709,2
p101,0.221,0.556,2
p2087,0.242,0.689,2
p2137,0.213,0.553,2
p2038,0.237,0.739,2
p244,0.221,0.619,2
p2072,0.228,0.686,2
p65,0.226,0.562,2
p41,0.226,0.525,2
p304,0.226,0.642,2
p150,0.219,0.622,2
p399,0.243,0.71,2
p417,0.212,0.746,2
p294,0.22,0.642,2
p270,0.205,0.626,2
p380,0.224,0.68,2
p285,0.206,0.616,2
p14,0.238,0.538,2
p64,0.223,0.56,2
p257,0.246,0.611,2
p82,0.231,0.532,2
p157,0.223,0.559,2
p2144,0.208,0.56,2
p336,0.23,0.671,2
p60,0.196,0.552,2
p2121,0.197,0.625,2
p2099,0.214,0.674,2
p419,0.234,0.703,2
p456,0.233,0.701,2
p108,0.248,0.544,2
p145,0.238,0.557,2
p5,0.224,0.548,2
p278,0.204,0.635,2
p406,0.234,0.721,2
p2076,0.232,0.733,2
p2102,0.229,0.633,2
p117,0.206,0.57,2
p198,0.223,0.608,2
p393,0.221,0.681,2
p147,0.24,0.603,2
p319,0.197,0.669,2
p231,0.222,0.615,2
p433,0.214,0.749,2
p7,0.216,0.525,2
p346,0.23,0.653,2
p212,0.219,0.603,2
p2120,0.224,0.602,2
p223,0.242,0.595,2
p53,0.21,0.553,2
p377,0.233,0.659,2
p201,0.212,0.602,2
p226,0.236,0.609,2
p192,0.24,0.591,2
p11,0.216,0.575,2
p2148,0.203,0.577,2
p299,0.224,0.63,2
p2032,0.23,0.743,2
p6,0.232,0.553,2
p387,0.234,0.696,2
p353,0.223,0.683,2
p2104,0.212,0.651,2
p2129,0.236,0.603,2
p2138,0.221,0.566,2
p375,0.21,0.682,2
p413,0.233,0.729,2
p206,0.218,0.63,2
p282,0.237,0.646,2
p330,0.191,0.649,2
p440,0.246,0.728,2
p228,0.213,0.62,2
p281,0.224,0.656,2
p2106,0.233,0.624,2
p2119,0.224,0.606,2
p218,0.221,0.599,2
p191,0.218,0.61,2
p2117,0.214,0.593,2
p409,0.23,0.71,2
p256,0.222,0.655,2
p193,0.229,0.612,2
p86,0.234,0.539,2
p2130,0.223,0.577,2
p87,0.227,0.536,2
p44,0.213,0.556,2
p246,0.249,0.641,2
p404,0.232,0.692,2
p242,0.228,0.612,2
p274,0.209,0.629,2
p195,0.228,0.615,2
p81,0.241,0.567,2
p2139,0.208,0.544,2
p271,0.212,0.629,2
p148,0.231,0.591,2
p116,0.26,0.6,2
p91,0.234,0.589,2
p4,0.215,0.538,2
p67,0.219,0.551,2
p133,0.212,0.56,2
p2136,0.222,0.567,2
p312,0.21,0.649,2
p273,0.245,0.618,2
p123,0.229,0.546,2
p137,0.221,0.584,2
p211,0.218,0.6,2
p311,0.225,0.666,2
p421,0.214,0.748,2
p161,0.243,0.587,2
p240,0.218,0.623,2
p175,0.221,0.616,2
p2061,0.248,0.704,2
p258,0.225,0.626,2
p2089,0.219,0.696,2
p160,0.213,0.595,2
p1,0.228,0.559,2
p343,0.24,0.699,2
p2145,0.204,0.551,2
p428,0.217,0.708,2
p162,0.236,0.61,2
p2146,0.241,0.569,2
p2163,0.226,0.561,2
p100,0.242,0.584,2
p422,0.209,0.743,2
p103,0.231,0.58,2
p130,0.231,0.581,2
p447,0.239,0.739,2
p135,0.227,0.578,2
p112,0.229,0.571,2
p172,0.23,0.582,2
p35,0.238,0.542,2
p374,0.239,0.683,2
p24,0.222,0.557,2
p2161,0.22,0.543,2
p344,0.186,0.685,2
p429,0.232,0.72,2
p2068,0.232,0.686,2
p45,0.226,0.532,2
p292,0.208,0.613,2
p9,0.206,0.554,2
p2155,0.215,0.542,2
p359,0.236,0.71,2
p329,0.218,0.664,2
p495,0.253,0.726,2
p51,0.222,0.535,2
p71,0.235,0.561,2
p120,0.22,0.562,2
p138,0.211,0.579,2
p2123,0.23,0.593,2
p280,0.203,0.634,2
p307,0.249,0.68,2
p2098,0.23,0.679,2
p142,0.216,0.578,2
p174,0.223,0.638,2
p57,0.241,0.565,2
p140,0.23,0.569,2
p243,0.189,0.637,2
p2118,0.215,0.654,2
p2051,0.249,0.704,2
p2132,0.218,0.565,2
p230,0.222,0.58,2
p2100,0.257,0.651,2
p309,0.219,0.653,2
p85,0.23,0.587,2
p410,0.219,0.709,2
p397,0.239,0.681,2
p221,0.231,0.638,2
p79,0.219,0.564,2
p423,0.232,0.728,2
p95,0.213,0.594,2
p207,0.208,0.641,2
p361,0.224,0.687,2
p139,0.215,0.61,2
p32,0.23,0.547,2
p97,0.25,0.579,2
p224,0.261,0.642,2
p233,0.221,0.608,2
p2079,0.253,0.687,2
p49,0.258,0.554,2
p263,0.226,0.634,2
p260,0.224,0.636,2
p3940,0.812,0.716,3
p3957,0.83,0.726,3
p3981,0.855,0.442,3
p3047,0.824,0.64,3
p3050,0.811,0.666,3
p3011,0.845,0.539,3
p3977,0.82,0.542,3
p3872,0.809,0.525,3
p3032,0.852,0.605,3
p3227,0.838,0.437,3
p3156,0.832,0.622,3
p3212,0.844,0.473,3
p3162,0.823,0.555,3
p3855,0.817,0.525,3
p3179,0.826,0.558,3
p4760,0.84,0.623,3
p3029,0.839,0.61,3
p3145,0.825,0.621,3
p3217,0.83,0.44,3
p3941,0.841,0.725,3
p4714,0.834,0.48,3
p3088,0.826,0.664,3
p3197,0.817,0.501,3
p3204,0.813,0.456,3
p3205,0.842,0.494,3
p3854,0.835,0.518,3
p3150,0.836,0.623,3
p3863,0.824,0.561,3
p3889,0.834,0.643,3
p2985,0.838,0.459,3
p3160,0.829,0.602,3
p2977,0.795,0.454,3
p3140,0.823,0.603,3
p3100,0.839,0.749,3
p3103,0.817,0.679,3
p4764,0.832,0.595,3
p3123,0.843,0.697,3
p3085,0.844,0.69,3
p4724,0.835,0.507,3
p3911,0.852,0.651,3
p3097,0.844,0.691,3
p3090,0.824,0.699,3
p3917,0.81,0.639,3
p3020,0.85,0.582,3
p3879,0.829,0.61,3
p3152,0.826,0.58,3
p4755,0.833,0.623,3
p3840,0.842,0.484,3
p2982,0.821,0.473,3
p3901,0.831,0.649,3
p4752,0.817,0.6,3
p3053,0.827,0.641,3
p3016,0.839,0.586,3
p4727,0.836,0.512,3
p3912,0.823,0.68,3
p4748,0.832,0.58,3
p3141,0.819,0.629,3
p3149,0.812,0.59,3
p3206,0.819,0.493,3
p3838,0.835,0.464,3
p3063,0.852,0.697,3
p3171,0.831,0.57,3
p3203,0.82,0.466,3
p3902,0.811,0.663,3
p4792,0.827,0.679,3
p3173,0.831,0.582,3
p3896,0.859,0.663,3
p3146,0.833,0.644,3
p4756,0.831,0.634,3
p3052,0.817,0.651,3
p3062,0.838,0.686,3
p4742,0.844,0.619,3
p4775,0.829,0.657,3
p3001,0.859,0.524,3
p4713,0.845,0.473,3
p3009,0.84,0.547,3
p3211,0.846,0.453,3
p3833,0.85,0.472,3
p3106,0.828,0.728,3
p3881,0.826,0.631,3
p3849,0.829,0.494,3
p4735,0.826,0.557,3
p3907,0.84,0.643,3
p3214,0.824,0.482,3
p3000,0.832,0.552,3
p3081,0.826,0.663,3
p3953,0.802,0.678,3
p3983,0.845,0.452,3
p3927,0.8,0.724,3
p3137,0.844,0.67,3
p3897,0.816,0.654,3
p3169,0.83,0.589,3
p3851,0.844,0.47,3
p3202,0.838,0.491,3
p4790,0.819,0.667,3
p3027,0.85,0.616,3
p3883,0.823,0.597,3
p3944,0.835,0.713,3
p4765,0.828,0.616,3
p3841,0.837,0.482,3
p2989,0.847,0.5,3
p4707,0.809,0.47,3
p3827,0.839,0.437,3
p2980,0.847,0.457,3
p4791,0.815,0.675,3
p3174,0.818,0.571,3
p4798,0.829,0.674,3
p3061,0.847,0.673,3
p3952,0.823,0.709,3
p3155,0.832,0.624,3
p3885,0.829,0.636,3
p2988,0.828,0.491,3
p4800,0.838,0.683,3
p3192,0.851,0.5,3
p4723,0.865,0.504,3
p3959,0.843,0.709,3
p3134,0.824,0.622,3
p4746,0.833,0.593,3
p4726,0.82,0.502,3
p3073,0.833,0.657,3
p3074,0.824,0.678,3
p3176,0.826,0.544,3
p3934,0.809,0.697,3
p3010,0.828,0.543,3
p3895,0.811,0.642,3
p3108,0.826,0.7,3
p3926,0.803,0.699,3
p3043,0.823,0.628,3
p3118,0.795,0.754,3
p3079,0.833,0.68,3
p4731,0.866,0.538,3
p3898,0.821,0.658,3
p3918,0.823,0.69,3
p3153,0.821,0.613,3
p3177,0.822,0.547,3
p4801,0.852,0.675,3
p4795,0.842,0.672,3
p3861,0.837,0.547,3
p3132,0.834,0.679,3
p2990,0.821,0.448,3
p3843,0.847,0.47,3
p3028,0.82,0.6,3
p3982,0.833,0.439,3
p4803,0.837,0.67,3
p4767,0.86,0.65,3
p3924,0.824,0.68,3
p3065,0.818,0.674,3
p3077,0.817,0.687,3
p2996,0.847,0.537,3
p3950,0.803,0.67,3
p2991,0.831,0.493,3
p3051,0.827,0.649,3
p3178,0.816,0.545,3
p3974,0.817,0.51,3
p3961,0.827,0.716,3
p4739,0.839,0.567,3
p4766,0.823,0.652,3
p3847,0.84,0.492,3
p3080,0.831,0.692,3
p3923,0.814,0.695,3
p4719,0.824,0.487,3
p3037,0.853,0.624,3
p3099,0.825,0.696,3
p3973,0.833,0.499,3
p4796,0.836,0.646,3
p4771,0.846,0.633,3
p3096,0.834,0.694,3
p3946,0.824,0.696,3
p4789,0.818,0.669,3
p3866,0.832,0.546,3
p3928,0.827,0.693,3
p3190,0.825,0.497,3
p3922,0.821,0.665,3
p4749,0.837,0.581,3
p3880,0.809,0.616,3
p3048,0.824,0.642,3
p3943,0.82,0.705,3
p4768,0.845,0.623,3
p3199,0.842,0.472,3
p3126,0.795,0.676,3
p4722,0.84,0.478,3
p2981,0.835,0.452,3
p3042,0.844,0.669,3
p3988,0.814,0.456,3
p3092,0.86,0.7,3
p4778,0.826,0.646,3
p3101,0.838,0.684,3
p4786,0.828,0.648,3
p3139,0.81,0.654,3
p3180,0.833,0.568,3
p3004,0.837,0.518,3
p3111,0.837,0.7,3
p3055,0.838,0.692,3
p3125,0.815,0.683,3
p3198,0.814,0.466,3
p2986,0.819,0.482,3
p3015,0.861,0.585,3
p3947,0.807,0.693,3
p3965,0.834,0.686,3
p3128,0.818,0.684,3
p3887,0.816,0.621,3
p4759,0.818,0.631,3
p3975,0.844,0.537,3
p3874,0.839,0.591,3
p3964,0.822,0.711,3
p3133,0.824,0.649,3
p3168,0.82,0.57,3
p3905,0.836,0.612,3
p3175,0.841,0.545,3
p3939,0.811,0.701,3
p3201,0.843,0.484,3
p3890,0.827,0.651,3
p3129,0.833,0.662,3
p3031,0.843,0.607,3
p3181,0.833,0.556,3
p3848,0.831,0.494,3
p4721,0.803,0.503,3
p4787,0.813,0.657,3
p3107,0.792,0.702,3
p3846,0.834,0.516,3
p3117,0.835,0.698,3
p4715,0.865,0.45,3
p3013,0.856,0.54,3
p3172,0.824,0.559,3
p3186,0.819,0.527,3
p4804,0.829,0.646,3
p3839,0.824,0.481,3
p2987,0.85,0.493,3
p3869,0.834,0.543,3
p3868,0.836,0.542,3
p3867,0.823,0.551,3
p3852,0.828,0.509,3
p3229,0.817,0.442,3
p3933,0.828,0.701,3
p4720,0.838,0.501,3
p3962,0.816,0.72,3
p4777,0.853,0.65,3
p3844,0.845,0.478,3
p4788,0.812,0.659,3
p3823,0.809,0.445,3
p3859,0.855,0.505,3
p3124,0.843,0.679,3
p4741,0.843,0.565,3
p4762,0.849,0.631,3
p3182,0.833,0.525,3
p3014,0.828,0.554,3
p2993,0.849,0.485,3
p3185,0.837,0.515,3
p4734,0.825,0.547,3
p3949,0.833,0.705,3
p3138,0.797,0.612,3
p3936,0.825,0.705,3
p4785,0.836,0.634,3
p4761,0.824,0.625,3
p3054,0.83,0.652,3
p3221,0.839,0.476,3
p3033,0.836,0.626,3
p2998,0.847,0.508,3
p4774,0.843,0.65,3
p3006,0.834,0.537,3
p3209,0.822,0.47,3
p3862,0.829,0.519,3
p2994,0.834,0.536,3
p4711,0.823,0.456,3
p3060,0.832,0.636,3
p3857,0.837,0.524,3
p3143,0.826,0.606,3
p4717,0.839,0.484,3
p3089,0.83,0.708,3
p3144,0.813,0.637,3
p3951,0.826,0.708,3
p3046,0.834,0.639,3
p3930,0.816,0.682,3
p3041,0.851,0.627,3
p3025,0.849,0.553,3
p3114,0.818,0.702,3
p3942,0.839,0.665,3
p3120,0.831,0.719,3
p2972,0.857,0.451,3
p2995,0.84,0.462,3
p4716,0.825,0.47,3
p3876,0.827,0.578,3
p4732,0.825,0.516,3
p3969,0.806,0.623,3
p3931,0.821,0.703,3
p3919,0.833,0.701,3
p3187,0.826,0.484,3
p3853,0.83,0.513,3
p3208,0.844,0.455,3
p3978,0.835,0.511,3
p3968,0.813,0.647,3
p3158,0.819,0.616,3
p3224,0.856,0.432,3
p3893,0.827,0.642,3
p3071,0.819,0.687,3
p3087,0.839,0.668,3
p3059,0.847,0.671,3
p3932,0.84,0.71,3
p3189,0.827,0.514,3
p3058,0.84,0.672,3
p4794,0.824,0.635,3
p3908,0.839,0.648,3
p3093,0.83,0.671,3
p3104,0.822,0.697,3
p3130,0.825,0.644,3
p3064,0.816,0.683,3
p4751,0.834,0.616,3
p3161,0.84,0.593,3
p3070,0.828,0.714,3
p4770,0.825,0.667,3
p4772,0.838,0.634,3
p2979,0.824,0.478,3
p3914,0.817,0.657,3
p4781,0.829,0.648,3
p3903,0.806,0.688,3
p3148,0.813,0.613,3
p4737,0.855,0.563,3
p4740,0.833,0.546,3
p3154,0.841,0.619,3
p3115,0.842,0.694,3
p4729,0.829,0.495,3
p3076,0.83,0.688,3
p3194,0.831,0.508,3
p3003,0.848,0.494,3
p3913,0.86,0.657,3
p3916,0.791,0.691,3
p3888,0.847,0.635,3
p3945,0.823,0.681,3
p3159,0.853,0.59,3
p4783,0.83,0.649,3
p3960,0.819,0.686,3
p3135,0.83,0.655,3
p3136,0.833,0.608,3
p3886,0.819,0.57,3
p3836,0.834,0.469,3
p3954,0.823,0.694,3
p3049,0.855,0.654,3
p3219,0.835,0.44,3
p3900,0.826,0.635,3
p3906,0.839,0.646,3
p3937,0.844,0.685,3
p3116,0.829,0.732,3
p3963,0.835,0.708,3
p3131,0.829,0.659,3
p4733,0.855,0.526,3
p4703,0.849,0.432,3
p3022,0.843,0.58,3
p3825,0.82,0.463,3
p3925,0.84,0.662,3
p3024,0.849,0.601,3
p3921,0.83,0.651,3
p3142,0.832,0.647,3
p3098,0.812,0.718,3
p3894,0.844,0.598,3
p3191,0.841,0.519,3
p3832,0.826,0.439,3
p3915,0.819,0.667,3
p4725,0.832,0.518,3
p3121,0.812,0.669,3
p3005,0.861,0.519,3
p3195,0.837,0.48,3
p3018,0.806,0.548,3
p3069,0.825,0.73,3
p4799,0.843,0.673,3
p3834,0.832,0.456,3
p3110,0.816,0.703,3
p2997,0.852,0.536,3
p3035,0.84,0.641,3
p3086,0.818,0.672,3
p3877,0.835,0.59,3
p2970,0.847,0.472,3
p3956,0.822,0.702,3
p3034,0.854,0.602,3
p3892,0.84,0.637,3
p3985,0.831,0.457,3
p3878,0.852,0.585,3
p4797,0.834,0.647,3
p3979,0.829,0.441,3
p4753,0.826,0.6,3
p3007,0.844,0.536,3
p3165,0.819,0.589,3
p3040,0.853,0.614,3
p3865,0.828,0.524,3
p3842,0.837,0.457,3
p2971,0.829,0.456,3
p3157,0.824,0.57,3
p3119,0.845,0.699,3
p3873,0.854,0.553,3
p3821,0.828,0.437,3
p3920,0.804,0.677,3
p4743,0.839,0.617,3
p3860,0.813,0.504,3
p3026,0.843,0.565,3
p3929,0.826,0.69,3
p3072,0.82,0.707,3
p3084,0.819,0.702,3
p3021,0.855,0.582,3
p4802,0.849,0.644,3
p3904,0.804,0.631,3
p4780,0.819,0.638,3
p3008,0.836,0.546,3
p3976,0.838,0.545,3
p3012,0.836,0.518,3
p3038,0.833,0.643,3
p3023,0.853,0.617,3
p3971,0.835,0.665,3
p2999,0.847,0.527,3
p3910,0.818,0.653,3
p4736,0.831,0.547,3
p3147,0.812,0.647,3
p3871,0.853,0.55,3
p3875,0.835,0.586,3
p3899,0.818,0.627,3
p4745,0.834,0.583,3
p3864,0.823,0.547,3
p3909,0.824,0.661,3
p3019,0.823,0.535,3
p3884,0.843,0.601,3
p4769,0.829,0.654,3
p4750,0.863,0.63,3
p3215,0.843,0.464,3
p4700,0.843,0.441,3
p4744,0.849,0.595,3
p3829,0.864,0.458,3
p3094,0.818,0.676,3
p3066,0.821,0.686,3
p4773,0.843,0.659,3
p3966,0.814,0.616,3
p4784,0.854,0.669,3
p3167,0.814,0.604,3
p3213,0.85,0.441,3
p3938,0.82,0.701,3
p3078,0.809,0.687,3
p3935,0.825,0.695,3
p3002,0.829,0.538,3
p3039,0.821,0.644,3
p3057,0.852,0.706,3
p3858,0.829,0.524,3
p3972,0.849,0.481,3
p4754,0.865,0.635,3
p4718,0.855,0.484,3
p4782,0.81,0.633,3
p4793,0.835,0.641,3
p3184,0.83,0.511,3
p3170,0.82,0.533,3
p2992,0.862,0.508,3
p3845,0.837,0.463,3
p3164,0.833,0.591,3
p3109,0.806,0.702,3
p3891,0.828,0.651,3
p3216,0.82,0.451,3
p4758,0.829,0.597,3
p3948,0.838,0.726,3
p3882,0.819,0.613,3
p3207,0.813,0.445,3
p3045,0.824,0.648,3
p3970,0.822,0.6,3
p3083,0.8,0.699,3
p3870,0.851,0.496,3
p3017,0.84,0.553,3
p3958,0.815,0.704,3
p3210,0.846,0.452,3
p3056,0.838,0.672,3
p4730,0.854,0.527,3
p3200,0.824,0.496,3
p3067,0.81,0.689,3
p3163,0.817,0.602,3
p4738,0.826,0.548,3
p3967,0.833,0.629,3
p3082,0.831,0.696,3
p4776,0.836,0.621,3
p2984,0.845,0.462,3
p3105,0.833,0.669,3
p4763,0.834,0.663,3
p3856,0.848,0.518,3
p4712,0.817,0.461,3
p3102,0.817,0.712,3
p3122,0.829,0.672,3
p3030,0.838,0.585,3
p4757,0.834,0.631,3
p4779,0.833,0.643,3
p3075,0.831,0.706,3
p3837,0.84,0.457,3
p3193,0.85,0.487,3
p3151,0.813,0.573,3
p3196,0.821,0.489,3
p3188,0.809,0.528,3
p3095,0.797,0.723,3
p4747,0.846,0.603,3
p4709,0.848,0.45,3
p3044,0.837,0.629,3
p3113,0.808,0.714,3
p2983,0.842,0.437,3
p3127,0.803,0.669,3
p3068,0.839,0.705,3
p3091,0.818,0.719,3
p3166,0.826,0.579,3
p3183,0.846,0.519,3
p3955,0.817,0.721,3
p3036,0.872,0.618,3
p3112,0.832,0.725,3
p3850,0.814,0.539,3
p4728,0.865,0.517,3
p4256,0.396,0.619,4
p4524,0.368,0.616,4
p4498,0.382,0.587,4
p2647,0.395,0.486,4
p2646,0.394,0.506,4
p2554,0.416,0.643,4
p2660,0.396,0.484,4
p3535,0.413,0.6,4
p2637,0.385,0.491,4
p2667,0.39,0.462,4
p4247,0.41,0.626,4
p2703,0.43,0.427,4
p3606,0.39,0.526,4
p4269,0.386,0.576,4
p4282,0.374,0.48,4
p3538,0.369,0.594,4
p3614,0.388,0.444,4
p4518,0.378,0.623,4
p4273,0.371,0.562,4
p2650,0.405,0.515,4
p4297,0.379,0.435,4
p3527,0.396,0.589,4
p2552,0.376,0.602,4
p2657,0.422,0.468,4
p2564,0.391,0.615,4
p3551,0.398,0.637,4
p2666,0.398,0.498,4
p2642,0.397,0.499,4
p4188,0.368,0.473,4
p3539,0.419,0.623,4
p4248,0.393,0.593,4
p3525,0.369,0.614,4
p4528,0.39,0.61,4
p2561,0.41,0.609,4
p4477,0.368,0.507,4
p4236,0.398,0.598,4
p3499,0.403,0.504,4
p3592,0.389,0.582,4
p2675,0.397,0.455,4
p2676,0.4,0.477,4
p3560,0.39,0.654,4
p3618,0.38,0.459,4
p2530,0.387,0.67,4
p2563,0.374,0.613,4
p4190,0.395,0.474,4
p3562,0.422,0.667,4
p4291,0.4,0.421,4
p3516,0.383,0.574,4
p4181,0.379,0.459,4
p2610,0.397,0.547,4
p4514,0.39,0.597,4
p2629,0.393,0.53,4
p4169,0.388,0.396,4
p4511,0.378,0.616,4
p4232,0.402,0.613,4
p3591,0.364,0.606,4
p2658,0.394,0.502,4
p4174,0.371,0.42,4
p3512,0.404,0.561,4
p4214,0.363,0.536,4
p3524,0.385,0.616,4
p4275,0.361,0.533,4
p2541,0.378,0.643,4
p3495,0.414,0.468,4
p2591,0.409,0.557,4
p3529,0.384,0.609,4
p4163,0.365,0.43,4
p2634,0.392,0.527,4
p4484,0.38,0.538,4
p4471,0.368,0.508,4
p3542,0.387,0.614,4
p4462,0.396,0.436,4
p4463,0.392,0.441,4
p2659,0.382,0.504,4
p4253,0.394,0.608,4
p2586,0.405,0.536,4
p4185,0.389,0.473,4
p4177,0.35,0.448,4
p4171,0.375,0.455,4
p2597,0.384,0.56,4
p2615,0.388,0.53,4
p2692,0.423,0.427,4
p4245,0.421,0.613,4
p3580,0.389,0.652,4
p4162,0.388,0.402,4
p3559,0.372,0.68,4
p2567,0.381,0.566,4
p2625,0.382,0.506,4
p2653,0.382,0.502,4
p2573,0.371,0.597,4
p3530,0.404,0.615,4
p3572,0.397,0.662,4
p2532,0.359,0.635,4
p3590,0.382,0.604,4
p4168,0.384,0.409,4
p2630,0.394,0.483,4
p4284,0.412,0.515,4
p4293,0.401,0.485,4
p2652,0.414,0.531,4
p2677,0.387,0.462,4
p4486,0.384,0.564,4
p4233,0.377,0.582,4
p4296,0.402,0.448,4
p3496,0.383,0.504,4
p2626,0.381,0.496,4
p2689,0.422,0.445,4
p3486,0.396,0.476,4
p3556,0.382,0.669,4
p2701,0.388,0.412,4
p4480,0.371,0.511,4
p2656,0.419,0.48,4
p4487,0.391,0.533,4
p2635,0.408,0.517,4
p3586,0.38,0.652,4
p3588,0.395,0.63,4
p4234,0.406,0.588,4
p2540,0.378,0.603,4
p2572,0.378,0.575,4
p4467,0.414,0.434,4
p2546,0.387,0.655,4
p3575,0.399,0.608,4
p3520,0.39,0.58,4
p4179,0.373,0.455,4
p2621,0.382,0.528,4
p4470,0.376,0.49,4
p2581,0.396,0.595,4
p3596,0.369,0.588,4
p4522,0.387,0.623,4
p2612,0.399,0.531,4
p4201,0.358,0.466,4
p3519,0.402,0.565,4
p3608,0.381,0.529,4
p4184,0.377,0.458,4
p3565,0.394,0.685,4
p2521,0.384,0.653,4
p2562,0.401,0.619,4
p3611,0.382,0.496,4
p4513,0.379,0.614,4
p4186,0.374,0.469,4
p2638,0.415,0.532,4
p2622,0.37,0.53,4
p3546,0.407,0.662,4
p4493,0.367,0.585,4
p4512,0.386,0.627,4
p4265,0.385,0.64,4
p2681,0.395,0.472,4
p3505,0.381,0.546,4
p4510,0.353,0.605,4
p4170,0.388,0.419,4
p2607,0.385,0.526,4
p2709,0.41,0.426,4
p4258,0.36,0.614,4
p2571,0.357,0.56,4
p2664,0.402,0.477,4
p3481,0.416,0.429,4
p2578,0.369,0.578,4
p4220,0.398,0.565,4
p2598,0.374,0.559,4
p2645,0.399,0.503,4
p4530,0.372,0.614,4
p3561,0.402,0.68,4
p3582,0.371,0.632,4
p4217,0.393,0.533,4
p2580,0.371,0.576,4
p3485,0.406,0.459,4
p4538,0.37,0.504,4
p2679,0.403,0.459,4
p2700,0.406,0.415,4
p2649,0.393,0.473,4
p2547,0.4,0.611,4
p4255,0.404,0.641,4
p2694,0.398,0.417,4
p2587,0.38,0.567,4
p3502,0.393,0.512,4
p3508,0.414,0.543,4
p3583,0.359,0.615,4
p3497,0.405,0.524,4
p3500,0.387,0.527,4
p2592,0.375,0.568,4
p3534,0.403,0.581,4
p2596,0.381,0.586,4
p2549,0.396,0.61,4
p4295,0.401,0.402,4
p4496,0.369,0.56,4
p2641,0.387,0.499,4
p2534,0.375,0.631,4
p2538,0.376,0.609,4
p4525,0.418,0.616,4
p3518,0.364,0.583,4
p3475,0.436,0.414,4
p2544,0.37,0.656,4
p2611,0.382,0.535,4
p3564,0.407,0.667,4
p2613,0.398,0.512,4
p3540,0.4,0.644,4
p3547,0.394,0.68,4
p4178,0.379,0.463,4
p2665,0.406,0.478,4
p4192,0.352,0.482,4
p3621,0.433,0.479,4
p4195,0.374,0.517,4
p3599,0.375,0.568,4
p3609,0.379,0.476,4
p4491,0.375,0.59,4
p4466,0.383,0.425,4
p2655,0.397,0.506,4
p4537,0.377,0.526,4
p2524,0.378,0.658,4
p2550,0.37,0.592,4
p4526,0.385,0.613,4
p2604,0.401,0.53,4
p4532,0.377,0.52,4
p4475,0.386,0.507,4
p4204,0.392,0.537,4
p4187,0.384,0.457,4
p4479,0.378,0.515,4
p4209,0.377,0.529,4
p3548,0.392,0.678,4
p3589,0.383,0.614,4
p3477,0.393,0.484,4
p3593,0.38,0.604,4
p4292,0.38,0.435,4
p2533,0.376,0.657,4
p2551,0.378,0.613,4
p2589,0.369,0.546,4
p3622,0.404,0.453,4
p3504,0.398,0.531,4
p4274,0.351,0.499,4
p4286,0.386,0.53,4
p4459,0.395,0.412,4
p3579,0.378,0.637,4
p4213,0.347,0.556,4
p2605,0.393,0.506,4
p4161,0.401,0.419,4
p4231,0.389,0.592,4
p4180,0.357,0.419,4
p4278,0.376,0.534,4
p4281,0.401,0.506,4
p4198,0.375,0.493,4
p3628,0.382,0.414,4
p2542,0.411,0.638,4
p4183,0.355,0.445,4
p4206,0.382,0.538,4
p2661,0.399,0.478,4
p4506,0.382,0.595,4
p2620,0.386,0.554,4
p3555,0.399,0.672,4
p2616,0.393,0.556,4
p4490,0.361,0.536,4
p2584,0.392,0.591,4
p3553,0.381,0.65,4
p4252,0.362,0.655,4
p4277,0.358,0.543,4
p4500,0.381,0.617,4
p2628,0.369,0.51,4
p2682,0.407,0.455,4
p2673,0.387,0.474,4
p4476,0.372,0.506,4
p3493,0.388,0.532,4
p4238,0.391,0.591,4
p4225,0.376,0.554,4
p3482,0.411,0.405,4
p2623,0.398,0.504,4
p2599,0.401,0.539,4
p4516,0.371,0.601,4
p2618,0.388,0.503,4
p2654,0.414,0.486,4
p2671,0.41,0.466,4
p4189,0.365,0.477,4
p2576,0.378,0.572,4
p4469,0.371,0.498,4
p4270,0.373,0.601,4
p3544,0.379,0.615,4
p3601,0.392,0.564,4
p4285,0.39,0.524,4
p4239,0.394,0.557,4
p4497,0.399,0.576,4
p4523,0.358,0.628,4
p2523,0.418,0.661,4
p4541,0.376,0.398,4
p4461,0.385,0.401,4
p4298,0.393,0.398,4
p3515,0.39,0.554,4
p2608,0.381,0.546,4
p3587,0.379,0.65,4
p4287,0.401,0.443,4
p4507,0.394,0.585,4
p3478,0.422,0.456,4
p4196,0.396,0.462,4
p4468,0.415,0.414,4
p3598,0.405,0.598,4
p3610,0.391,0.464,4
p2632,0.407,0.505,4
p2593,0.367,0.559,4
p4545,0.355,0.393,4
p2548,0.376,0.622,4
p4276,0.369,0.488,4
p3479,0.426,0.436,4
p2585,0.386,0.555,4
p2698,0.397,0.404,4
p3595,0.367,0.582,4
p3604,0.389,0.503,4
p2662,0.389,0.515,4
p4227,0.383,0.586,4
p3607,0.359,0.483,4
p3617,0.387,0.445,4
p2609,0.385,0.509,4
p3490,0.398,0.451,4
p3507,0.368,0.539,4
p4502,0.386,0.594,4
p3487,0.422,0.448,4
p4254,0.391,0.635,4
p2566,0.367,0.586,4
p4485,0.377,0.544,4
p3510,0.395,0.522,4
p4260,0.402,0.612,4
p4173,0.385,0.447,4
p4250,0.375,0.649,4
p4223,0.37,0.539,4
p2669,0.397,0.483,4
p2633,0.387,0.529,4
p3480,0.453,0.452,4
p2600,0.345,0.572,4
p4492,0.357,0.547,4
p4483,0.349,0.545,4
p4509,0.376,0.604,4
p4521,0.401,0.622,4
p2683,0.407,0.474,4
p4215,0.363,0.558,4
p4212,0.363,0.546,4
p3537,0.395,0.598,4
p4229,0.381,0.573,4
p4515,0.386,0.59,4
p4542,0.365,0.388,4
p3532,0.414,0.613,4
p4167,0.387,0.415,4
p4224,0.384,0.593,4
p2590,0.373,0.602,4
p2670,0.379,0.471,4
p3577,0.387,0.65,4
p2644,0.401,0.528,4
p2708,0.446,0.42,4
p4264,0.389,0.608,4
p4268,0.385,0.599,4
p4200,0.356,0.456,4
p2680,0.409,0.441,4
p2569,0.423,0.588,4
p4176,0.361,0.471,4
p3549,0.396,0.656,4
p4267,0.374,0.591,4
p4210,0.372,0.548,4
p4489,0.375,0.511,4
p3624,0.413,0.422,4
p3571,0.383,0.64,4
p3619,0.417,0.413,4
p2631,0.392,0.533,4
p3558,0.385,0.655,4
p3567,0.388,0.636,4
p4517,0.363,0.62,4
p4193,0.353,0.512,4
p4222,0.376,0.562,4
p4290,0.375,0.455,4
p3629,0.416,0.414,4
p2648,0.372,0.449,4
p4208,0.373,0.548,4
p4257,0.385,0.618,4
p4263,0.385,0.638,4
p4540,0.398,0.423,4
p3523,0.395,0.581,4
p2558,0.378,0.632,4
p2583,0.368,0.586,4
p2695,0.412,0.429,4
p4207,0.364,0.515,4
p3545,0.39,0.607,4
p3612,0.41,0.479,4
p2553,0.394,0.621,4
p4249,0.37,0.609,4
p4501,0.379,0.581,4
p3473,0.414,0.403,4
p3494,0.407,0.481,4
p3578,0.382,0.673,4
p3533,0.403,0.612,4
p4262,0.383,0.563,4
p4456,0.404,0.402,4
p2528,0.366,0.643,4
p3528,0.388,0.588,4
p2636,0.403,0.51,4
p2522,0.371,0.634,4
p4221,0.36,0.574,4
p2560,0.379,0.62,4
p2526,0.375,0.666,4
p4226,0.384,0.582,4
p4197,0.374,0.471,4
p4235,0.366,0.572,4
p4531,0.392,0.578,4
p2595,0.402,0.581,4
p3569,0.377,0.639,4
p4202,0.392,0.482,4
p3616,0.386,0.448,4
p2527,0.396,0.672,4
p2525,0.377,0.67,4
p4194,0.379,0.479,4
p3597,0.39,0.55,4
p2606,0.374,0.54,4
p4481,0.362,0.517,4
p2601,0.384,0.521,4
p2663,0.4,0.485,4
p4272,0.363,0.56,4
p3484,0.418,0.481,4
p4175,0.386,0.472,4
p3605,0.403,0.523,4
p4199,0.375,0.488,4
p2687,0.395,0.448,4
p3570,0.374,0.669,4
p4242,0.397,0.596,4
p2702,0.415,0.404,4
p4251,0.387,0.632,4
p2545,0.386,0.608,4
p2685,0.42,0.432,4
p4244,0.4,0.608,4
p2691,0.402,0.41,4
p3568,0.392,0.639,4
p4203,0.397,0.507,4
p4472,0.396,0.482,4
p3521,0.368,0.578,4
p2603,0.402,0.565,4
p2668,0.39,0.476,4
p4465,0.376,0.431,4
p2674,0.401,0.474,4
p2619,0.4,0.531,4
p3625,0.408,0.422,4
p4240,0.376,0.61,4
p4259,0.391,0.626,4
p2588,0.385,0.574,4
p2627,0.39,0.532,4
p4536,0.37,0.457,4
p4279,0.4,0.52,4
p4243,0.394,0.639,4
p2574,0.38,0.606,4
p3513,0.38,0.556,4
p4271,0.4,0.623,4
p3574,0.411,0.653,4
p2559,0.382,0.605,4
p4246,0.351,0.597,4
p3531,0.397,0.589,4
p2686,0.42,0.426,4
p4458,0.426,0.414,4
p3488,0.392,0.442,4
p3585,0.395,0.621,4
p4205,0.368,0.532,4
p4211,0.378,0.542,4
p4482,0.391,0.548,4
p2556,0.395,0.585,4
p2688,0.416,0.437,4
p2651,0.393,0.492,4
p3600,0.39,0.563,4
p3483,0.426,0.442,4
p3517,0.395,0.536,4
p4539,0.389,0.394,4
p3522,0.391,0.563,4
p3541,0.395,0.618,4
p4495,0.342,0.519,4
p2639,0.397,0.519,4
p3594,0.36,0.64,4
p2579,0.386,0.571,4
p4534,0.346,0.523,4
p3492,0.391,0.504,4
p2568,0.374,0.58,4
p2617,0.398,0.557,4
p4300,0.383,0.432,4
p2535,0.398,0.623,4
p4520,0.364,0.644,4
p2531,0.387,0.672,4
p2697,0.415,0.405,4
p4505,0.398,0.606,4
p3501,0.404,0.511,4
p4237,0.37,0.584,4
p4182,0.364,0.473,4
p4543,0.381,0.391,4
p4283,0.384,0.528,4
p2570,0.394,0.588,4
p3536,0.412,0.597,4
p2643,0.403,0.523,4
p4544,0.359,0.395,4
p3563,0.382,0.632,4
p4529,0.392,0.643,4
p3602,0.384,0.487,4
p4241,0.359,0.622,4
p4478,0.388,0.503,4
p4280,0.373,0.507,4
p2672,0.407,0.473,4
p4216,0.378,0.522,4
p3635,0.412,0.432,4
p3489,0.411,0.482,4
p3613,0.412,0.473,4
p4219,0.398,0.566,4
p3514,0.4,0.549,4
p4172,0.363,0.44,4
p4527,0.38,0.616,4
p2557,0.374,0.644,4
p3584,0.393,0.62,4
p4519,0.383,0.617,4
p4289,0.397,0.468,4
p4503,0.382,0.586,4
p4474,0.396,0.488,4
p2537,0.39,0.631,4
p3509,0.382,0.542,4
p3550,0.405,0.665,4
p2594,0.4,0.555,4
p4261,0.37,0.639,4
p3626,0.416,0.419,4
p4535,0.357,0.452,4
p3581,0.399,0.625,4
p4266,0.388,0.579,4
p2693,0.407,0.422,4
p3506,0.418,0.545,4
p4508,0.419,0.599,4
p2614,0.378,0.508,4
p3511,0.369,0.591,4
p2555,0.374,0.65,4
p2705,0.409,0.414,4
p2543,0.373,0.662,4
p2678,0.413,0.452,4
p3573,0.383,0.68,4
p3620,0.405,0.416,4
p4494,0.367,0.553,4
p2536,0.379,0.667,4
p4165,0.378,0.409,4
p2582,0.385,0.583,4
p4230,0.373,0.58,4
p3526,0.37,0.587,4
p3557,0.381,0.675,4
p3503,0.392,0.523,4
p3543,0.401,0.632,4
p3603,0.358,0.528,4
p3566,0.414,0.667,4
p2624,0.404,0.504,4
p4473,0.383,0.495,4
p3476,0.433,0.445,4
p4191,0.38,0.455,4
p4464,0.404,0.451,4
p4499,0.379,0.56,4
p4533,0.364,0.498,4
p3576,0.385,0.633,4
p3554,0.381,0.667,4
p2577,0.364,0.573,4
p2565,0.362,0.614,4
p2640,0.396,0.489,4
p4504,0.387,0.593,4
p3615,0.412,0.488,4
p4166,0.361,0.436,4
p4488,0.387,0.535,4
p4218,0.395,0.54,4
p2602,0.387,0.575,4
p3623,0.404,0.435,4
p3491,0.4,0.484,4
p2696,0.399,0.408,4
p3627,0.402,0.414,4
p3552,0.374,0.607,4
p4288,0.38,0.469,4
p2575,0.406,0.57,4
p2529,0.349,0.662,4
p4228,0.389,0.598,4
p2539,0.393,0.636,4
p2684,0.387,0.445,4
p3498,0.397,0.461,4
p1499,0.623,0.571,5
p1327,0.6,0.637,5
p1333,0.579,0.594,5
p1394,0.581,0.586,5
p1617,0.576,0.693,5
p1493,0.599,0.514,5
p1535,0.615,0.581,5
p1275,0.593,0.662,5
p1400,0.6,0.589,5
p2242,0.609,0.685,5
p1527,0.611,0.559,5
p1420,0.603,0.553,5
p1555,0.59,0.625,5
p1305,0.592,0.647,5
p1461,0.568,0.535,5
p1429,0.6,0.53,5
p1428,0.616,0.554,5
p1512,0.591,0.55,5
p1474,0.603,0.526,5
p1340,0.595,0.58,5
p1186,0.558,0.697,5
p1457,0.612,0.57,5
p1292,0.611,0.665,5
p1343,0.612,0.605,5
p2200,0.625,0.585,5
p1607,0.602,0.678,5
p1256,0.58,0.681,5
p1629,0.584,0.698,5
p1293,0.593,0.657,5
p1547,0.62,0.565,5
p1520,0.628,0.554,5
p1567,0.609,0.649,5
p1513,0.615,0.577,5
p1295,0.59,0.662,5
p2208,0.605,0.608,5
p1466,0.59,0.555,5
p2167,0.645,0.533,5
p1249,0.59,0.704,5
p1552,0.61,0.583,5
p1575,0.6,0.62,5
p1255,0.611,0.677,5
p1288,0.613,0.655,5
p1424,0.606,0.532,5
p2234,0.618,0.656,5
p1307,0.603,0.659,5
p1600,0.601,0.677,5
p1531,0.634,0.59,5
p1564,0.619,0.625,5
p1259,0.6,0.667,5
p1294,0.603,0.683,5
p1603,0.606,0.692,5
p1516,0.602,0.566,5
p1645,0.589,0.71,5
p1319,0.616,0.633,5
p1350,0.615,0.57,5
p1612,0.583,0.672,5
p1395,0.589,0.586,5
p1287,0.6,0.66,5
p1397,0.596,0.566,5
p1341,0.592,0.596,5
p1506,0.607,0.554,5
p2221,0.599,0.648,5
p1228,0.581,0.703,5
p1482,0.606,0.528,5
p1556,0.635,0.629,5
p1334,0.584,0.641,5
p1352,0.583,0.583,5
p1479,0.601,0.564,5
p1586,0.579,0.648,5
p1446,0.611,0.574,5
p1533,0.597,0.59,5
p1245,0.598,0.702,5
p1659,0.576,0.719,5
p1538,0.608,0.591,5
p1574,0.608,0.632,5
p1468,0.602,0.539,5
p2265,0.584,0.689,5
p2237,0.597,0.715,5
p2197,0.599,0.574,5
p1412,0.595,0.565,5
p1583,0.612,0.626,5
p1549,0.618,0.589,5
p1308,0.602,0.655,5
p1184,0.581,0.731,5
p2218,0.612,0.627,5
p1388,0.598,0.592,5
p1362,0.591,0.594,5
p2273,0.606,0.74,5
p1278,0.613,0.664,5
p1274,0.607,0.662,5
p2189,0.601,0.58,5
p1594,0.608,0.681,5
p1641,0.588,0.719,5
p1270,0.603,0.691,5
p1504,0.599,0.549,5
p2256,0.636,0.704,5
p1258,0.602,0.688,5
p1558,0.621,0.635,5
p2271,0.596,0.735,5
p1236,0.604,0.729,5
p1353,0.597,0.592,5
p1515,0.613,0.607,5
p1329,0.587,0.617,5
p1370,0.586,0.598,5
p1332,0.597,0.618,5
p2226,0.6,0.678,5
p1232,0.581,0.695,5
p1311,0.61,0.638,5
p1536,0.616,0.575,5
p1254,0.595,0.705,5
p2275,0.595,0.737,5
p1476,0.615,0.547,5
p1592,0.611,0.659,5
p1398,0.603,0.554,5
p2217,0.639,0.625,5
p1409,0.588,0.559,5
p1225,0.616,0.703,5
p1285,0.587,0.673,5
p2244,0.58,0.688,5
p2223,0.606,0.631,5
p2267,0.597,0.724,5
p2230,0.612,0.653,5
p1318,0.582,0.595,5
p1296,0.607,0.682,5
p2181,0.64,0.586,5
p2233,0.594,0.645,5
p1511,0.615,0.58,5
p2170,0.623,0.574,5
p1229,0.596,0.689,5
p1238,0.588,0.694,5
p1244,0.592,0.679,5
p1460,0.587,0.572,5
p2186,0.638,0.596,5
p1257,0.59,0.663,5
p1269,0.597,0.676,5
p1261,0.602,0.71,5
p1425,0.584,0.565,5
p2282,0.609,0.735,5
p2268,0.591,0.724,5
p1548,0.631,0.597,5
p1638,0.575,0.721,5
p1315,0.61,0.622,5
p2165,0.647,0.578,5
p1233,0.588,0.694,5
p1146,0.579,0.727,5
p1262,0.565,0.691,5
p1283,0.602,0.643,5
p1491,0.606,0.539,5
p1208,0.577,0.73,5
p1422,0.582,0.577,5
p1297,0.601,0.652,5
p1551,0.608,0.609,5
p2194,0.645,0.614,5
p1376,0.624,0.571,5
p1580,0.599,0.625,5
p1467,0.616,0.52,5
p2168,0.648,0.529,5
p1470,0.605,0.521,5
p2262,0.591,0.714,5
p1390,0.58,0.584,5
p1148,0.582,0.731,5
p1357,0.568,0.597,5
p1441,0.597,0.515,5
p1347,0.605,0.59,5
p1438,0.599,0.547,5
p2261,0.604,0.723,5
p1454,0.584,0.542,5
p2198,0.633,0.59,5
p1310,0.608,0.654,5
p1368,0.61,0.586,5
p1623,0.602,0.71,5
p1570,0.628,0.638,5
p1636,0.612,0.708,5
p1622,0.601,0.682,5
p1518,0.611,0.584,5
p1374,0.582,0.556,5
p1237,0.607,0.699,5
p1298,0.605,0.645,5
p1342,0.596,0.619,5
p1591,0.59,0.635,5
p1426,0.598,0.578,5
p2241,0.581,0.672,5
p1563,0.617,0.612,5
p1576,0.62,0.655,5
p1367,0.575,0.609,5
p1587,0.592,0.66,5
p1502,0.61,0.559,5
p1451,0.594,0.54,5
p1188,0.564,0.713,5
p2239,0.608,0.683,5
p2247,0.571,0.695,5
p1382,0.59,0.567,5
p1272,0.612,0.683,5
p1328,0.604,0.619,5
p1509,0.602,0.56,5
p1456,0.606,0.578,5
p1471,0.597,0.526,5
p1545,0.619,0.594,5
p1582,0.605,0.665,5
p1519,0.624,0.562,5
p1494,0.598,0.553,5
p1205,0.602,0.74,5
p1435,0.572,0.57,5
p1413,0.6,0.556,5
p2266,0.612,0.705,5
p1279,0.592,0.673,5
p1423,0.607,0.564,5
p1610,0.576,0.661,5
p2255,0.583,0.713,5
p2211,0.613,0.637,5
p1219,0.612,0.694,5
p1313,0.605,0.591,5
p1436,0.594,0.579,5
p1522,0.621,0.577,5
p1267,0.588,0.681,5
p1226,0.591,0.714,5
p2191,0.635,0.592,5
p2225,0.576,0.644,5
p1477,0.623,0.566,5
p1524,0.592,0.542,5
p2252,0.592,0.682,5
p1606,0.601,0.672,5
p1375,0.595,0.603,5
p1585,0.61,0.634,5
p2188,0.621,0.609,5
p1469,0.609,0.543,5
p2260,0.601,0.692,5
p1389,0.586,0.55,5
p1331,0.617,0.629,5
p2212,0.622,0.625,5
p1455,0.591,0.56,5
p1650,0.546,0.688,5
p2251,0.607,0.677,5
p2179,0.626,0.568,5
p1579,0.629,0.647,5
p2214,0.598,0.626,5
p1497,0.615,0.557,5
p1421,0.598,0.539,5
p1348,0.578,0.622,5
p1369,0.598,0.561,5
p1385,0.621,0.554,5
p1252,0.609,0.66,5
p1280,0.593,0.663,5
p1253,0.6,0.715,5
p1619,0.584,0.676,5
p2296,0.622,0.747,5
p1246,0.591,0.667,5
p1444,0.607,0.54,5
p1282,0.586,0.669,5
p1207,0.575,0.706,5
p1571,0.595,0.627,5
p1485,0.585,0.557,5
p1366,0.578,0.577,5
p1464,0.597,0.574,5
p1459,0.633,0.549,5
p1526,0.622,0.612,5
p2219,0.626,0.643,5
p1302,0.604,0.622,5
p1588,0.578,0.655,5
p1440,0.574,0.541,5
p2187,0.639,0.584,5
p1281,0.619,0.691,5
p1239,0.596,0.702,5
p1483,0.599,0.56,5
p1500,0.61,0.564,5
p1523,0.615,0.561,5
p1433,0.598,0.577,5
p1602,0.606,0.674,5
p1546,0.595,0.608,5
p1250,0.597,0.683,5
p2205,0.59,0.644,5
p1437,0.605,0.563,5
p1403,0.574,0.565,5
p1553,0.602,0.554,5
p1210,0.592,0.719,5
p2250,0.555,0.678,5
p1349,0.589,0.613,5
p1521,0.634,0.589,5
p1543,0.632,0.577,5
p1363,0.597,0.598,5
p1230,0.597,0.692,5
p1450,0.598,0.53,5
p2258,0.608,0.716,5
p1277,0.576,0.68,5
p2190,0.638,0.574,5
p1495,0.6,0.544,5
p1361,0.591,0.59,5
p1488,0.601,0.515,5
p2206,0.587,0.605,5
p2277,0.596,0.729,5
p1442,0.6,0.529,5
p1251,0.607,0.678,5
p1324,0.587,0.606,5
p1613,0.6,0.673,5
p2281,0.613,0.712,5
p1453,0.573,0.541,5
p1234,0.588,0.722,5
p2177,0.618,0.569,5
p1286,0.605,0.638,5
p1335,0.601,0.605,5
p2224,0.611,0.629,5
p1615,0.587,0.67,5
p2220,0.587,0.644,5
p2236,0.572,0.674,5
p1529,0.62,0.549,5
p1566,0.642,0.609,5
p1322,0.629,0.605,5
p1648,0.586,0.73,5
p1439,0.595,0.597,5
p1489,0.593,0.532,5
p1427,0.597,0.56,5
p1541,0.64,0.609,5
p1289,0.61,0.662,5
p1628,0.584,0.68,5
p1665,0.599,0.741,5
p1452,0.587,0.535,5
p1542,0.616,0.579,5
p1314,0.596,0.614,5
p1604,0.593,0.666,5
p1326,0.57,0.614,5
p1416,0.61,0.559,5
p1486,0.592,0.549,5
p2164,0.643,0.547,5
p1218,0.603,0.723,5
p1410,0.591,0.561,5
p1266,0.586,0.671,5
p1380,0.59,0.587,5
p1611,0.593,0.668,5
p1386,0.613,0.567,5
p1534,0.616,0.609,5
p1430,0.578,0.549,5
p1383,0.585,0.605,5
p1584,0.623,0.649,5
p1565,0.623,0.611,5
p2216,0.602,0.624,5
p1260,0.609,0.699,5
p1608,0.599,0.676,5
p2172,0.64,0.593,5
p1419,0.614,0.541,5
p2243,0.596,0.691,5
p1264,0.588,0.684,5
p1201,0.565,0.725,5
p1317,0.597,0.664,5
p1445,0.62,0.538,5
p2173,0.633,0.527,5
p1393,0.6,0.576,5
p1217,0.598,0.724,5
p1463,0.604,0.52,5
p1503,0.61,0.568,5
p1417,0.598,0.552,5
p1401,0.61,0.585,5
p1618,0.577,0.679,5
p2263,0.594,0.695,5
p1300,0.601,0.641,5
p2192,0.637,0.54,5
p1243,0.589,0.69,5
p1599,0.618,0.668,5
p2204,0.626,0.559,5
p1301,0.638,0.633,5
p1540,0.615,0.564,5
p1475,0.608,0.565,5
p1458,0.622,0.54,5
p1589,0.62,0.632,5
p1449,0.598,0.526,5
p1544,0.602,0.602,5
p1202,0.582,0.717,5
p1337,0.6,0.605,5
p2185,0.651,0.585,5
p1214,0.597,0.718,5
p1189,0.569,0.722,5
p2249,0.594,0.682,5
p1211,0.579,0.699,5
p2300,0.613,0.741,5
p1577,0.568,0.678,5
p1377,0.591,0.59,5
p1356,0.585,0.57,5
p2269,0.603,0.734,5
p1505,0.576,0.507,5
p1290,0.626,0.671,5
p2215,0.601,0.636,5
p1303,0.606,0.626,5
p1569,0.632,0.61,5
p1263,0.612,0.684,5
p2270,0.609,0.708,5
p2199,0.614,0.587,5
p2178,0.643,0.568,5
p1299,0.619,0.636,5
p2227,0.608,0.674,5
p1616,0.611,0.675,5
p1405,0.581,0.588,5
p1407,0.604,0.555,5
p1215,0.588,0.733,5
p1642,0.574,0.691,5
p1320,0.592,0.633,5
p1371,0.587,0.596,5
p1557,0.625,0.615,5
p1306,0.593,0.628,5
p2245,0.609,0.703,5
p2248,0.609,0.697,5
p1462,0.59,0.549,5
p1624,0.603,0.704,5
p1573,0.633,0.613,5
p1532,0.614,0.587,5
p1528,0.614,0.563,5
p1630,0.6,0.703,5
p2176,0.629,0.598,5
p1568,0.622,0.621,5
p1271,0.584,0.679,5
p1224,0.61,0.735,5
p1562,0.612,0.634,5
p1358,0.583,0.581,5
p2259,0.588,0.701,5
p1581,0.619,0.63,5
p1378,0.604,0.604,5
p1472,0.603,0.525,5
p2202,0.635,0.593,5
p2169,0.637,0.548,5
p1399,0.584,0.561,5
p1498,0.601,0.561,5
p2246,0.595,0.706,5
p1268,0.613,0.681,5
p1633,0.578,0.728,5
p2196,0.63,0.592,5
p2201,0.623,0.611,5
p1235,0.577,0.712,5
p1640,0.591,0.733,5
p1248,0.593,0.699,5
p1351,0.576,0.599,5
p1387,0.594,0.606,5
p1593,0.611,0.669,5
p2257,0.593,0.709,5
p1227,0.574,0.701,5
p1572,0.625,0.612,5
p1590,0.607,0.657,5
p1402,0.601,0.583,5
p2180,0.639,0.583,5
p2287,0.607,0.736,5
p1241,0.592,0.696,5
p1247,0.606,0.715,5
p1195,0.574,0.709,5
p1345,0.592,0.595,5
p1465,0.601,0.572,5
p1487,0.598,0.552,5
p1231,0.577,0.716,5
p1216,0.598,0.718,5
p1365,0.586,0.598,5
p1554,0.595,0.618,5
p2182,0.628,0.582,5
p2274,0.591,0.722,5
p1490,0.627,0.574,5
p1339,0.594,0.625,5
p1598,0.581,0.686,5
p1344,0.619,0.576,5
p1492,0.615,0.573,5
p1560,0.6,0.6,5
p2171,0.634,0.553,5
p1240,0.607,0.723,5
p1605,0.599,0.646,5
p1309,0.593,0.618,5
p1481,0.591,0.56,5
p1431,0.617,0.557,5
p1418,0.603,0.556,5
p2213,0.597,0.616,5
p1321,0.57,0.624,5
p1550,0.616,0.632,5
p1501,0.589,0.537,5
p2235,0.613,0.686,5
p1265,0.594,0.668,5
p1373,0.617,0.597,5
p1559,0.614,0.64,5
p1627,0.591,0.676,5
p2175,0.633,0.557,5
p1414,0.589,0.583,5
p1651,0.569,0.72,5
p1595,0.607,0.633,5
p1480,0.589,0.501,5
p1404,0.599,0.575,5
p2264,0.588,0.728,5
p1609,0.607,0.676,5
p1203,0.586,0.712,5
p2279,0.596,0.737,5
p1578,0.589,0.617,5
p1408,0.593,0.558,5
p2174,0.622,0.563,5
p2231,0.61,0.621,5
p1364,0.577,0.574,5
p1517,0.607,0.587,5
p1596,0.601,0.674,5
p1473,0.608,0.518,5
p1384,0.575,0.555,5
p1213,0.597,0.714,5
p1392,0.613,0.554,5
p1634,0.579,0.717,5
p1411,0.596,0.589,5
p1432,0.632,0.543,5
p1242,0.587,0.659,5
p1284,0.607,0.647,5
p1597,0.6,0.676,5
p1561,0.604,0.625,5
p1330,0.602,0.622,5
p1359,0.578,0.597,5
p1643,0.578,0.729,5
p2210,0.637,0.612,5
p2203,0.616,0.642,5
p2184,0.614,0.578,5
p1381,0.617,0.551,5
p1496,0.606,0.555,5
p1447,0.618,0.576,5
p1443,0.607,0.562,5
p1325,0.595,0.587,5
p1354,0.593,0.615,5
p2272,0.612,0.69,5
p2229,0.594,0.674,5
p2193,0.637,0.597,5
p1406,0.594,0.58,5
p1415,0.613,0.558,5
p1530,0.616,0.554,5
p1372,0.621,0.559,5
p2166,0.627,0.56,5
p1346,0.615,0.618,5
p2195,0.626,0.582,5
p1434,0.606,0.549,5
p2207,0.602,0.617,5
p1199,0.591,0.732,5
p1396,0.577,0.557,5
p1625,0.601,0.669,5
p1379,0.623,0.574,5
p1601,0.603,0.68,5
p1312,0.609,0.63,5
p1537,0.61,0.597,5
p1196,0.594,0.686,5
p1484,0.591,0.52,5
p1508,0.633,0.585,5
p1525,0.622,0.602,5
p2232,0.575,0.639,5
p1336,0.592,0.617,5
p1220,0.584,0.713,5
p1391,0.577,0.572,5
p1338,0.597,0.623,5
p1291,0.62,0.623,5
p1448,0.606,0.572,5
p2209,0.614,0.614,5
p2222,0.606,0.656,5
p1360,0.589,0.589,5
p1478,0.62,0.566,5
p1323,0.606,0.638,5
p1614,0.604,0.715,5
p1316,0.626,0.645,5
p1621,0.596,0.684,5
p1355,0.62,0.598,5
p1276,0.626,0.673,5
p2183,0.625,0.556,5
p1620,0.617,0.681,5
p1510,0.619,0.548,5
p1539,0.609,0.554,5
p2238,0.595,0.654,5
p1626,0.59,0.714,5
p1273,0.592,0.655,5
p2240,0.585,0.674,5
p1644,0.583,0.713,5
p2254,0.608,0.727,5
p1507,0.604,0.58,5
p1304,0.61,0.615,5
p1639,0.575,0.726,5
p1631,0.59,0.709,5
p1514,0.603,0.538,5
p1222,0.585,0.716,5
p1162,0.577,0.714,5
p2228,0.61,0.685,5
p1828,0.391,0.874,6
p846,0.377,0.87,6
p667,0.285,0.842,6
p686,0.274,0.826,6
p1818,0.413,0.849,6
p2460,0.366,0.909,6
p862,0.408,0.874,6
p2516,0.308,0.853,6
p1901,0.308,0.822,6
p2040,0.235,0.759,6
p890,0.396,0.825,6
p475,0.225,0.763,6
p624,0.288,0.832,6
p816,0.35,0.857,6
p1926,0.298,0.804,6
p894,0.394,0.868,6
p696,0.297,0.858,6
p561,0.261,0.78,6
p2042,0.235,0.75,6
p1993,0.268,0.829,6
p536,0.252,0.794,6
p831,0.385,0.886,6
p919,0.415,0.882,6
p2450,0.391,0.86,6
p583,0.269,0.833,6
p855,0.379,0.856,6
p737,0.316,0.883,6
p804,0.367,0.864,6
p653,0.303,0.821,6
p826,0.378,0.85,6
p527,0.245,0.785,6
p594,0.261,0.813,6
p834,0.397,0.863,6
p498,0.242,0.758,6
p523,0.26,0.766,6
p591,0.27,0.821,6
p892,0.398,0.892,6
p2455,0.388,0.881,6
p2017,0.275,0.771,6
p786,0.333,0.839,6
p1863,0.36,0.871,6
p2436,0.374,0.918,6
p759,0.339,0.836,6
p606,0.292,0.797,6
p2476,0.348,0.874,6
p697,0.29,0.858,6
p1900,0.3,0.844,6
p2451,0.362,0.879,6
p888,0.411,0.824,6
p451,0.244,0.761,6
p605,0.266,0.802,6
p2479,0.337,0.878,6
p715,0.31,0.871,6
p1891,0.322,0.868,6
p477,0.261,0.77,6
p865,0.402,0.89,6
p1939,0.286,0.824,6
p713,0.315,0.858,6
p1856,0.369,0.85,6
p551,0.262,0.804,6
p693,0.307,0.87,6
p1914,0.304,0.88,6
p889,0.393,0.883,6
p1861,0.365,0.85,6
p797,0.343,0.872,6
p1907,0.312,0.819,6
p2443,0.37,0.861,6
p1931,0.297,0.844,6
p1937,0.275,0.874,6
p2024,0.257,0.801,6
p585,0.273,0.821,6
p1878,0.341,0.859,6
p1928,0.295,0.822,6
p542,0.252,0.805,6
p896,0.411,0.861,6
p723,0.329,0.848,6
p1968,0.288,0.805,6
p1990,0.294,0.809,6
p1994,0.253,0.825,6
p886,0.379,0.88,6
p2510,0.319,0.875,6
p2513,0.318,0.867,6
p714,0.3,0.841,6
p1932,0.303,0.806,6
p595,0.275,0.799,6
p487,0.243,0.755,6
p793,0.339,0.881,6
p833,0.362,0.886,6
p631,0.27,0.849,6
p721,0.305,0.836,6
p2464,0.353,0.878,6
p582,0.277,0.789,6
p712,0.309,0.866,6
p563,0.226,0.832,6
p874,0.392,0.903,6
p856,0.394,0.85,6
p635,0.298,0.817,6
p584,0.251,0.818,6
p2454,0.369,0.87,6
p772,0.335,0.891,6
p567,0.282,0.814,6
p657,0.31,0.835,6
p827,0.353,0.842,6
p794,0.35,0.891,6
p830,0.386,0.902,6
p2447,0.387,0.899,6
p526,0.257,0.795,6
p1965,0.274,0.795,6
p623,0.281,0.832,6
p1852,0.381,0.859,6
p2058,0.253,0.742,6
p1881,0.322,0.831,6
p745,0.323,0.864,6
p578,0.255,0.835,6
p1831,0.377,0.848,6
p1884,0.328,0.881,6
p454,0.232,0.761,6
p2007,0.247,0.779,6
p681,0.309,0.851,6
p860,0.392,0.887,6
p1940,0.281,0.78,6
p1895,0.339,0.841,6
p2035,0.249,0.794,6
p1972,0.281,0.786,6
p2036,0.245,0.748,6
p879,0.392,0.873,6
p861,0.414,0.88,6
p510,0.244,0.798,6
p1912,0.318,0.826,6
p746,0.348,0.87,6
p2434,0.391,0.879,6
p744,0.331,0.854,6
p481,0.225,0.757,6
p513,0.274,0.772,6
p547,0.242,0.812,6
p469,0.229,0.772,6
p1836,0.399,0.829,6
p704,0.267,0.861,6
p522,0.243,0.807,6
p911,0.401,0.872,6
p1949,0.296,0.803,6
p1858,0.348,0.826,6
p1874,0.318,0.858,6
p1879,0.35,0.848,6
p820,0.383,0.872,6
p599,0.27,0.804,6
p518,0.247,0.789,6
p569,0.253,0.786,6
p2494,0.324,0.87,6
p555,0.283,0.813,6
p538,0.275,0.781,6
p1840,0.407,0.851,6
p2003,0.265,0.766,6
p663,0.269,0.846,6
p825,0.359,0.899,6
p2507,0.31,0.829,6
p2004,0.261,0.784,6
p734,0.32,0.869,6
p756,0.34,0.859,6
p577,0.265,0.815,6
p798,0.374,0.843,6
p872,0.399,0.888,6
p562,0.263,0.797,6
p566,0.249,0.807,6
p2002,0.274,0.805,6
p2025,0.271,0.781,6
p1950,0.289,0.809,6
p2026,0.259,0.773,6
p2503,0.317,0.862,6
p769,0.347,0.857,6
p1981,0.263,0.822,6
p1986,0.267,0.8,6
p452,0.256,0.754,6
p2442,0.362,0.879,6
p1918,0.313,0.825,6
p1887,0.307,0.846,6
p480,0.241,0.753,6
p1876,0.332,0.828,6
p733,0.318,0.872,6
p431,0.242,0.757,6
p558,0.269,0.804,6
p2429,0.407,0.883,6
p649,0.295,0.817,6
p1799,0.415,0.863,6
p2010,0.241,0.789,6
p1943,0.315,0.809,6
p616,0.278,0.831,6
p2426,0.414,0.856,6
p641,0.277,0.833,6
p773,0.351,0.87,6
p1834,0.398,0.83,6
p564,0.291,0.812,6
p2046,0.233,0.767,6
p2424,0.399,0.907,6
p2033,0.242,0.758,6
p2449,0.37,0.885,6
p645,0.273,0.851,6
p532,0.259,0.818,6
p1894,0.302,0.859,6
p2499,0.33,0.854,6
p694,0.294,0.854,6
p754,0.338,0.86,6
p630,0.269,0.801,6
p835,0.381,0.872,6
p1867,0.346,0.864,6
p901,0.4,0.908,6
p1839,0.401,0.858,6
p609,0.276,0.838,6
p675,0.287,0.84,6
p2478,0.334,0.87,6
p1953,0.304,0.811,6
p1893,0.288,0.851,6
p2028,0.244,0.761,6
p2022,0.28,0.768,6
p534,0.257,0.81,6
p627,0.28,0.86,6
p1872,0.33,0.871,6
p813,0.356,0.852,6
p1835,0.388,0.87,6
p517,0.256,0.746,6
p851,0.382,0.902,6
p1854,0.34,0.845,6
p2497,0.319,0.887,6
p711,0.303,0.843,6
p1945,0.275,0.788,6
p1883,0.339,0.849,6
p565,0.262,0.788,6
p491,0.239,0.752,6
p690,0.299,0.863,6
p821,0.344,0.898,6
p458,0.24,0.745,6
p621,0.276,0.829,6
p858,0.375,0.884,6
p2414,0.412,0.843,6
p876,0.409,0.867,6
p666,0.275,0.826,6
p2445,0.385,0.871,6
p1869,0.353,0.859,6
p1885,0.323,0.873,6
p1960,0.291,0.82,6
p2020,0.256,0.787,6
p668,0.323,0.812,6
p1830,0.386,0.859,6
p907,0.414,0.872,6
p2482,0.319,0.86,6
p1843,0.38,0.825,6
p743,0.346,0.883,6
p2496,0.334,0.864,6
p1897,0.336,0.849,6
p611,0.277,0.821,6
p1934,0.304,0.805,6
p1823,0.406,0.889,6
p514,0.245,0.782,6
p857,0.407,0.862,6
p732,0.33,0.856,6
p607,0.26,0.8,6
p1930,0.326,0.833,6
p2502,0.31,0.833,6
p2486,0.328,0.854,6
p1927,0.31,0.83,6
p877,0.395,0.864,6
p1868,0.349,0.869,6
p2006,0.267,0.785,6
p1853,0.401,0.843,6
p615,0.28,0.82,6
p796,0.355,0.835,6
p839,0.389,0.86,6
p650,0.295,0.828,6
p539,0.251,0.787,6
p803,0.332,0.869,6
p670,0.301,0.823,6
p774,0.357,0.851,6
p1919,0.301,0.81,6
p450,0.214,0.777,6
p768,0.351,0.862,6
p1988,0.256,0.801,6
p571,0.272,0.81,6
p2049,0.259,0.743,6
p463,0.243,0.777,6
p1829,0.4,0.854,6
p2438,0.386,0.877,6
p1970,0.267,0.853,6
p916,0.413,0.872,6
p461,0.247,0.756,6
p1825,0.376,0.851,6
p1916,0.317,0.872,6
p557,0.262,0.797,6
p691,0.308,0.825,6
p2493,0.345,0.874,6
p1871,0.304,0.865,6
p512,0.263,0.757,6
p761,0.327,0.869,6
p1819,0.399,0.879,6
p866,0.382,0.86,6
p878,0.37,0.882,6
p637,0.277,0.837,6
p1903,0.317,0.839,6
p2508,0.319,0.893,6
p2448,0.37,0.88,6
p1976,0.268,0.831,6
p2456,0.386,0.877,6
p781,0.388,0.857,6
p626,0.284,0.812,6
p504,0.233,0.751,6
p506,0.25,0.776,6
p799,0.353,0.85,6
p1845,0.399,0.846,6
p2031,0.265,0.766,6
p784,0.334,0.846,6
p1936,0.277,0.811,6
p871,0.401,0.881,6
p482,0.251,0.784,6
p628,0.258,0.823,6
p2465,0.348,0.907,6
p750,0.328,0.902,6
p1855,0.356,0.864,6
p610,0.261,0.831,6
p763,0.346,0.871,6
p1816,0.406,0.864,6
p748,0.338,0.844,6
p900,0.406,0.903,6
p596,0.273,0.815,6
p840,0.368,0.88,6
p2459,0.382,0.879,6
p474,0.245,0.772,6
p760,0.36,0.836,6
p1997,0.26,0.808,6
p2444,0.361,0.85,6
p2060,0.236,0.748,6
p2030,0.242,0.764,6
p1951,0.295,0.809,6
p2519,0.295,0.889,6
p811,0.376,0.858,6
p893,0.41,0.888,6
p683,0.303,0.891,6
p852,0.391,0.869,6
p1877,0.338,0.835,6
p647,0.292,0.844,6
p2515,0.29,0.834,6
p735,0.327,0.895,6
p2492,0.309,0.882,6
p815,0.338,0.864,6
p436,0.23,0.769,6
p1956,0.263,0.829,6
p875,0.401,0.865,6
p548,0.244,0.82,6
p2469,0.347,0.885,6
p525,0.252,0.801,6
p687,0.296,0.812,6
p507,0.243,0.756,6
p1849,0.355,0.87,6
p1923,0.3,0.843,6
p629,0.29,0.86,6
p1954,0.29,0.835,6
p1838,0.381,0.857,6
p505,0.233,0.774,6
p859,0.394,0.88,6
p1938,0.292,0.823,6
p2411,0.409,0.915,6
p869,0.398,0.881,6
p742,0.308,0.874,6
p1958,0.277,0.844,6
p829,0.371,0.863,6
p568,0.243,0.825,6
p485,0.239,0.774,6
p1948,0.285,0.828,6
p674,0.294,0.86,6
p790,0.356,0.892,6
p575,0.253,0.795,6
p895,0.392,0.843,6
p2473,0.372,0.882,6
p576,0.265,0.793,6
p500,0.227,0.796,6
p559,0.256,0.79,6
p806,0.362,0.866,6
p1909,0.306,0.84,6
p535,0.242,0.804,6
p891,0.409,0.864,6
p1962,0.271,0.791,6
p700,0.325,0.877,6
p1941,0.287,0.804,6
p2021,0.258,0.779,6
p2023,0.268,0.806,6
p709,0.313,0.87,6
p648,0.272,0.822,6
p646,0.293,0.798,6
p920,0.411,0.854,6
p2458,0.347,0.876,6
p1859,0.379,0.857,6
p524,0.263,0.795,6
p1999,0.28,0.813,6
p766,0.351,0.846,6
p849,0.385,0.872,6
p2015,0.285,0.829,6
p600,0.275,0.81,6
p1985,0.306,0.84,6
p468,0.237,0.795,6
p1961,0.267,0.801,6
p661,0.27,0.859,6
p499,0.248,0.792,6
p1925,0.304,0.826,6
p2488,0.313,0.87,6
p881,0.382,0.865,6
p2514,0.292,0.887,6
p845,0.393,0.875,6
p1837,0.387,0.846,6
p2435,0.398,0.893,6
p2505,0.315,0.836,6
p771,0.342,0.87,6
p764,0.382,0.837,6
p787,0.33,0.849,6
p789,0.343,0.881,6
p597,0.262,0.863,6
p638,0.255,0.857,6
p2470,0.336,0.888,6
p2412,0.404,0.868,6
p752,0.33,0.855,6
p531,0.265,0.792,6
p528,0.252,0.792,6
p617,0.264,0.824,6
p671,0.289,0.878,6
p1992,0.288,0.842,6
p2506,0.322,0.875,6
p2487,0.311,0.9,6
p2477,0.334,0.864,6
p625,0.267,0.806,6
p884,0.404,0.897,6
p698,0.296,0.869,6
p724,0.318,0.863,6
p722,0.301,0.876,6
p2439,0.39,0.902,6
p418,0.257,0.767,6
p1915,0.319,0.831,6
p602,0.261,0.816,6
p765,0.345,0.868,6
p673,0.298,0.818,6
p910,0.401,0.877,6
p656,0.298,0.816,6
p747,0.334,0.851,6
p437,0.244,0.749,6
p546,0.273,0.795,6
p501,0.247,0.777,6
p1966,0.284,0.786,6
p515,0.256,0.787,6
p1984,0.272,0.821,6
p549,0.269,0.796,6
p442,0.239,0.764,6
p788,0.357,0.88,6
p503,0.238,0.801,6
p1982,0.267,0.794,6
p484,0.248,0.779,6
p537,0.253,0.809,6
p1873,0.342,0.889,6
p848,0.395,0.864,6
p2041,0.236,0.762,6
p777,0.349,0.836,6
p1822,0.399,0.828,6
p2490,0.336,0.863,6
p479,0.237,0.751,6
p2009,0.26,0.779,6
p753,0.356,0.866,6
p1983,0.28,0.819,6
p550,0.266,0.81,6
p435,0.217,0.757,6
p792,0.357,0.893,6
p828,0.361,0.862,6
p511,0.246,0.756,6
p705,0.303,0.866,6
p1957,0.273,0.822,6
p516,0.235,0.778,6
p2039,0.254,0.762,6
p572,0.269,0.777,6
p702,0.316,0.868,6
p632,0.289,0.831,6
p2043,0.26,0.763,6
p1910,0.32,0.892,6
p1969,0.259,0.784,6
p462,0.23,0.787,6
p488,0.255,0.785,6
p2045,0.236,0.749,6
p1952,0.277,0.811,6
p2483,0.36,0.864,6
p1842,0.349,0.838,6
p708,0.31,0.851,6
p1864,0.348,0.857,6
p639,0.269,0.804,6
p730,0.308,0.872,6
p2048,0.244,0.758,6
p2000,0.258,0.807,6
p2018,0.267,0.794,6
p1902,0.29,0.838,6
p873,0.408,0.868,6
p560,0.278,0.825,6
p795,0.36,0.86,6
p655,0.303,0.834,6
p588,0.247,0.824,6
p2474,0.33,0.899,6
p1820,0.398,0.861,6
p1977,0.256,0.79,6
p2484,0.339,0.891,6
p837,0.38,0.852,6
p478,0.237,0.763,6
p574,0.272,0.801,6
p1998,0.236,0.802,6
p619,0.252,0.828,6
p749,0.331,0.885,6
p883,0.395,0.894,6
p586,0.263,0.832,6
p1866,0.34,0.833,6
p1922,0.293,0.822,6
p644,0.263,0.844,6
p779,0.36,0.889,6
p1888,0.313,0.824,6
p604,0.275,0.811,6
p854,0.375,0.834,6
p556,0.263,0.835,6
p545,0.256,0.793,6
p810,0.341,0.857,6
p2480,0.358,0.834,6
p689,0.314,0.881,6
p570,0.269,0.8,6
p659,0.282,0.848,6
p841,0.352,0.886,6
p703,0.317,0.842,6
p1882,0.325,0.851,6
p867,0.378,0.876,6
p882,0.408,0.855,6
p544,0.245,0.822,6
p782,0.371,0.884,6
p439,0.232,0.754,6
p651,0.3,0.835,6
p1898,0.342,0.879,6
p1921,0.31,0.863,6
p2453,0.361,0.877,6
p2501,0.303,0.865,6
p2416,0.41,0.883,6
p1865,0.377,0.829,6
p2471,0.363,0.875,6
p1991,0.282,0.801,6
p660,0.31,0.841,6
p1886,0.332,0.874,6
p587,0.258,0.812,6
p716,0.317,0.852,6
p887,0.389,0.855,6
p2520,0.295,0.841,6
p2422,0.4,0.87,6
p903,0.406,0.864,6
p1824,0.407,0.856,6
p1841,0.395,0.854,6
p688,0.306,0.841,6
p2432,0.412,0.879,6
p2019,0.26,0.792,6
p695,0.31,0.848,6
p2029,0.245,0.784,6
p658,0.286,0.835,6
p2014,0.251,0.805,6
p2472,0.34,0.897,6
p1947,0.278,0.804,6
p464,0.234,0.783,6
p614,0.269,0.827,6
p710,0.305,0.868,6
p2500,0.299,0.841,6
p590,0.274,0.843,6
p497,0.245,0.803,6
p1911,0.317,0.822,6
p2485,0.329,0.88,6
p801,0.331,0.894,6
p899,0.408,0.893,6
p427,0.228,0.77,6
p622,0.287,0.858,6
p1924,0.3,0.836,6
p1846,0.394,0.864,6
p2509,0.32,0.863,6
p2517,0.295,0.855,6
p1978,0.308,0.819,6
p814,0.35,0.886,6
p1979,0.255,0.792,6
p692,0.314,0.805,6
p553,0.282,0.806,6
p633,0.279,0.846,6
p2012,0.257,0.761,6
p2430,0.391,0.87,6
p1942,0.306,0.792,6
p1850,0.355,0.828,6
p643,0.258,0.825,6
p762,0.339,0.855,6
p783,0.336,0.859,6
p780,0.357,0.885,6
p678,0.298,0.857,6
p2008,0.27,0.819,6
p685,0.295,0.866,6
p824,0.364,0.886,6
p1974,0.282,0.842,6
p2446,0.375,0.859,6
p2461,0.349,0.892,6
p822,0.367,0.888,6
p1848,0.367,0.826,6
p2504,0.304,0.867,6
p791,0.339,0.877,6
p2463,0.349,0.88,6
p1980,0.276,0.82,6
p642,0.269,0.814,6
p449,0.243,0.765,6
p554,0.272,0.793,6
p728,0.307,0.872,6
p2418,0.412,0.914,6
p613,0.243,0.84,6
p1996,0.255,0.801,6
p885,0.391,0.877,6
p738,0.323,0.854,6
p741,0.304,0.867,6
p680,0.271,0.801,6
p720,0.308,0.855,6
p2512,0.315,0.845,6
p521,0.242,0.775,6
p672,0.278,0.801,6
p1946,0.275,0.786,6
p2001,0.273,0.788,6
p2415,0.416,0.865,6
p467,0.239,0.768,6
p725,0.306,0.886,6
p2423,0.387,0.893,6
p731,0.307,0.838,6
p2491,0.308,0.863,6
p1944,0.302,0.823,6
p466,0.226,0.766,6
p1995,0.263,0.809,6
p598,0.27,0.817,6
p1862,0.381,0.857,6
p776,0.35,0.876,6
p533,0.268,0.787,6
p699,0.288,0.86,6
p490,0.251,0.757,6
p1821,0.403,0.889,6
p757,0.345,0.847,6
p1964,0.268,0.814,6
p1870,0.34,0.874,6
p718,0.306,0.851,6
p1851,0.354,0.859,6
p520,0.262,0.789,6
p897,0.406,0.877,6
p863,0.376,0.854,6
p1929,0.28,0.829,6
p1880,0.346,0.816,6
p2437,0.38,0.921,6
p664,0.306,0.849,6
p819,0.365,0.847,6
p836,0.401,0.878,6
p2457,0.36,0.891,6
p1896,0.309,0.88,6
p2027,0.248,0.796,6
p1963,0.294,0.783,6
p2428,0.397,0.87,6
p612,0.284,0.835,6
p496,0.244,0.756,6
p676,0.31,0.869,6
p1892,0.336,0.839,6
p758,0.357,0.855,6
p489,0.22,0.78,6
p843,0.381,0.878,6
p868,0.403,0.864,6
p853,0.39,0.884,6
p785,0.362,0.878,6
p717,0.299,0.884,6
p2467,0.329,0.869,6
p1967,0.275,0.838,6
p2475,0.352,0.904,6
p684,0.287,0.846,6
p2433,0.368,0.904,6
p540,0.255,0.792,6
p701,0.289,0.867,6
p541,0.27,0.818,6
p494,0.232,0.794,6
p838,0.381,0.892,6
p706,0.309,0.84,6
p739,0.326,0.893,6
p2005,0.266,0.82,6
p519,0.252,0.789,6
p2518,0.306,0.878,6
p636,0.299,0.818,6
p640,0.294,0.819,6
p847,0.37,0.861,6
p2431,0.398,0.87,6
p459,0.259,0.783,6
p2011,0.268,0.786,6
p1975,0.274,0.817,6
p1833,0.398,0.862,6
p800,0.368,0.887,6
p770,0.353,0.866,6
p2462,0.359,0.916,6
p2425,0.395,0.9,6
p850,0.372,0.869,6
p492,0.266,0.776,6
p2468,0.335,0.912,6
p593,0.276,0.825,6
p618,0.293,0.841,6
p832,0.366,0.901,6
p652,0.304,0.861,6
p1955,0.278,0.822,6
p1973,0.272,0.815,6
p775,0.335,0.848,6
p679,0.288,0.838,6
p1920,0.294,0.842,6
p864,0.404,0.866,6
p455,0.241,0.77,6
p726,0.328,0.845,6
p654,0.274,0.834,6
p719,0.316,0.874,6
p1844,0.384,0.855,6
p1847,0.375,0.832,6
p1971,0.291,0.806,6
p543,0.261,0.81,6
p805,0.355,0.864,6
p778,0.36,0.866,6
p2495,0.314,0.847,6
p844,0.359,0.873,6
p727,0.292,0.83,6
p2481,0.328,0.873,6
p812,0.329,0.88,6
p2452,0.387,0.915,6
p473,0.251,0.776,6
p682,0.306,0.841,6
p1899,0.321,0.831,6
p740,0.32,0.88,6
p817,0.366,0.886,6
p823,0.37,0.885,6
p2489,0.335,0.831,6
p530,0.243,0.796,6
p1890,0.318,0.898,6
p509,0.256,0.824,6
p751,0.337,0.862,6
p1906,0.298,0.802,6
p601,0.266,0.816,6
p1987,0.267,0.82,6
p2441,0.374,0.862,6
p1959,0.254,0.825,6
p2498,0.339,0.882,6
p445,0.232,0.786,6
p580,0.262,0.81,6
p1989,0.273,0.788,6
p809,0.354,0.841,6
p870,0.385,0.877,6
p589,0.278,0.799,6
p1800,0.415,0.854,6
p802,0.366,0.855,6
p486,0.256,0.745,6
p603,0.29,0.812,6
p1875,0.345,0.926,6
p1917,0.3,0.864,6
p2037,0.231,0.771,6
p573,0.275,0.804,6
p1905,0.318,0.848,6
p460,0.248,0.748,6
p662,0.283,0.825,6
p508,0.258,0.797,6
p620,0.277,0.829,6
p2065,0.24,0.749,6
p502,0.232,0.77,6
p552,0.272,0.78,6
p634,0.283,0.824,6
p444,0.248,0.747,6
p842,0.38,0.886,6
p767,0.33,0.847,6
p880,0.396,0.882,6
p2016,0.239,0.798,6
p818,0.374,0.877,6
p493,0.219,0.786,6
p608,0.263,0.84,6
p707,0.306,0.877,6
p755,0.353,0.875,6
p2055,0.237,0.764,6
p592,0.258,0.82,6
p2466,0.35,0.884,6
p807,0.377,0.879,6
p2440,0.391,0.905,6
p1904,0.32,0.839,6
p1889,0.324,0.858,6
p808,0.363,0.86,6
p581,0.257,0.834,6
p677,0.284,0.854,6
p736,0.322,0.905,6
p472,0.245,0.76,6
p1860,0.346,0.855,6
p1857,0.373,0.853,6
p1935,0.287,0.836,6
p529,0.258,0.799,6
p579,0.249,0.824,6
p446,0.214,0.784,6
p669,0.291,0.859,6
p2511,0.31,0.836,6
p1908,0.329,0.829,6
p1933,0.294,0.809,6
p665,0.298,0.823,6
p729,0.312,0.842,6
p1913,0.317,0.868,6
p4451,0.419,0.345,7
p2762,0.469,0.296,7
p4057,0.467,0.221,7
p2740,0.448,0.356,7
p4114,0.528,0.27,7
p2736,0.461,0.384,7
p3456,0.447,0.347,7
p3651,0.465,0.342,7
p2797,0.554,0.258,7
p3463,0.432,0.358,7
p4614,0.61,0.18,7
p4454,0.406,0.379,7
p4323,0.442,0.318,7
p4120,0.558,0.238,7
p4342,0.535,0.266,7
p4322,0.427,0.268,7
p2715,0.439,0.375,7
p4317,0.447,0.313,7
p2754,0.476,0.346,7
p4054,0.523,0.213,7
p4595,0.547,0.186,7
p4350,0.572,0.248,7
p2809,0.588,0.281,7
p4091,0.408,0.313,7
p4437,0.471,0.268,7
p2769,0.481,0.318,7
p3438,0.476,0.35,7
p4338,0.518,0.292,7
p3422,0.507,0.287,7
p3460,0.471,0.347,7
p3653,0.457,0.351,7
p4562,0.438,0.204,7
p4560,0.411,0.189,7
p4596,0.541,0.194,7
p2799,0.586,0.263,7
p2753,0.454,0.329,7
p3413,0.493,0.266,7
p3418,0.503,0.255,7
p4576,0.472,0.242,7
p4805,0.5,0.271,7
p3387,0.608,0.225,7
p3472,0.434,0.4,7
p4334,0.51,0.253,7
p2817,0.58,0.261,7
p3676,0.582,0.236,7
p4052,0.542,0.212,7
p2795,0.579,0.263,7
p2748,0.465,0.333,7
p4065,0.456,0.275,7
p2729,0.449,0.338,7
p2726,0.448,0.355,7
p4457,0.398,0.385,7
p2771,0.48,0.315,7
p3673,0.615,0.263,7
p4448,0.416,0.34,7
p4607,0.582,0.216,7
p4321,0.416,0.342,7
p3470,0.432,0.383,7
p4066,0.475,0.28,7
p3439,0.462,0.309,7
p4133,0.552,0.215,7
p4434,0.504,0.281,7
p4428,0.535,0.242,7
p4556,0.407,0.264,7
p2793,0.564,0.268,7
p4447,0.441,0.308,7
p2822,0.607,0.231,7
p3648,0.444,0.325,7
p3678,0.603,0.276,7
p3440,0.489,0.29,7
p4056,0.466,0.229,7
p4069,0.432,0.256,7
p4087,0.449,0.318,7
p4579,0.474,0.179,7
p3685,0.603,0.26,7
p3674,0.622,0.274,7
p3426,0.5,0.248,7
p3437,0.496,0.309,7
p4557,0.415,0.255,7
p4572,0.447,0.223,7
p3389,0.612,0.243,7
p4088,0.433,0.308,7
p4574,0.477,0.207,7
p3471,0.453,0.376,7
p4132,0.561,0.221,7
p3415,0.504,0.273,7
p4149,0.503,0.268,7
p3428,0.472,0.252,7
p3465,0.441,0.369,7
p4077,0.43,0.281,7
p4455,0.415,0.395,7
p4460,0.405,0.388,7
p4565,0.454,0.242,7
p3640,0.452,0.373,7
p2716,0.447,0.387,7
p3425,0.516,0.306,7
p4157,0.443,0.35,7
p4443,0.403,0.319,7
p4086,0.437,0.296,7
p2757,0.477,0.332,7
p2788,0.528,0.276,7
p4089,0.428,0.303,7
p4599,0.554,0.205,7
p4353,0.589,0.253,7
p3447,0.487,0.296,7
p4115,0.539,0.234,7
p4110,0.47,0.255,7
p3671,0.597,0.269,7
p3446,0.455,0.302,7
p4608,0.595,0.188,7
p4615,0.625,0.177,7
p2767,0.492,0.332,7
p2814,0.572,0.258,7
p2830,0.628,0.248,7
p4099,0.43,0.294,7
p3644,0.454,0.381,7
p3394,0.611,0.229,7
p4084,0.44,0.27,7
p3391,0.628,0.191,7
p2766,0.482,0.325,7
p4048,0.59,0.228,7
p3402,0.56,0.244,7
p2800,0.574,0.283,7
p4299,0.435,0.4,7
p3461,0.454,0.338,7
p4154,0.451,0.349,7
p2827,0.615,0.24,7
p3663,0.464,0.348,7
p3452,0.477,0.326,7
p4806,0.516,0.264,7
p4552,0.382,0.279,7
p4302,0.423,0.347,7
p3632,0.406,0.37,7
p2717,0.449,0.38,7
p4117,0.516,0.271,7
p4581,0.512,0.198,7
p4062,0.463,0.263,7
p4327,0.469,0.298,7
p4613,0.606,0.208,7
p4809,0.513,0.233,7
p3672,0.581,0.267,7
p4147,0.527,0.267,7
p4319,0.419,0.318,7
p2772,0.446,0.275,7
p4050,0.524,0.251,7
p2768,0.487,0.307,7
p4081,0.432,0.296,7
p4093,0.417,0.309,7
p3666,0.567,0.273,7
p3661,0.469,0.357,7
p4101,0.432,0.265,7
p2812,0.598,0.26,7
p4158,0.425,0.329,7
p3642,0.42,0.398,7
p2789,0.548,0.26,7
p4554,0.419,0.263,7
p3656,0.485,0.371,7
p4156,0.421,0.349,7
p4111,0.452,0.282,7
p4301,0.373,0.347,7
p3403,0.563,0.219,7
p3414,0.526,0.282,7
p4116,0.531,0.24,7
p3466,0.478,0.412,7
p4598,0.533,0.231,7
p3637,0.424,0.379,7
p4294,0.408,0.39,7
p2796,0.565,0.275,7
p2823,0.593,0.238,7
p3407,0.524,0.248,7
p4140,0.533,0.21,7
p4085,0.43,0.337,7
p4159,0.435,0.345,7
p2804,0.571,0.257,7
p2824,0.589,0.26,7
p2806,0.595,0.287,7
p4567,0.474,0.199,7
p3687,0.611,0.266,7
p4074,0.461,0.245,7
p4121,0.541,0.214,7
p4316,0.404,0.326,7
p4547,0.362,0.316,7
p4578,0.482,0.186,7
p3454,0.432,0.337,7
p2710,0.44,0.407,7
p4445,0.436,0.332,7
p4067,0.483,0.225,7
p2820,0.615,0.236,7
p4564,0.435,0.247,7
p4079,0.426,0.318,7
p4104,0.415,0.301,7
p3668,0.577,0.271,7
p4452,0.399,0.35,7
p2741,0.465,0.326,7
p4051,0.521,0.265,7
p4441,0.42,0.308,7
p2690,0.421,0.392,7
p2734,0.454,0.372,7
p2815,0.594,0.269,7
p4549,0.408,0.297,7
p2810,0.587,0.25,7
p4064,0.452,0.249,7
p2713,0.433,0.382,7
p3662,0.492,0.337,7
p4151,0.527,0.276,7
p2775,0.495,0.308,7
p4142,0.555,0.239,7
p4305,0.407,0.334,7
p4346,0.562,0.227,7
p3645,0.459,0.381,7
p3435,0.464,0.323,7
p4335,0.472,0.306,7
p3665,0.544,0.319,7
p4601,0.537,0.182,7
p4566,0.452,0.225,7
p4551,0.375,0.301,7
p3657,0.48,0.332,7
p4082,0.427,0.311,7
p2732,0.446,0.358,7
p2794,0.544,0.259,7
p2759,0.483,0.306,7
p4058,0.467,0.261,7
p4453,0.407,0.348,7
p4119,0.549,0.24,7
p3468,0.458,0.38,7
p4808,0.526,0.237,7
p4150,0.522,0.268,7
p2737,0.449,0.366,7
p4438,0.492,0.275,7
p2821,0.621,0.259,7
p2808,0.567,0.278,7
p2785,0.488,0.292,7
p4573,0.443,0.192,7
p3686,0.626,0.265,7
p4306,0.403,0.354,7
p4583,0.494,0.169,7
p2746,0.458,0.328,7
p4103,0.442,0.337,7
p2780,0.514,0.281,7
p3680,0.611,0.266,7
p4042,0.611,0.215,7
p4095,0.425,0.269,7
p2787,0.526,0.285,7
p4575,0.482,0.211,7
p2792,0.538,0.287,7
p3404,0.566,0.249,7
p3683,0.62,0.272,7
p4429,0.555,0.22,7
p2727,0.451,0.379,7
p3638,0.441,0.344,7
p4310,0.439,0.352,7
p2776,0.488,0.31,7
p2784,0.506,0.276,7
p2802,0.542,0.274,7
p3416,0.496,0.247,7
p4314,0.426,0.341,7
p3400,0.559,0.247,7
p3443,0.475,0.322,7
p2718,0.437,0.349,7
p4359,0.622,0.269,7
p3679,0.612,0.257,7
p4141,0.544,0.224,7
p4304,0.427,0.361,7
p3445,0.448,0.284,7
p3688,0.619,0.219,7
p4144,0.554,0.256,7
p4436,0.473,0.274,7
p4109,0.477,0.253,7
p4611,0.594,0.173,7
p4568,0.459,0.179,7
p4425,0.622,0.222,7
p4450,0.395,0.358,7
p4122,0.55,0.232,7
p4444,0.431,0.296,7
p4807,0.507,0.269,7
p4100,0.424,0.296,7
p4591,0.529,0.201,7
p2786,0.501,0.304,7
p3424,0.511,0.282,7
p4127,0.543,0.223,7
p3429,0.491,0.274,7
p4571,0.455,0.207,7
p4061,0.483,0.231,7
p3385,0.591,0.218,7
p2724,0.452,0.344,7
p3659,0.476,0.32,7
p2764,0.483,0.317,7
p3655,0.474,0.295,7
p4046,0.615,0.25,7
p4355,0.573,0.23,7
p4333,0.486,0.314,7
p2783,0.501,0.314,7
p4068,0.461,0.275,7
p4152,0.515,0.241,7
p2721,0.418,0.384,7
p4325,0.434,0.326,7
p2751,0.479,0.31,7
p4049,0.529,0.23,7
p2719,0.45,0.362,7
p4038,0.628,0.237,7
p4080,0.426,0.313,7
p2723,0.44,0.399,7
p2750,0.448,0.317,7
p4570,0.445,0.219,7
p3386,0.608,0.199,7
p3444,0.464,0.326,7
p4550,0.399,0.294,7
p4102,0.442,0.285,7
p3423,0.485,0.245,7
p3455,0.459,0.351,7
p4303,0.404,0.348,7
p3647,0.447,0.369,7
p4326,0.464,0.281,7
p2739,0.47,0.33,7
p2765,0.461,0.342,7
p4143,0.575,0.227,7
p4440,0.489,0.269,7
p2744,0.464,0.316,7
p4329,0.507,0.294,7
p4606,0.598,0.197,7
p4309,0.434,0.355,7
p4558,0.418,0.217,7
p3636,0.425,0.384,7
p3654,0.481,0.344,7
p4563,0.429,0.232,7
p4126,0.562,0.208,7
p3448,0.464,0.341,7
p4593,0.512,0.191,7
p4073,0.417,0.304,7
p4430,0.559,0.243,7
p4811,0.515,0.26,7
p2774,0.497,0.311,7
p4320,0.425,0.319,7
p2807,0.582,0.283,7
p2733,0.431,0.358,7
p4589,0.512,0.163,7
p4160,0.444,0.37,7
p2728,0.451,0.361,7
p2760,0.464,0.328,7
p2749,0.463,0.335,7
p4546,0.403,0.322,7
p4427,0.54,0.214,7
p2791,0.536,0.274,7
p3409,0.55,0.266,7
p2770,0.464,0.307,7
p4136,0.563,0.22,7
p2752,0.48,0.308,7
p2805,0.564,0.279,7
p2816,0.582,0.27,7
p4600,0.547,0.163,7
p3453,0.466,0.356,7
p3682,0.601,0.265,7
p2747,0.438,0.342,7
p4603,0.559,0.181,7
p4604,0.558,0.19,7
p4094,0.411,0.306,7
p4439,0.488,0.263,7
p2782,0.508,0.313,7
p4553,0.392,0.231,7
p4422,0.623,0.233,7
p4345,0.555,0.239,7
p2825,0.583,0.238,7
p3406,0.522,0.268,7
p3421,0.498,0.287,7
p3427,0.491,0.273,7
p4076,0.441,0.27,7
p4112,0.533,0.25,7
p4356,0.569,0.281,7
p2707,0.418,0.38,7
p4339,0.523,0.232,7
p4134,0.576,0.246,7
p3399,0.553,0.237,7
p3432,0.509,0.292,7
p3633,0.42,0.386,7
p4610,0.616,0.209,7
p3408,0.54,0.276,7
p3649,0.462,0.368,7
p3464,0.431,0.363,7
p3411,0.523,0.23,7
p4092,0.438,0.328,7
p3474,0.432,0.398,7
p4047,0.616,0.202,7
p2813,0.591,0.27,7
p2819,0.577,0.273,7
p3419,0.509,0.256,7
p4609,0.613,0.17,7
p4045,0.597,0.23,7
p4108,0.47,0.283,7
p4105,0.482,0.257,7
p4311,0.394,0.338,7
p4324,0.449,0.3,7
p4071,0.428,0.264,7
p2712,0.424,0.388,7
p3631,0.397,0.381,7
p3646,0.474,0.358,7
p4602,0.587,0.234,7
p4125,0.552,0.215,7
p4605,0.572,0.182,7
p4164,0.374,0.38,7
p4341,0.493,0.26,7
p4592,0.513,0.187,7
p4070,0.455,0.283,7
p4348,0.554,0.27,7
p2779,0.504,0.308,7
p3459,0.418,0.381,7
p4332,0.48,0.302,7
p4433,0.543,0.251,7
p4810,0.506,0.221,7
p4043,0.589,0.21,7
p2745,0.454,0.333,7
p3630,0.408,0.384,7
p4559,0.403,0.225,7
p4146,0.537,0.204,7
p4096,0.424,0.314,7
p4155,0.434,0.369,7
p2725,0.435,0.349,7
p4059,0.487,0.229,7
p3441,0.484,0.34,7
p2711,0.438,0.386,7
p2742,0.452,0.354,7
p3395,0.6,0.232,7
p4135,0.561,0.224,7
p4106,0.492,0.265,7
p4118,0.536,0.26,7
p3652,0.459,0.341,7
p4337,0.513,0.216,7
p3393,0.625,0.239,7
p3675,0.603,0.287,7
p4352,0.602,0.252,7
p2803,0.559,0.27,7
p3664,0.474,0.338,7
p3431,0.467,0.286,7
p4055,0.526,0.201,7
p3380,0.628,0.219,7
p4313,0.401,0.333,7
p4318,0.426,0.313,7
p4586,0.48,0.188,7
p2699,0.399,0.372,7
p3691,0.623,0.27,7
p2761,0.462,0.333,7
p3410,0.529,0.241,7
p3457,0.448,0.376,7
p3458,0.445,0.374,7
p2755,0.463,0.344,7
p4044,0.606,0.197,7
p3669,0.589,0.272,7
p3398,0.591,0.203,7
p2735,0.442,0.37,7
p3396,0.611,0.223,7
p4083,0.44,0.303,7
p4139,0.56,0.227,7
p4053,0.529,0.258,7
p2790,0.52,0.283,7
p2743,0.452,0.346,7
p3690,0.619,0.252,7
p4090,0.429,0.313,7
p4078,0.422,0.325,7
p3639,0.443,0.375,7
p4107,0.492,0.287,7
p2818,0.58,0.275,7
p2738,0.443,0.347,7
p3467,0.436,0.357,7
p4063,0.449,0.264,7
p4130,0.551,0.262,7
p3420,0.498,0.283,7
p4128,0.58,0.24,7
p4153,0.539,0.256,7
p3430,0.491,0.268,7
p4344,0.534,0.247,7
p3436,0.482,0.299,7
p4580,0.466,0.218,7
p4312,0.428,0.327,7
p4072,0.446,0.297,7
p2731,0.452,0.368,7
p4426,0.617,0.213,7
p3634,0.408,0.374,7
p3417,0.504,0.262,7
p4060,0.493,0.227,7
p4432,0.552,0.184,7
p4594,0.501,0.191,7
p3650,0.458,0.332,7
p4446,0.455,0.281,7
p4588,0.509,0.206,7
p2763,0.48,0.319,7
p2756,0.454,0.32,7
p3405,0.547,0.231,7
p4340,0.551,0.274,7
p2778,0.509,0.274,7
p3434,0.482,0.294,7
p4131,0.541,0.24,7
p2706,0.427,0.389,7
p4584,0.509,0.173,7
p4331,0.475,0.304,7
p4129,0.561,0.221,7
p4582,0.498,0.189,7
p3412,0.522,0.249,7
p3397,0.59,0.264,7
p3433,0.493,0.292,7
p4354,0.572,0.254,7
p4097,0.448,0.256,7
p2801,0.582,0.274,7
p4347,0.568,0.259,7
p4431,0.566,0.23,7
p4308,0.399,0.33,7
p4343,0.539,0.266,7
p4587,0.507,0.171,7
p4577,0.473,0.204,7
p4449,0.412,0.368,7
p4307,0.399,0.378,7
p4315,0.413,0.303,7
p4569,0.451,0.199,7
p4590,0.551,0.185,7
p3451,0.464,0.349,7
p4612,0.607,0.208,7
p2777,0.498,0.299,7
p4349,0.563,0.278,7
p4442,0.403,0.3,7
p3641,0.442,0.371,7
p2781,0.502,0.356,7
p3469,0.433,0.373,7
p4137,0.577,0.216,7
p4124,0.575,0.233,7
p4548,0.381,0.298,7
p3450,0.459,0.352,7
p4330,0.459,0.288,7
p2730,0.434,0.376,7
p2798,0.553,0.279,7
p2722,0.432,0.372,7
p4351,0.572,0.266,7
p4138,0.57,0.213,7
p3442,0.449,0.32,7
p4555,0.415,0.262,7
p4113,0.532,0.242,7
p3660,0.472,0.315,7
p2720,0.442,0.373,7
p4561,0.436,0.238,7
p2811,0.592,0.285,7
p2773,0.495,0.306,7
p3658,0.494,0.333,7
p4328,0.456,0.296,7
p3392,0.591,0.226,7
p2758,0.451,0.319,7
p4336,0.519,0.264,7
p4075,0.43,0.266,7
p4145,0.57,0.205,7
p2714,0.446,0.385,7
p3390,0.623,0.207,7
p4098,0.426,0.29,7
p3401,0.532,0.22,7
p4585,0.477,0.194,7
p2704,0.441,0.39,7
p3449,0.453,0.342,7
p4148,0.533,0.225,7
p3462,0.421,0.347,7
p3667,0.579,0.283,7
p4123,0.545,0.221,7
p4597,0.531,0.198,7
p3643,0.421,0.366,7
p4435,0.484,0.266,7
