p1,-0.8630223818850324,0.5083722325280091,1
p2,-0.04495270360773541,1.0254868843248373,1
p3,-0.5069639149126492,0.15038057326372994,2
p4,-0.033690620565785624,-1.034842401546991,1
p5,-0.4187634872073377,-0.12991126615431936,2
p6,-0.5549488216692873,-0.24096037707176338,2
p7,0.4391583591846411,0.34638484230740074,2
p8,-0.4907938085008289,0.8551128285113359,1
p9,-0.2280988352183198,0.9098030357882165,1
p10,-0.1738707885506322,0.41802577268374425,2
p11,0.5527266268874954,-0.8181966947910242,1
p12,0.8385422557009723,0.4535174807862622,1
p13,-0.14189737175392847,0.48896870013022753,2
p14,-0.44789987884056515,-0.3335485502435508,2
p15,0.4632929719708102,0.07017216831418902,2
p16,-0.5444630630618305,0.10229452622419569,2
p17,0.14159933535594713,0.4863905003080879,2
p18,0.4075331628242769,-0.25088747128559175,2
p19,1.0158782423395791,-0.09989148581278472,1
p20,-0.33159923374900013,0.3985811704535542,2
p21,0.02343347902043892,0.4958159606426753,2
p22,0.30154054857883794,-0.23770100631096885,2
p23,1.014967096741007,0.003032337265614378,1
p24,-0.7313931892208135,0.6832022993144655,1
p25,-0.06766812876148877,-1.0481449815921706,1
p26,-0.74910728902912,0.6308057281173445,1
p27,0.5081748017341458,-0.10000453666914372,2
p28,-0.25553142570291415,-0.4355842872826948,2
p29,0.4640625478566261,0.10035613736408368,2
p30,-0.25965009047625837,-0.4432855801970473,2
p31,0.18809189881053773,-0.3498865947742303,2
p32,-0.432901601710113,0.9243571149071793,1
p33,0.1724418820349915,-0.28495846206651193,2
p34,1.0090076018114038,-0.1053486014344018,1
p35,-0.6555841532787999,-0.773777215640147,1
p36,-0.050130980008437534,-0.5090616706450763,2
p37,-0.3312753637701214,-0.9731166390558077,1
p38,0.43102060405509934,0.2645378714508016,2
p39,0.8509354095461136,-0.27486579485295726,1
p40,0.4564044313187063,-0.3570308995346769,2
p41,-0.5290867769130899,-0.08536954712864037,2
p42,0.7310416075545646,-0.6036692640496977,1
p43,0.4636879330928666,-0.06419204652721494,2
p44,0.45282854891488505,-0.891012534261103,1
p45,-0.4176770547988263,-0.19971641521476236,2
p46,-0.3916133899696709,0.12446250602127383,2
p47,0.8501823902127174,0.6890709357300869,1
p48,0.9834329850207363,0.08810626708585248,1
p49,-0.5688868423143356,-0.09549502875613745,2
p50,0.944484578224946,-0.440595621327959,1
p51,0.14355828017007471,-0.5122042867329152,2
p52,1.0174397519018874,0.3831741892786935,1
p53,-0.17319771283901758,0.44877063634843506,2
p54,0.8102948022481772,-0.5689987693557871,1
p55,-0.9587381429510712,0.22120701975784923,1
p56,0.5319076850230593,0.01851517055563045,2
p57,-0.4087308163855486,-0.0626216667506809,2
p58,0.5187813388791077,0.9232917893007235,1
p59,0.5432857379405014,-0.8499557171831151,1
p60,-0.46094500606076677,-0.08516405533620663,2
p61,-0.39531543050711576,-0.2579415299820143,2
p62,-0.5381202584212411,-0.09830131744461858,2
p63,-0.09844644543674497,0.5071886368026425,2
p64,-0.11881551730278433,-0.4469022406380837,2
p65,0.6638140636509948,0.7220979787482505,1
p66,-0.9685162553224612,0.5377587623831599,1
p67,-0.38644699327806675,0.929775886842465,1
p68,0.4220257998793717,-0.27429546420115625,2
p69,0.5673155337644926,0.9098237592952352,1
p70,-0.1621602301564754,-0.501427970121717,2
p71,-0.15387828815389792,-0.4293202265004933,2
p72,0.009144238930125021,-0.49689108480196803,2
p73,0.1858837495914888,0.4542688720226047,2
p74,-0.7975059371698914,-0.7037710025686309,1
p75,-0.4911487691406413,0.21357492864034316,2
p76,-0.3441240365243126,-0.24614446990005961,2
p77,0.3096566394877387,-0.40230400197126714,2
p78,-0.4909638586096535,-1.0091634297542371,1
p79,0.16258600782332086,0.4999063497944275,2
p80,1.0114005128494117,0.2834400343068511,1
p81,1.001143997480151,-0.15535641353705637,1
p82,0.07292541483707023,-0.8929020754255648,1
p83,0.15087833799995587,-0.46913699279806836,2
p84,-0.9691275904440861,-0.18380386387182865,1
p85,-1.0751970280905725,0.28838225478592733,1
p86,-0.2461000854077714,-0.9913039416500918,1
p87,-0.31770434711663254,-0.471036122859805,2
p88,0.0182149433367436,0.5591687597980484,2
p89,0.04552799871198962,0.5136603657418619,2
p90,0.03012068218930741,0.42347713190149516,2
p91,1.067182290670213,0.1048378767723401,1
p92,-0.8901690405074326,-0.5058297671776106,1
p93,-0.3820335006847989,0.29016553256245653,2
p94,0.49527030431590474,0.11953737744775103,2
p95,0.01326116808120488,0.42375546511570955,2
p96,-0.663045776488108,0.7945380271286354,1
p97,0.07058957179545605,0.8894601013573309,1
p98,-0.9746613387531894,0.35944185760207065,1
p99,-0.5513339879406751,-0.09615840323595942,2
p100,-0.6794857014879186,-0.7867070579519637,1
p101,-0.8857400859502478,0.26597188709216774,1
p102,-0.47585429726584144,-0.007629538687620292,2
p103,-0.9646307573468542,0.07448354850381939,1
p104,-0.10930111200183013,-0.45395904098659734,2
p105,0.8898548934828027,0.3467272883259153,1
p106,0.5046502670274717,0.060125721462821385,2
p107,-0.21940010333264906,0.4225614487594601,2
p108,0.888749273769228,-0.5016299440867639,1
p109,0.8403040837042433,-0.6582743995528679,1
p110,0.4646719744259592,0.003976727308056847,2
p111,0.3206755956226705,0.4436658488535798,2
p112,-0.5642408011129518,0.05893530372890903,2
p113,0.7928360216130866,-0.582839039729264,1
p114,-0.3849890297756479,-0.2692191121219616,2
p115,0.6715624973980211,-0.7455209387997651,1
p116,-0.33533526813886655,0.33829213496654664,2
p117,0.7288075746703918,-0.5628353948246857,1
p118,-0.4999999437182089,0.36122977376106036,2
p119,-0.23802209332066215,0.9926355314883606,1
p120,-0.46961516149804317,0.0744471333732986,2
p121,0.8420635059585585,-0.3800510208234302,1
p122,-0.5659125254023133,0.8103792088730207,1
p123,0.5468080721352586,0.8033135579403667,1
p124,0.8613239239982059,0.3240785954340888,1
p125,-0.6057927232914332,-0.7594148607787168,1
p126,0.9592086012703225,0.1033117303667385,1
p127,-0.41800576480683194,0.24699669895262427,2
p128,-0.8577477886613536,0.14346323042735032,1
p129,0.27359606670943865,-0.3717616256190493,2
p130,0.8988876966283207,0.2709077495831,1
p131,-0.4969726050935229,0.0008559115996598851,2
p132,0.6454206197161805,0.979703458839371,1
p133,0.9155741107670508,-0.2996451640137535,1
p134,-0.2825596262654591,-0.3708366358564268,2
p135,0.4160551460013709,0.36576226242663595,2
p136,0.9504406670407093,-0.22626954525084497,1
p137,1.0671823297066012,-0.08729391120065269,1
p138,-0.8228258207335252,0.5300553586245355,1
p139,-0.38195400837405724,-0.3881219069770564,2
p140,0.15462688063507948,-0.4829000362099177,2
p141,-0.18450615507826015,0.37408566808814864,2
p142,-0.3017974691972438,0.3881001252900772,2
p143,0.13796888813569594,0.46337951934015725,2
p144,0.41364963510056263,-0.3370146993445131,2
p145,-1.0052899412183078,0.1487196388691266,1
p146,-0.47669535382739825,0.24258569706484154,2
p147,0.8518867198418568,0.5518172145036003,1
p148,0.19023231771867696,1.004968542930365,1
p149,0.08681060356560087,-0.4895091184279435,2
p150,0.46282839815834265,0.15923653596785203,2
p151,0.3314712780553698,0.38848980611320977,2
p152,0.0026862148198857835,-0.9558118448220909,1
p153,-0.19153348963219696,-0.9568483477590122,1
p154,-0.4377282654750917,0.05397458710789819,2
p155,0.5419865798249466,0.7932388456240477,1
p156,0.3463999190428546,-0.8263909106227907,1
p157,-0.9948884183480895,0.36386215773113467,1
p158,0.3268524812129216,-0.42181098877143236,2
p159,-1.0384348651058437,0.2703008518966875,1
p160,0.5302080475390535,-0.8624407977548441,1
p161,-0.7458652101249048,0.7309184918574831,1
p162,-0.5937286877680952,0.05116042732257157,2
p163,-0.2743787229168142,1.0315870311643554,1
p164,-0.29286042818621455,-0.2868500825913767,2
p165,-0.448627767513891,0.8988974860411089,1
p166,-0.2865619504338722,0.4052928482195437,2
p167,0.29249259053584703,0.4111935401252406,2
p168,-1.0596494100773028,0.26520932960720744,1
p169,-0.4643999421493995,0.9031055616276373,1
p170,0.7440662798465183,-0.6205108632165991,1
p171,-0.9561146492258157,-0.005723211254005878,1
p172,-0.5722630187204599,0.8166365313254708,1
p173,-0.3011676810502238,-0.32671966861810825,2
p174,0.5140194762157293,-0.002163630240414695,2
p175,0.4584971506044368,-0.00802110840161984,2
p176,-0.9482178645036087,0.33898232587351496,1
p177,-0.27426816931761333,-1.0645961025922903,1
p178,0.2360070521830704,-1.0127975871049038,1
p179,-0.9116785457994746,0.5612235878806613,1
p180,-0.34914149475521417,-0.33031786481578235,2
p181,-0.9324185197267708,-0.05651227230741644,1
p182,0.40804650742539694,-0.27231031937092604,2
p183,-0.39789513015035777,0.29400046933926227,2
p184,0.29400502175738974,0.3142692153393153,2
p185,0.057413097862461016,0.5000621239938655,2
p186,0.05825005762363643,-0.4278863132873142,2
p187,-0.8011612303035097,-0.6151467864536014,1
p188,-0.27154554710287276,0.41664068172934954,2
p189,0.03257892860439546,0.5026916725093769,2
p190,0.9957911882826104,0.23716270139589252,1
p191,0.36448201488596976,0.3201369570691038,2
p192,0.03672511081558086,-0.5365158887964059,2
p193,-0.909430562737435,-0.3584681853167465,1
p194,0.37949465570536123,0.9973832481648542,1
p195,-0.16856536014576207,0.9449594049652359,1
p196,-0.8526649416486375,-0.5650698909056888,1
p197,0.13153336720739678,-0.4644432667307425,2
p198,-0.22636592588553933,-0.48066574852825794,2
p199,0.4529192776038714,0.01613486109749638,2
p200,0.06286613375617663,-1.0667369954420944,1
p201,-0.9354777608360539,-0.19681811454390824,1
p202,0.5784647439949622,-0.7999527719156853,1
p203,-0.4198434526817124,-0.9457793657052849,1
p204,-0.8290986349703005,0.4849465989076056,1
p205,-0.20579745286913703,0.9481418151665378,1
p206,-0.4691230836177966,0.2591826030439841,2
p207,0.37566562136733805,0.8708409434946072,1
p208,-0.43787723393113265,-0.21384528730029678,2
p209,-0.224097256325679,-0.48028071572130226,2
p210,-1.0319452554401323,0.030221933223104024,1
p211,0.7906471699923563,0.5138255241511772,1
p212,-0.8596328644419345,0.3595798005193905,1
p213,0.3508558825333624,0.9306064209530713,1
p214,-0.2601952598682492,-0.9681672281187125,1
p215,-0.4350142425597713,0.2991107897739012,2
p216,0.662573280731535,0.7351310111930038,1
p217,0.508199692073746,-0.10229957423152333,2
p218,0.1498428013118651,0.4408510239366114,2
p219,0.45426395950707654,0.9137198700756656,1
p220,-0.9316026868396995,0.2843041779865489,1
p221,-0.06958846630153503,0.6246435510736099,2
p222,0.525773327456511,0.03775462522895201,2
p223,-0.11732475063125324,0.5722165172120672,2
p224,-0.47182786134700905,-0.17202981242064402,2
p225,0.28988631252736363,-0.32977599416477876,2
p226,0.9188051373624679,0.4257970456944523,1
p227,0.17120721721231147,0.39373872946256316,2
p228,0.9103264037996798,-0.39137639441495864,1
p229,-0.04766767244523755,-1.0733193989300902,1
p230,-0.8999320444662998,0.39206952001461415,1
p231,0.68477316196914,0.71109350877487,1
p232,-0.5004516254704564,-0.1725468485614262,2
p233,0.8156375778393211,0.41519043495662267,1
p234,0.627809322650777,0.633567105765912,1
p235,0.5503440119116927,0.8996488024100613,1
p236,-0.30623599020648484,0.3523831234914737,2
p237,0.8205368685749272,0.4497576065915695,1
p238,-1.0169462488768024,-0.2864448490003691,1
p239,0.35304399832491773,0.3203327310664406,2
p240,-0.273364766800946,-0.926077386597644,1
p241,-0.9996725049225743,0.25915524956945346,1
p242,0.2031052112186711,-0.46282445216206947,2
p243,0.3448591867484382,-0.2601902530791895,2
p244,-0.05115305043546725,-0.4879493429992648,2
p245,0.1702969894653181,-0.4596587082217365,2
p246,-0.36814903161339463,-0.25890011786170186,2
p247,-0.13247945225917052,0.4680099610032688,2
p248,-0.13726657285646593,-0.4416986078422778,2
p249,-0.8979717034283025,-0.4362465724187824,1
p250,-1.0244850456382049,-0.17666511210023822,1
p251,-0.7219258923483809,-0.6929805561800237,1
p252,0.30774306705593385,0.9412648158973635,1
p253,-0.08922313778670511,0.9822987253499583,1
p254,-0.37586167589654323,-0.9437536944252973,1
p255,-0.4005614918567982,0.3016670691847091,2
p256,-0.36581076970428605,-0.32733978761210486,2
p257,-0.4909626660124249,0.20847219589291277,2
p258,-0.9193263395712072,0.1041984266939496,1
p259,-0.1961222854135936,0.40827780774943223,2
p260,0.3901531880628233,-0.3065164437656386,2
p261,-0.6986813151979293,0.6607048278470327,1
p262,-0.49577396325356915,0.1557164486825131,2
p263,-0.45244490711766366,-0.8169359458685066,1
p264,0.292560958922509,0.42747354519457387,2
p265,-0.1418343498968485,-0.49619732918942283,2
p266,0.9573962141622163,0.14044325264000576,1
p267,0.4281637990235616,-0.07495112822700065,2
p268,-0.2875709243444392,0.39876239581903833,2
p269,0.6386016238306066,0.7035109822484436,1
p270,-0.2809366970226665,-0.5543758738244764,2
p271,0.3648408874732416,0.20060557968943077,2
p272,-0.3535252635530487,0.308917032668865,2
p273,0.8912688252012545,-0.341699788439344,1
p274,-0.04716459357007885,0.48562696142165723,2
p275,0.5094022300021425,0.8945106194883408,1
p276,-0.48553119343143675,-0.13196956536833215,2
p277,-0.43731978926813264,0.3057737391785786,2
p278,0.21788668836197495,0.42365922717224086,2
p279,0.8658675652402448,0.2427950625792342,1
p280,-0.8810488058788147,0.38788497215491896,1
p281,-0.26262809433991696,-0.38402057086079616,2
p282,0.9532588610027051,0.03712157313867597,1
p283,0.30792042203032577,-0.9620712702689723,1
p284,0.11032113350351921,-0.5275011602685826,2
p285,0.48865831931065673,-0.1306824032119214,2
p286,-0.15928609124753704,-0.3965647590983,2
p287,-0.28872555941614503,-0.45413884570687957,2
p288,0.49383017771867005,-0.10919586624714654,2
p289,-0.1187148682204989,-0.9652929661209116,1
p290,0.33948927473809143,-0.9951921979215863,1
p291,-0.5194228713941653,-0.24159873873834964,2
p292,0.33140664554145505,0.40001607758172486,2
p293,-0.6142205049354835,0.7631761229310747,1
p294,0.39651296866102537,-0.3146157701100924,2
p295,-0.029160612816722477,-0.5339639520932351,2
p296,0.6484049618944381,0.8468240839201189,1
p297,-0.27896134194193195,-0.5313616366684671,2
p298,0.434512112341481,-0.30771290915087374,2
p299,-0.898699618508616,-0.36913148460709705,1
p300,-0.5154927913125477,-0.06356608297228737,2
p301,0.5102184901991857,0.8516268141207505,1
p302,-0.03499125835477486,-0.5004474275199929,2
p303,0.9730112694776111,0.31031609645787145,1
p304,-0.12168173553506649,-0.4928747042128983,2
p305,-0.5493112644705846,0.14522819787590255,2
p306,0.39608673938661315,0.41185132091302057,2
p307,0.8475032961889775,-0.4390921243892792,1
p308,-0.6056102341025063,-0.8128713324699675,1
p309,0.28593313643879215,0.4425629775188118,2
p310,0.3967205055638766,0.24922482190763845,2
p311,0.008659695775907764,0.9968590102185408,1
p312,0.9293433666541082,-0.4081625349782776,1
p313,-0.5158435530729015,0.0706978316494503,2
p314,0.979356736038432,-0.022879857074122004,1
p315,0.33978874615018956,-0.39115590595822924,2
p316,-0.3951438561086339,-0.9486904098065805,1
p317,0.358661847210754,-0.2858765537965636,2
p318,-1.031537905090248,-0.18926380758493205,1
p319,0.3002876329844433,-0.9039910557735276,1
p320,0.17254264626239119,0.5124067275472429,2
p321,0.8507938475452516,-0.47364773502937696,1
p322,0.5473245417137536,0.8251299630303023,1
p323,-0.4369392876202328,-0.2838541857315375,2
p324,0.9263513573400508,-0.15831159587367866,1
p325,-0.1713707722776366,-0.4457856866275134,2
p326,-0.4357144553146053,0.8327840897390753,1
p327,-0.35191734134215197,-0.8767517679271496,1
p328,-0.37030006796460035,-0.32509648149377013,2
p329,-0.5500605773411906,0.1678824409341783,2
p330,0.43940440312686746,-0.2579094312829639,2
p331,0.31798567136662453,0.985509169989503,1
p332,-0.606857075794646,0.8659199759146009,1
p333,0.4243230086296574,0.25918341678802426,2
p334,-0.012745851946641393,-0.5907324040902272,2
p335,0.7919623744635579,-0.7923123048846722,1
p336,0.45716211968306514,-0.27190755530923744,2
p337,0.553544426225535,0.15074303086851257,2
p338,-0.06668908760390992,1.0171728912163647,1
p339,-0.9462254797031849,0.195658101589673,1
p340,-0.9370252112187305,0.20033996980731433,1
p341,1.0044653745185037,0.23431585132903,1
p342,0.3385722243308102,-0.38589338659536987,2
p343,0.40511868272897683,-0.8672828560358143,1
p344,-0.5549670425139638,0.2634642269578851,2
p345,-0.057449290260351234,1.0785850877004057,1
p346,0.4619706533010857,-0.8258665126709611,1
p347,-0.900438813269953,-0.41308530914492203,1
p348,0.459775629199132,-0.1989393575075993,2
p349,-0.7617453684128073,0.6400365238289172,1
p350,0.04432922885796118,-0.9131769961612365,1
p351,-0.46421414074898665,0.3520303108537015,2
p352,-0.8642997995828299,0.5257144954361548,1
p353,0.6377884887428024,-0.8127423387034719,1
p354,0.9527274830440308,-0.3944396281921198,1
p355,-0.24260706737519094,0.38023318677793544,2
p356,-0.7162553776977719,-0.5189263138725704,1
p357,0.49106840943222696,0.30762217646811674,2
p358,-0.5918712420423096,-0.7512215772382306,1
p359,-0.05119502696890402,0.47901332267273367,2
p360,0.20312961259163728,0.42134712827599696,2
p361,0.4111258483620233,0.9663481744140853,1
p362,-0.43380354174777047,0.9440655406919953,1
p363,-0.1040610361346668,-1.0119360320969097,1
p364,0.851808557751952,-0.45126978954555047,1
p365,0.9753427924878162,-0.032980059855276266,1
p366,0.19385373955547022,-0.9269854586496294,1
p367,-0.08222912180420236,1.0499730677349823,1
p368,0.3016823252557258,0.42617760105903874,2
p369,0.8200239569237792,-0.703251382390754,1
p370,-0.34935255415595445,0.8950386576742182,1
p371,0.1213914586009962,1.0733609443803012,1
p372,-0.4150571030850346,0.9500375660136641,1
p373,-0.6083944781331053,0.8317500812045211,1
p374,0.09290414010096527,0.9662704382476203,1
p375,-0.21255846645690002,0.5312831916844105,2
p376,0.33651252210901866,-0.9009028604752396,1
p377,-0.9037259211256226,0.32848224795889025,1
p378,-0.36038154149856005,-0.2185643602337781,2
p379,0.4554264987470684,-0.015501844786630681,2
p380,-0.49361912222544635,0.11288403211272091,2
p381,0.9443992303699043,0.4701962537078203,1
p382,-1.0356837911061287,-0.10886117321395793,1
p383,0.06715024855619632,-0.4943081972269388,2
p384,-0.3926174335751241,-0.2477483300506446,2
p385,0.3798388074469841,0.2410545930210401,2
p386,0.9342421618862495,0.32479380621128856,1
p387,0.49965910451264034,-0.23605754473841803,2
p388,0.3633293810819163,0.2337891830706115,2
p389,0.5086891067218837,0.04178203816630281,2
p390,-0.10689289425224838,-0.49190402661153704,2
p391,0.37873047716250435,-1.0581461689474347,1
p392,-0.8153150279048322,0.6599191938249218,1
p393,0.7214202548599215,0.742943224267383,1
p394,-0.5941161485191664,0.11558449159800227,2
p395,-0.7888452826604192,0.5936605232109358,1
p396,-0.9134852878873448,0.167014991636486,1
p397,-0.3956474021825278,-0.9764025200906932,1
p398,-0.49539640877859253,0.896147533003136,1
p399,0.633893600759529,0.8305876346063139,1
p400,-0.916238876567796,-0.41424607319684803,1
p401,-0.1765924630153817,1.0122513177295023,1
p402,0.14083900894359783,-0.52462523434418,2
p403,0.32666245998467497,0.9824809816602489,1
p404,0.4635305625436339,0.8830742576393346,1
p405,-0.024557220131617194,0.8805917615278717,1
p406,-0.27060444674251494,0.9247309494722464,1
p407,0.8299554184811825,-0.5869570450265004,1
p408,0.48340682507971505,-0.11740195672093531,2
p409,0.25789660349209054,0.556826953798506,2
p410,0.75450234522097,0.743793599603268,1
p411,0.06905929517889932,0.4952776054312116,2
p412,-0.4849043614162427,-0.11969514424996122,2
p413,0.41320825295205804,-0.3200713265743503,2
p414,0.2734027986368603,-0.370447687076321,2
p415,0.3881979385393699,0.2964630414011859,2
p416,-0.5247433628756895,-0.08747589865219126,2
p417,-0.685324816041222,-0.7216019339588887,1
p418,-0.4356123378349718,-0.15325199845214219,2
p419,0.7069576239336071,0.6278531010247421,1
p420,0.032362184125801066,-1.0352480492788714,1
p421,0.22585186473677005,0.463015528343275,2
p422,0.1328972327953936,0.37920674224358575,2
p423,-0.3246553237414921,-0.9244629419531601,1
p424,0.23816387180261553,0.9975833919224096,1
p425,0.9219635817215203,-0.45164368380826986,1
p426,-0.5096247842469779,-0.2062890121250537,2
p427,0.4409415587994673,-0.893773019770666,1
p428,1.0533508197114603,0.19049515030244263,1
p429,-0.4434527973208272,-0.10511102655976323,2
p430,-0.28092997756253224,-0.37292593418510167,2
p431,-0.3280292870980276,0.4923530960701477,2
p432,-0.4452968586518724,-0.42737370916068484,2
p433,0.4192658565020475,0.43681924733682026,2
p434,-0.6593498029143068,-0.8310762736230906,1
p435,0.6118997987395927,-0.7657633929644974,1
p436,0.4236145228060645,-0.2540560612555701,2
p437,-0.09139369259801437,1.0085793755682986,1
p438,-0.3600591683829998,-0.321050773810727,2
p439,0.6086196167690568,0.8593248205918879,1
p440,0.25899754902636235,-0.4568394007670258,2
p441,-0.33342119136191123,-0.3984759703878893,2
p442,0.7593265170676232,0.8022625332302901,1
p443,-0.4510931443747535,0.8308293917723902,1
p444,-0.7139686131240086,0.6642553190171294,1
p445,-0.41046196906868526,0.27905692089474415,2
p446,0.029391310974341618,-1.0199804212869272,1
p447,0.5538472451095565,-0.06267910963521463,2
p448,-0.4749823028902691,-0.27921224958573393,2
p449,0.9882318316784044,-0.136505303052032,1
p450,0.10910051389446274,-1.0778474568833876,1
p451,-0.23240937004515388,0.9725078414306967,1
p452,-0.039869603207828855,-0.43948291117788957,2
p453,-0.43099517225894834,0.725384539036657,0
p454,-0.09460844652284038,-0.4317273005178476,2
p455,0.29878804385933855,-0.3377967662279148,2
p456,-0.4288200330346441,0.1225526631526124,2
p457,-0.7508817083515031,0.692450727112442,1
p458,-0.5577306223058864,-0.020480922629924667,2
p459,-1.0232502552054583,0.29150368519574865,1
p460,0.535327293804714,-0.7567817371390422,1
p461,0.2703907537199721,0.927145792794382,1
p462,-0.1752556885214469,-0.5042315605820598,2
p463,-0.4965383366453106,-0.033704078286948436,2
p464,0.9920094412651501,0.003915523588188936,1
p465,0.9749132336537166,-0.17839595063630925,1
p466,0.04548033295546802,-0.4349620526371738,2
p467,-0.3557425888151988,0.25701369653167877,2
p468,-0.23543217916709064,-1.0324496181634588,1
p469,-0.4663758799934663,-0.052286117180165625,2
p470,-0.22855173730690373,0.476047419174521,2
p471,0.5481974871195698,0.17945791418035953,2
p472,-0.6240324156931498,0.7966866333228524,1
p473,-0.21241697499492682,-0.9661645881752687,1
p474,-0.4788242796135474,-0.10318542047230217,2
p475,0.40711551332077117,0.08357709550080432,2
p476,0.4540508763962265,-0.9292303860567578,1
p477,-0.8270068082299125,0.6007572859102563,1
p478,0.8792430780632529,0.37175158589750207,1
p479,-0.3111028237309961,0.9579681122518404,1
p480,-0.7280105210251293,-0.6995789933414909,1
p481,1.144042075727819,-0.22947578656129536,0
p482,0.3843289741710084,-0.2610657910705655,2
p483,0.541283414548039,0.20779455860066445,2
p484,0.014988911524161784,0.5254405314467209,2
p485,0.23701498504526947,-0.5385454324219395,2
p486,-0.49376941054784074,0.126085012769122,2
p487,-0.316473795889581,-0.36747861867634335,2
p488,0.23408440752281212,1.0000551413965066,1
p489,-0.05410729286283177,0.4744229295087782,2
p490,-0.22205905695363864,-0.44718572562579406,2
p491,0.8667303219884125,-0.5461882548635423,1
p492,0.4499661437552218,0.34464805483173505,2
p493,0.15211738212706408,-1.0344663056109917,1
p494,0.5386914431013263,-0.1882420514329198,2
p495,0.4705932233720088,0.873191093671648,1
p496,-0.8761122377460329,0.5256641832047995,1
p497,-0.3089727807127703,-0.9948541991199492,1
p498,0.5046164846859911,0.35584271020438296,2
p499,0.02010574323832954,-0.5144702724279814,2
p500,-0.8667598380078235,-0.2958574577230952,1
p501,0.3574484046889061,-0.41786590039443616,2
p502,-0.5911742325581897,-0.8398678944934581,1
p503,-0.5771702138925555,0.08616403612296997,2
p504,-0.9886150245140796,0.04628994998263988,1
p505,-0.43418316687480046,0.25495738100156173,2
p506,0.20587433520058732,-0.9262285381265563,1
p507,0.20963830197371558,0.9643824647773194,1
p508,0.8478772090803092,-0.5874097577952764,1
p509,0.3139983499989282,0.9435776604804221,1
p510,-0.12445150450786369,0.47296676158839973,2
p511,0.6124265215236248,-0.8215464120936546,1
p512,-0.2011870417608959,0.5429149718517593,2
p513,0.39825682496368026,-0.23801246516587737,2
p514,-0.5366849657902848,-0.0133413183460237,2
p515,-0.924230215525792,-0.38569989464359,1
p516,-0.9976611667787136,-0.3581257356632831,1
p517,0.8827898175657314,-0.10503364903194252,1
p518,0.17837534101332395,-0.3544047162124625,2
p519,0.4268082620571699,-0.9556886056087819,1
p520,-0.7378958082151708,-0.5453714136958925,1
p521,0.7202158025324091,-0.6890303659880078,1
p522,0.8643560939724168,-0.5001931169464088,1
p523,-0.5259940566960497,-0.7502251603952035,1
p524,0.46135825218286003,-0.22025902114512985,2
p525,-0.1590613531286399,1.0855163705785666,1
p526,0.9566568688421614,-0.3742377782034124,1
p527,0.7090816451428974,-0.6941262837318805,1
p528,0.7064427627822895,0.6982758747162873,1
p529,-0.5835151938151089,0.7546974247715105,1
p530,0.11784914694940629,0.4815760344293975,2
p531,0.6551582492648188,0.7145916356557404,1
p532,-0.08505122205504725,0.5338145323077962,2
p533,-0.0318428975912639,0.9055959613343585,1
p534,0.35376887782191735,0.044253378665314466,2
p535,0.3690421976139917,0.5055362175811745,2
p536,-0.3142651597092803,-0.3805574904242017,2
p537,0.14613696222956202,0.9363614202065728,1
p538,-0.39005520807675775,-0.9559680445386296,1
p539,0.4424539834031032,-0.8356802636979949,1
p540,-0.21024500154569634,-0.513895086281083,2
p541,0.5225987832265168,0.24826086256825475,2
p542,0.5753703605223645,0.7514355790102795,1
p543,-0.47533561483647335,0.25203081520864307,2
p544,-0.1700942011925791,0.4722427197586777,2
p545,0.08830259943656751,-0.8705955628988066,1
p546,-0.24118033285110652,-0.9689810575788668,1
p547,-0.3311439444094111,0.27452288006267644,2
p548,0.6054096081985273,-0.6983764406058333,1
p549,0.3268034751667482,-0.9253851525290199,1
p550,-0.6358368904137197,-0.7731533279854046,1
p551,0.16906207228192655,0.4510701796761807,2
p552,0.05184336297644055,-0.5514051428240183,2
p553,-0.2671462795849008,-0.39463575328696254,2
p554,-0.062085967293908834,-0.5112137289239067,2
p555,-0.11918649598243597,0.429346058687353,2
p556,0.3572642100220485,0.8702941004339686,1
p557,0.21759268337116994,1.0072340609404558,1
p558,1.0336039706650348,0.2540349942180781,1
p559,-0.5038277631651013,-0.0010016962477584906,2
p560,-0.30911284613448137,-0.34624505910388825,2
p561,-0.26147602563690875,-0.43737405899189885,2
p562,0.4177987919254449,0.226991421730955,2
p563,0.9748204068542674,0.20955639625883743,1
p564,0.9036159027676434,-0.234055166493609,1
p565,0.1827620301734658,-0.4442573834770709,2
p566,-0.8420262524609108,-0.44195365366399725,1
p567,-0.3833825194925701,0.3766031350361124,2
p568,0.9162293624287088,0.4983893390258732,1
p569,-0.6003564639392311,0.7621956378549579,1
p570,-0.18473761183871185,0.43863765920847636,2
p571,0.025293420320307167,0.9581997115190283,1
p572,0.4678818506225562,-0.06433371571030075,2
p573,-0.7091008658499613,-0.7302635262512462,1
p574,-0.20789226522748586,0.41601382435117,2
p575,-0.8270831858709193,-0.5807617176538212,1
p576,0.08417984897839621,0.5338526655829038,2
p577,0.5992093174801026,0.7905169032403507,1
p578,0.44033899534027915,0.09038609632711479,2
p579,0.2800572575478136,-0.4128797710928678,2
p580,0.6524142650646088,0.7407118832393877,1
p581,0.11298718709831126,0.4458327105622752,2
p582,0.15317015218375057,0.9883670466526709,1
p583,0.09136726189326233,-0.5054735211281278,2
p584,-1.067046678044451,0.03588666080968114,1
p585,-0.1631370119875782,-0.44222558625432445,2
p586,-0.9345072907768565,0.18191871309689914,1
p587,-0.030025294333108868,0.9288422768390692,1
p588,-0.49948623067288594,-0.12426439381776784,2
p589,-0.2460015916300639,-0.5661030377011306,2
p590,-1.000737131506924,-0.007669657710246896,1
p591,0.7574413254338548,0.4717215849318788,1
p592,0.8229100017383004,0.6088442912920753,1
p593,0.24970864337373136,0.46868849534368956,2
p594,-0.20350014901411434,-0.4975755178988162,2
p595,0.32157150725040506,-0.4175403252773211,2
p596,-0.2684946962691171,-0.43880478072769735,2
p597,0.11651772849058573,-0.49806654664385686,2
p598,-0.018188848472906388,0.5731120549894426,2
p599,-0.14356529749442315,0.46120450731332363,2
p600,0.5271554323882862,0.028116554078529837,2
p601,-0.759958151026202,-0.5456443431445487,1
p602,1.0051248845621978,0.14627493067807756,1
p603,-0.5174765299130419,0.8574700366208748,1
p604,-0.46717474280050564,0.31816169195117394,2
p605,0.9661676538089577,-0.3668196613490917,1
p606,0.8263283346645298,0.6369547769786683,1
p607,-0.45342927418882656,-0.01984461711712257,2
p608,-0.63606622424042,-0.7041270374428787,1
p609,-0.44978247749354794,-0.11281550739280288,2
p610,0.7356456070368386,0.7295865454021909,1
p611,-0.891596021099605,0.44763229967125084,1
p612,-0.9303840156122705,0.26749253110989646,1
p613,-0.5361203370928127,0.7978117583548673,1
p614,-0.8986992183777892,-0.28189849606472706,1
p615,-0.44234729745269447,0.01314364726102564,2
p616,-0.29169217906305944,-0.4775186066649538,2
p617,-0.3122444219890979,-0.4313110181985779,2
p618,0.3491942338964166,0.38473924270421195,2
p619,-0.24020990086819738,0.8726616868834735,1
p620,-0.4432712805656797,0.19112788421327803,2
p621,0.2736344814833205,-0.9937571788422056,1
p622,-0.11595932070399763,-0.4094347949646209,2
p623,-0.9140205702976614,-0.3973950538847906,1
p624,-0.38703589080456846,-0.30569940795190836,2
p625,-0.011017883488127225,-0.46709515485613035,2
p626,0.43043786746976864,-0.43472644247542525,2
p627,0.33236164685956543,-0.3959559056522537,2
p628,-0.08557733514077502,0.5776749895039911,2
p629,-0.7686800570016902,0.5754311936497047,1
p630,-0.9828059652578629,-0.36702668287065976,1
p631,0.8761406926664298,-0.20875787581498514,1
p632,1.0263890225343293,0.18095685925597046,1
p633,0.3399752121177073,-0.9750986433982648,1
p634,-0.41952480535345493,0.028297816701241096,2
p635,-0.3027918488847882,-0.4793488444638271,2
p636,0.40548958231646415,0.3106960390223418,2
p637,-0.4589075060502502,-0.17484128119333658,2
p638,-0.5168818433606069,-0.7854482897255398,1
p639,-0.3808089978827257,0.8320386499517483,1
p640,-0.3178124216799626,-0.3065759929640987,2
p641,-0.7474144998836307,-0.6281440226940133,1
p642,0.1803825380810383,1.1005262084214296,1
p643,0.2490292618569821,-0.43161347617555745,2
p644,0.30654427228904313,0.42334429459833856,2
p645,-0.46073206290005153,-0.08403449817184439,2
p646,0.4609521523795649,-0.07876781325879642,2
p647,0.04445223736583162,-0.9872151343983312,1
p648,1.0118950540430172,-0.23779820173580868,1
p649,-0.5486993299229177,0.8347113118789864,1
p650,-0.43199977605468504,-0.1306687580213465,2
p651,-0.39080769202361737,-0.971120670595408,1
p652,-0.995775374227191,-0.12417260753762285,1
p653,0.4278905105671738,-0.11497091979881932,2
p654,-0.34602670590503964,0.35584853603000066,2
p655,-0.0043606627030879225,1.0868944254634696,1
p656,0.5584464341388623,0.7699909291489107,1
p657,-1.0306459131914967,0.23638762641096786,1
p658,0.4489103432749239,-0.16237179941825886,2
p659,0.44516042968491204,-0.1664040659545404,2
p660,0.8425905830003751,0.48120774129545807,1
p661,-0.5143966710202007,0.1860073892873544,2
p662,0.3219555120239959,0.9355081014286666,1
p663,0.3877815310962563,0.25362148618223934,2
p664,-0.5693532193114104,0.7676693815326807,1
p665,-0.3197312820780255,-0.32782032534714817,2
p666,0.13450433123489797,0.4355063880976209,2
p667,-0.32305370847204296,0.369969850876632,2
p668,-0.5590130450214648,-0.8248813396796427,1
p669,-0.9342755319316685,-0.4294573374634918,1
p670,0.03028666662115967,-0.44038766553152775,2
p671,-0.7688993476911509,-0.5497832747475954,1
p672,-0.9847369727356208,-0.12270214031304279,1
p673,-0.49430046401082256,-0.949532954869971,1
p674,0.26589029154584387,0.41842784630795177,2
p675,-0.5536129993007259,0.16734148936424276,2
p676,0.5200179035614859,-0.11591440666779129,2
p677,0.43092552813127527,0.27382357724512635,2
p678,-1.0288897751203008,-0.08017441679291218,1
p679,0.233242997881787,0.9876979550894482,1
p680,0.17405873844193695,-1.0080032642317682,1
p681,0.38552612469435205,-0.28072424832716075,2
p682,0.7687148679703641,0.4826253282452347,1
p683,0.9789940163865414,0.3345501221381257,1
p684,0.20475112712110957,-0.9764999553430254,1
p685,-0.6026404799375903,-0.8170807760209413,1
p686,0.5504068080612037,0.1674316840315462,2
p687,0.04189491749950937,0.5512400283738229,2
p688,-0.694155358245498,-0.6972036557284208,1
p689,-0.4897762616669812,0.9115822972244825,1
p690,-0.5493378319443386,-0.7308142447070124,1
p691,-0.6087642952429321,0.7976355447780639,1
p692,-0.3897347518641453,-0.2819082851523141,2
p693,-0.7555830202681618,-0.6142489844499393,1
p694,-0.443115724794535,0.04389672168844932,2
p695,0.14940868053988196,-1.004939755299241,1
p696,0.003090238034804099,-0.504645822239129,2
p697,0.9473409696184992,-0.5053370993463969,1
p698,0.0009301149748114808,-0.9752476330195068,1
p699,0.4316256861409395,0.2975823029483282,2
p700,-0.890701094036218,0.5234767421135244,1
p701,0.40456508100544053,0.8434026283819875,1
p702,0.44267899851747344,0.2464584985354637,2
p703,0.7837939041706022,-0.6217579276517242,1
p704,0.1490304859297925,0.519256656063096,2
p705,-0.3642737566715338,-0.9425417337258214,1
p706,0.4927975996503802,0.8594762042634905,1
p707,0.12364629835885035,0.3712095796761513,2
p708,-0.17891948730692048,0.39470741395539183,2
p709,1.013255121578727,0.04180702787094295,1
p710,-0.7885971452283305,-0.8132747841003714,1
p711,0.47498409313519957,0.23652405649026492,2
p712,0.5774360722802361,0.11419643226494967,2
p713,-0.6918555549697243,0.5914428775678158,1
p714,-0.3906495770753965,-0.9245173289366139,1
p715,-0.4316386047541937,0.06693781330737666,2
p716,0.42572348778620583,0.020426614924950195,2
p717,0.18731151512677807,-0.4562574608170658,2
p718,-0.4670035380806876,0.2920040911741456,2
p719,0.2976205272978434,-0.27179845932273106,2
p720,0.6774072258498323,0.7249898545085254,1
p721,-0.27178658840717773,-0.26995457068575374,2
p722,-0.185588747996872,-0.4338684877149905,2
p723,0.7182629720219301,-0.682096656644065,1
p724,-0.6801097583820294,0.8182332950599772,1
p725,-0.2937994838573694,0.4004631776417179,2
p726,-0.6432212616500922,-0.7119029486340315,1
p727,0.44392158747402677,0.9395945963987333,1
p728,-0.1865754325399908,-0.42916150562271965,2
p729,0.1678390799581763,-0.4465158461094454,2
p730,-0.26119113196915045,0.4336080365798586,2
p731,1.019906597878435,0.13025175651294638,1
p732,0.5071918811517682,0.8084757492618438,1
p733,-0.9039350970342674,0.503224839179996,1
p734,0.440297663802398,-0.7691421394273829,1
p735,-0.5883689057867626,0.9171887525148881,1
p736,0.36055151400372004,-0.3776747246482572,2
p737,0.2495305078869417,0.5147611570879617,2
p738,1.0075436012445533,-0.147955926069362,1
p739,0.9183933386293915,-0.39910438883982313,1
p740,0.6563407650535362,0.7448333184847641,1
p741,-0.43036372708786985,-0.40891341930003605,2
p742,-0.3211343696646301,-0.4660825591669424,2
p743,0.5112823379642488,0.033328657437452225,2
p744,-0.5179897968868961,0.21059378488283068,2
p745,-0.3319000650987872,0.2945948352474045,2
p746,0.08006164324464293,1.0163370043779683,1
p747,0.1515799647610978,0.34326427811064786,2
p748,-0.739426231299941,-0.6245316673690153,1
p749,-0.9726341918244862,0.13624889876270022,1
p750,0.512834033601038,0.32161549693344715,2
p751,0.04642436789381428,-0.5453014561290255,2
p752,0.4622424115079925,0.1361905144701541,2
p753,0.1404850355805019,-0.45236407188562255,2
p754,-0.40476698356870894,0.372897521769793,2
p755,-0.22615830185618002,-0.44385828649178494,2
p756,-0.4753077478821946,0.9033145998963473,1
p757,0.19082261095381728,-0.3692507269509136,2
p758,0.09166513497084217,-0.5761428701378637,2
p759,-0.04780936352495563,-0.9581975836991261,1
p760,0.21290748729373557,-0.47270692852887647,2
p761,0.1838851928381153,0.44368559753831943,2
p762,-0.0830754263646015,1.020141923511044,1
p763,-0.9459850947365557,0.26094097969361524,1
p764,0.488635727158274,0.11996976277431423,2
p765,-0.5437364236340605,-0.8323190488081341,1
p766,0.5725865276504882,0.8107483310179322,1
p767,-0.3942675065130967,0.18384424817488598,2
p768,0.5244390739334556,0.23393254732071425,2
p769,0.717624554299693,0.5907204353462439,1
p770,-0.11085609964580186,-0.9982440802708894,1
p771,-0.6023438368275493,0.14190613781243108,2
p772,0.3274549538663628,0.39231952147657173,2
p773,0.3334615649770619,-0.2501692565730132,2
p774,-0.9986635961386495,0.03971037511384005,1
p775,0.520139108218576,-0.05413271353335859,2
p776,-0.23436095305661586,0.4816458320713404,2
p777,0.45578125761709404,-0.8604611502287492,1
p778,-0.9570191552184442,-0.0757840707601239,1
p779,-0.4609087838826615,0.16207537681053705,2
p780,-0.5302814544297285,-0.05753852096824526,2
p781,0.1883264678834815,-0.44890339547257724,2
p782,0.9524865466808483,0.24662422663650665,1
p783,-0.010161533431887498,0.5251700664601178,2
p784,-0.43978509425665585,-0.25598977803351897,2
p785,-0.9892131346585855,-0.08398618698738032,1
p786,-0.47650169877838044,-0.8815620355457472,1
p787,0.06119419256908706,-0.5161130338908991,2
p788,1.033335340971853,-0.13878672013296006,1
p789,0.4758975865727757,-0.9082677082775132,1
p790,-0.8899533981469977,-0.363731502012708,1
p791,-0.2424783660523492,-0.49455045406842124,2
p792,0.8511629656025849,-0.5107457008740128,1
p793,-0.37974795285831797,-0.23521696806103956,2
p794,-0.25470265960457683,-0.4070332396768409,2
p795,0.6293866792783824,-0.7991734224523322,1
p796,0.6662388304732717,-0.7489408378806838,1
p797,-0.7609965270377119,-0.6011252229759819,1
p798,0.5400141315641036,-0.03720203224459559,2
p799,-0.11392852310578833,-0.9813973887706557,1
p800,0.49119544824134476,-0.826282443404703,1
p801,-0.9707998203166222,-0.2393656067599474,1
p802,1.01560860712461,-0.18867025981046667,1
p803,-0.08447091811198744,-0.5165086169176142,2
p804,-0.0029969336061893836,-0.5639205296835083,2
p805,-0.3641601535417986,0.33002970408103,2
p806,0.9800242826175016,-0.0660240734653595,1
p807,-0.8386348701978552,0.624974952314587,1
p808,1.0321171297196905,0.0022655964069564077,1
p809,0.991362916292621,0.16675718570673065,1
p810,0.4275367427021594,-0.2835437739112965,2
p811,0.4406122911184917,-0.25443247570590666,2
p812,-0.4884079626521748,-0.7983613974273877,1
p813,0.9912003485143087,-0.14915453382987007,1
p814,-0.14763340731941188,-0.48930670039259966,2
p815,0.03560684286325928,0.4515583010589009,2
p816,-0.22227165304565222,-0.3731792058778968,2
p817,0.027611144821710953,-0.46344630646647644,2
p818,-0.3446605837064941,-0.9084164958841354,1
p819,-0.338947771293293,0.2847448897413618,2
p820,-0.2507652242936077,1.009539656959772,1
p821,0.7693352940478497,-0.5550018719588452,1
p822,-1.024321648757201,-0.2035547490087156,1
p823,-0.8492973048040985,-0.5358287763041765,1
p824,-0.17812530016139239,-0.9427392856456454,1
p825,0.5113287377756914,-0.8844081185868448,1
p826,0.47000512147034335,-0.06569313964660055,2
p827,-0.25508088860750555,0.43722075124593623,2
p828,-0.2937035900208953,-0.8573354045454554,1
p829,-0.0035012600310208655,-0.9646929550153446,1
p830,0.74221516697675,0.661462235305689,1
p831,0.8884349247627631,0.41125809493406773,1
p832,0.779164229730535,-0.6582872466320833,1
p833,-1.078426499707134,-0.1235191219663404,1
p834,0.1679558296866217,-0.41512811011477396,2
p835,-0.829486222642398,0.6210119955920336,1
p836,0.9449434078329331,-0.2329223855016511,1
p837,-0.5421876660642908,-0.9284055116190608,1
p838,-0.11027747306625296,-0.4917736561881879,2
p839,-0.931321918401443,0.3885132623068723,1
p840,-0.43226622522679264,0.32538989716259115,2
p841,-0.5443074421738275,0.06901761780860638,2
p842,-0.43598874095908985,-0.24759015755986874,2
p843,-0.1373209446915135,-0.4912960625828104,2
p844,0.5749162744863241,-0.8112229013020826,1
p845,-0.22512128353786323,-0.9023177616966308,1
p846,0.4480413162949952,0.1690672573779856,2
p847,-0.5233952687781924,-0.03913507137024676,2
p848,-0.4994933702662841,-0.13471624252227085,2
p849,0.44825099648154554,0.10763718261359212,2
p850,0.24795044708860578,0.9404386411901562,1
p851,-0.8760100419420407,-0.045617397023056415,1
p852,-0.5697219728766644,0.059176320630416765,2
p853,-0.16281917436798893,-0.3985053122344619,2
p854,0.9678986355021509,0.43189321448997303,1
p855,0.6205059388729458,0.7717726013078476,1
p856,-0.7446797120387865,-0.7305457738917742,1
p857,-0.830772480668691,0.5533527198833297,1
p858,-0.15982623022994633,-0.46661345269428267,2
p859,1.0501911644717052,-0.10848745507840124,1
p860,0.13110600511278112,-0.9803119517558789,1
p861,-0.011943288060338304,1.0778392094833176,1
p862,-1.0066290532857716,-0.3314332891634026,1
p863,0.7388403635478444,-0.6690046513374773,1
p864,0.4077363655264609,0.4674624322714829,2
p865,-0.725871592752827,0.7153533385144819,1
p866,0.4543989713731621,0.8192945219294551,1
p867,-0.3827631060216573,0.09319627396469739,2
p868,0.18917886018640523,-0.8771876586939342,1
p869,0.15266046177729956,0.49157040055313017,2
p870,0.6801572604598107,-0.6384307262994906,1
p871,-0.1774219052230243,-0.4605035063591075,2
p872,-0.02400351328490072,0.5009904111433655,2
p873,-0.1503425082662495,1.0491789038257182,1
p874,-0.3555897410888971,0.30970903371384095,2
p875,-0.29502678525609016,1.052831698703043,1
p876,-0.6064172789935874,0.7706445253486309,1
p877,-0.41075092213210074,0.3123403205080464,2
p878,-0.792948475932342,0.6847320831119721,1
p879,0.2988546528576974,0.3532791528490984,2
p880,1.071303269137177,0.029052940578338165,1
p881,0.18615515689685447,0.9952483007167572,1
p882,-0.46362850133439426,0.29434336756054996,2
p883,0.8711826182540698,0.42565342288440006,1
p884,-0.47379869057571117,-0.024226333773480848,2
p885,-0.46960452434567723,-0.013892999449942739,2
p886,-0.8971424465108578,-0.6188415127999101,1
p887,-0.501442520530331,-0.25958735650269404,2
p888,-0.6955489911958622,-0.8041368637852313,1
p889,0.12451918560094943,1.0386123782450254,1
p890,-0.12250416286694336,-1.0176219303539344,1
p891,-0.5117240304554864,-0.2402163123873729,2
p892,-0.07302853576210351,0.45506592794666534,2
p893,0.35488881976031483,-0.4083895607243163,2
p894,0.4601577981712012,0.07490691833382893,2
p895,0.38403545579836307,0.3402537794746324,2
p896,-0.4113353276050106,-0.25715533513950023,2
p897,-0.9098673448868134,-0.5906237108352645,1
p898,-0.5321558085272133,0.7282945704254391,1
p899,1.0272206005793365,-0.2898145783055848,1
p900,-0.0014695352339837604,-0.47161385258522265,2
p901,0.43218903711826856,0.12180335005888168,2
p902,-0.9519859549506291,-0.39532893980409606,1
p903,0.07810617604968566,1.1087192648124682,1
p904,0.2068610302908651,0.4961694669358599,2
p905,0.26919154125897926,0.33398460653165557,2
p906,0.2961318728730713,-0.25788116067847183,2
p907,-0.4018687171774583,-0.9668096604368953,1
p908,0.2619963189537962,-0.43176120332409634,2
p909,0.3830504142419408,-0.27934443062488934,2
p910,-0.02871874345980575,-0.49785807574867413,2
p911,0.7710263820931486,-0.49773340586172454,1
p912,0.00461105439747006,-0.4809165731877804,2
p913,0.3156529520653893,-0.3975989008545471,2
p914,0.42017169471396104,-0.03579363436256827,2
p915,0.46378904829247275,-0.13018687793728886,2
p916,-0.2290452763321702,-0.4389360480383814,2
p917,1.0459579477221517,-0.27893177814003967,1
p918,-0.9835663366698729,0.2911091813198738,1
p919,1.0724704810937107,0.13053014944877467,1
p920,-0.9547598798142504,0.31653507059251107,1
p921,0.469905490113213,-0.1854998056900913,2
p922,-0.318519828063601,-0.3831224873781465,2
p923,-0.2003061204559549,0.5028898340471737,2
p924,-0.006452489551269487,-0.9687556190877447,1
p925,0.1589400074654035,0.40582417410181393,2
p926,-0.3617913495923667,-0.9606034506481407,1
p927,-0.2737276137225983,-0.9900032051889623,1
p928,0.1534193807218068,0.9146053367422261,1
p929,-0.1358152372943461,0.42552652244684064,2
p930,0.44944364939687287,-0.26462455411074504,2
p931,0.2618054524298299,0.9266054416990624,1
p932,0.519267236334705,-0.2352075550564024,2
p933,0.35115150707230497,0.9720029905340338,1
p934,-0.9867005305404046,-0.1916359117393492,1
p935,0.32471642528167693,0.4040226695582083,2
p936,0.17401945306934757,0.5354239463401995,2
p937,0.08249991812515914,0.42733732472293356,2
p938,-0.9467050973641936,-0.05518866129359831,1
p939,-0.31116415193310737,-0.3141357348529164,2
p940,0.2595050782681121,-0.44780728414902393,2
p941,0.4331878494270347,0.9770521403821499,1
p942,-0.3271283445256091,-0.37668154372588736,2
p943,-0.29364041525872037,0.9458275315173226,1
p944,-0.42307455523279763,-0.1454943459927522,2
p945,0.4796186763501036,-0.9315640919755105,1
p946,0.5122210322759005,0.04706372648010831,2
p947,-0.3321573264670054,-0.46655360014888614,2
p948,0.22949771281165374,0.9793629827956387,1
p949,-0.27158797459899175,0.39079623681130654,2
p950,-0.41031091931627806,-0.23310187860379378,2
p951,0.18362532417966484,-0.49876919753055265,2
p952,0.3831387151732978,-0.8813932351123447,1
p953,-0.22442076602752908,0.4712746962052347,2
p954,-1.1092942906885237,-0.17975273916847417,1
p955,1.0250210468668806,0.1462908920977295,1
p956,0.08331570777377155,1.0252950761442952,1
p957,-0.7200499241508869,0.6687667957563421,1
p958,-0.6166225131583409,0.8041637200469868,1
p959,-0.41998008351483584,-0.3324915633743564,2
p960,-0.4113680998976141,0.22348723755686664,2
p961,-0.25051203832416397,-0.9253544006888281,1
p962,0.840202595095116,0.7255222049143717,1
p963,0.4790935172026201,-0.13154547141283074,2
p964,0.06115935305022635,0.481978303262136,2
p965,0.03384747897447878,0.4921192222457126,2
p966,-0.3097827700804944,0.9689913746585866,1
p967,0.022948538406249525,0.49188948751579564,2
p968,-0.7530849280242123,0.5324634820142737,1
p969,0.25426139594395875,-0.40378213583661593,2
p970,0.25950167137793123,0.40749775573549574,2
p971,0.2685728405496496,-1.0143899541514236,1
p972,-0.05634204516207009,-0.49258145166432493,2
p973,0.33857521680684977,0.3677362569700564,2
p974,0.7180218893322812,0.7171262483783146,1
p975,0.3684734984328026,-0.2755787979504941,2
p976,-0.8907825752307457,0.3813174225992353,1
p977,-0.5145235031719507,0.015663716673870398,2
p978,-0.7858454494290941,0.374506806742846,1
p979,0.1832446964405966,-0.5150014022794023,2
p980,0.3546537148080332,0.26003200504029833,2
p981,0.46305940200943724,-0.08509335891577985,2
p982,-0.3278395861040943,0.3305452270872031,2
p983,0.8365230166745079,0.6032374750282193,1
p984,0.4946978481208574,0.14808197040704751,2
p985,-0.9665978400484714,0.09254138328716902,1
p986,-0.904223540133484,0.4339109932143014,1
p987,0.5764915406470718,-0.8701469744718777,1
p988,-0.1717919498409458,0.4536313557563114,2
p989,0.38771657237586443,-0.26213881167929864,2
p990,-0.680785922289527,-0.7864946362625386,1
p991,-0.3006436169374015,-0.3598972203625015,2
p992,0.41690143341315833,0.42479293255422884,2
p993,-0.17063159875237152,0.4376152021070894,2
p994,-0.08937829622507595,-0.554751465033822,2
p995,0.9183927477612649,0.2569160917383915,1
p996,-0.9358987653728781,-0.25466595515352786,1
p997,0.3349176769520456,-0.3910697646569773,2
p998,-0.17777259821885735,0.3875237132508377,2
p999,-0.9211609668294106,0.45095388606698084,1
p1000,0.879420784683344,-0.3655184726523609,1
p1001,-0.9243164816967383,0.10104760930630756,1
p1002,1.0082260966419274,-0.010017761638406422,1
p1003,0.9614023966878553,-0.350301631180333,1
p1004,-0.48707622156895336,-0.17371359796761737,2
p1005,0.5177312470948497,0.08544396469368398,2
p1006,-0.40121105218551,0.36888996154597775,2
p1007,0.024883083656963623,-0.4703985972238021,2
p1008,0.1217290974148286,0.4372416698283037,2
p1009,-0.8087648947778808,0.3634801983010454,1
p1010,-0.09645669318845865,0.4962083275100903,2
p1011,0.9579416283763434,0.3730358985530996,1
p1012,-0.9339872891565841,0.34545158978664,1
p1013,-0.4527474800413642,0.12810370063138668,2
p1014,0.1314465481675701,-0.9508444094353508,1
p1015,-0.07616502802028825,0.4982141606407743,2
p1016,0.40031892626541243,0.07006881279247741,2
p1017,0.0644790390396674,0.47339254138835185,2
p1018,-0.08516191876544646,-0.9568723039776558,1
p1019,0.3400991143476791,0.9641050294804115,1
p1020,-0.09449664168394367,0.5150257990470348,2
p1021,-0.8350060874750814,0.5414907112125471,1
p1022,0.10994277939356911,-1.0083509237213417,1
p1023,-0.29105303962672463,0.4437927821783195,2
p1024,-0.23245693038133838,-0.5021019161469353,2
p1025,0.7721038299132922,-0.6569813826379816,1
p1026,0.12160786428672747,1.0072662916386557,1
p1027,-0.41148725901263256,-0.22794012896835658,2
p1028,-0.9921100672513351,0.1068434487461293,1
p1029,-0.003944550292660012,-0.46868667912357864,2
p1030,-0.45884997308609654,0.1745318908044862,2
p1031,0.20620999500782947,-0.4803160291502794,2
p1032,-0.4257248424281248,0.02038496807074521,2
p1033,-0.38895850859218484,-0.2947188583366728,2
p1034,0.1857157412762775,0.4429367170380334,2
p1035,0.056998627767796475,0.5211946462159815,2
p1036,0.22973923006464708,0.4141406316170288,2
p1037,0.000497791779037038,-0.5479269939745207,2
p1038,-1.011898974104269,-0.20304100791924976,1
p1039,0.03859361015165056,0.5000550407486515,2
p1040,-0.17840122725300536,0.5012004418387527,2
p1041,-0.42841961200027323,0.8536456166034265,1
p1042,-0.40776480549911953,-0.8818287704170512,1
p1043,0.4861405631523738,0.2899657637792481,2
p1044,0.6707591023688263,-0.727779404398196,1
p1045,-0.8531517970802102,-0.483583611472851,1
p1046,0.5134245299433238,-0.07323190568203514,2
p1047,0.8727428830159368,0.500904138298571,1
p1048,0.04011488980088155,0.4478907078078803,2
p1049,-0.497182480348223,-0.7912600082903578,1
p1050,-0.9964535120490049,-0.26224256104371874,1
p1051,0.3256842584840014,-0.46881784916962804,2
p1052,-0.8560102162160476,0.4506917409032014,1
p1053,-0.3356050729043388,0.3119922407498305,2
p1054,0.4775382254319628,0.15173992262206812,2
p1055,0.17080479810969845,-0.9277396746128477,1
p1056,-0.2530998180333024,0.43215784937650165,2
p1057,-0.7199966312508493,-0.7944154670483329,1
p1058,-0.07775161852247749,-0.46980985155642513,2
p1059,-0.25288953555700994,-0.2474719414130479,2
p1060,0.8371406443698939,0.6528859678877075,1
p1061,0.2473492943465713,-0.3492991939401697,2
p1062,-0.9663301266991433,0.2061303125861085,1
p1063,0.37155836638581835,0.4150979388036808,2
p1064,0.023291187578059945,0.9787244615580916,1
p1065,-0.28402080136899355,0.5022875341976172,2
p1066,-0.5655661963146829,0.2509756096701434,2
p1067,0.7460286172260782,0.5207817979706555,1
p1068,0.21154388431272508,0.40107143269442297,2
p1069,0.15214191299716295,1.060932472226731,1
p1070,-0.16183436703071652,1.0006642806338337,1
p1071,0.9522688265234575,0.04237601995603818,1
p1072,0.5065686439392535,0.17148608387055825,2
p1073,-0.1548746483304831,-0.9045541531232468,1
p1074,0.029305228481536896,-0.46150983173515303,2
p1075,0.2995738007988401,-0.3330786148601126,2
p1076,0.9304899921159981,-0.3670445317804262,1
p1077,-0.1736745802483329,-0.5308741485066675,2
p1078,-0.9210017515215143,-0.24864369665636993,1
p1079,-0.8352190186782699,-0.28761363744362967,1
p1080,-0.9375802061941356,0.1573616834098176,1
p1081,-0.35672074792252556,-0.34726031647356637,2
p1082,-0.07983868339535735,-0.5629827721750326,2
p1083,0.4281870948138484,0.8917817675111769,1
p1084,-0.040663316731488826,-1.0354037294804816,1
p1085,-1.0479467505285358,-0.04051010290260091,1
p1086,0.19028335854455827,0.9792150154242243,1
p1087,0.11773058187660809,-0.5022665630561122,2
p1088,0.42646588090573556,-0.09336670232770594,2
p1089,0.7911671269833714,-0.46327197690087335,1
p1090,0.5325311541428809,0.08758406594551492,2
p1091,-0.8140815905176522,-0.47995122684733,1
p1092,-0.5800420191185248,0.935441038962897,1
p1093,0.3000521184349758,-0.9674928952638419,1
p1094,-0.1839265927061867,-0.9414281151774984,1
p1095,-0.31715215609013603,0.380185065388388,2
p1096,-0.43534646835834817,-0.03376168520739004,2
p1097,0.09858973201413332,0.47301997214876684,2
p1098,0.5869369755891927,-0.8142130520061508,1
p1099,0.4426790703819152,0.27593835176534054,2
p1100,0.8533750746132095,-0.5118190275140749,1
p1101,0.3242088080273701,0.3119914103035414,2
p1102,0.7917110341378387,0.46258586140512076,1
p1103,0.4338583427668131,-0.9709617526137996,1
p1104,0.929744758848594,-0.18568224436726524,1
p1105,0.7653090820998749,-0.5526099079984891,1
p1106,-0.023000906909713736,0.4819764784602591,2
p1107,-0.5698151617329653,-0.8350576231347703,1
p1108,-0.5874811691744894,0.7750922431258781,1
p1109,0.11460238199295165,0.9476511130336479,1
p1110,0.4497089798951706,0.21223353152595387,2
p1111,-0.07886879202998093,0.9404165936466519,1
p1112,0.8654176129993868,0.6052168932834746,1
p1113,-0.23304345820594616,0.4850124447564064,2
p1114,-0.06822685131348963,-0.4802339054148635,2
p1115,0.48059353013795497,0.13211753062544276,2
p1116,-0.7395349056876086,-0.7033752547685048,1
p1117,0.7944471157427535,0.6112436500333764,1
p1118,0.009886559315204265,0.4258403932013861,2
p1119,0.08117167061388189,1.0070366782608273,1
p1120,-0.11510265849455406,-0.5633925792897286,2
p1121,1.0355229328826123,-0.20783801836679394,1
p1122,-0.9661610244303604,-0.3542360167790245,1
p1123,0.37919602403732017,-0.24609508451224243,2
p1124,0.9425724662409545,-0.3955475117854391,1
p1125,0.9633200803183258,0.40175285282218737,1
p1126,0.9828822342991714,-0.23130959161107376,1
p1127,0.7783886272518163,-0.5709874502817377,1
p1128,0.15336708636248791,-0.929432964439317,1
p1129,-0.9548862582487806,-0.24922074714334613,1
p1130,0.10189927615969047,-0.4757635714896366,2
p1131,-0.34157831927517424,0.4102405682600266,2
p1132,-0.5126453421755368,-0.21086893833004317,2
p1133,0.03955218184097495,-0.5218435615714141,2
p1134,0.7049018773416016,0.6997103432115951,1
p1135,0.4585231075994475,-0.19818201806536187,2
p1136,0.405230425757542,-0.24774361530367925,2
p1137,-0.13776036726543245,0.4653789362159124,2
p1138,0.4460120568506028,-0.16433682898726168,2
p1139,0.01858525751005262,-0.5000983429405584,2
p1140,0.4887583278587369,-0.06369687460728007,2
p1141,0.07261073914478877,0.5633984773057112,2
p1142,-0.0954874147296075,0.5025768106210724,2
p1143,0.20849733440866802,-0.4585263858008134,2
p1144,0.10782331103493446,-1.0062673723922828,1
p1145,-0.5381472333996449,-0.21235009111600145,2
p1146,-0.39606012193829604,-0.9410845152025361,1
p1147,-0.8079922228524845,-0.5765952310882112,1
p1148,-0.11202312284425776,1.0080045235750146,1
p1149,0.4514975142769069,0.37977099345625487,2
p1150,-0.43125369076385356,0.9311436485423615,1
p1151,-0.9899716152696796,-0.12078453025631496,1
p1152,0.4144651115928203,-0.36098734627845197,2
p1153,0.14261663846557265,-0.4515102506334537,2
p1154,0.38727751336580474,0.31619101028384156,2
p1155,-0.20432471080480308,0.4073452499203662,2
p1156,-0.7697892414496137,0.684263689114868,1
p1157,-0.9356298069150691,-0.0147224706233689,1
p1158,-0.40795206325923417,-0.3027043924370697,2
p1159,0.5406325587892041,-0.011662788146651157,2
p1160,0.3808937076621755,-0.40203693116512274,2
p1161,0.30898397788258986,0.8863428497926183,1
p1162,0.38785828680549894,0.3825274617080807,2
p1163,0.3882407395616919,-0.8494969409242299,1
p1164,0.5052761339618352,-0.031346550544714025,2
p1165,0.972683373970072,-0.3476698424343348,1
p1166,0.8007057764294487,-0.5047292819997311,1
p1167,0.2839277314110402,-0.3909442279641046,2
p1168,0.7603310552728394,-0.6570190011846043,1
p1169,-0.5409365911160421,0.16273231122147924,2
p1170,0.3288133091285424,-1.0276353472398394,1
p1171,-0.7156906698840422,-0.7409886662065206,1
p1172,-0.3375173671068915,0.38947739438367046,2
p1173,-1.0088901838094326,-0.008599092409535745,1
p1174,0.2610265137697487,0.4848928283782958,2
p1175,0.5127706224324589,0.17704905401018367,2
p1176,0.6687403866670423,0.6368866788972066,1
p1177,0.10806131367779863,0.4732543849627324,2
p1178,0.43041169543877633,-0.7969879208174537,1
p1179,-0.991236096889061,0.23010150394249457,1
p1180,0.4021924362849724,-0.2562158549813979,2
p1181,-0.4590296167681471,0.06431385790032426,2
p1182,0.4723997625984477,-0.1799998892597687,2
p1183,0.9570242315144473,0.11010855405588788,1
p1184,-0.49275108388427746,0.13690746914564234,2
p1185,-0.9747910626105473,0.05660181782585508,1
p1186,0.009072904947541191,-0.5646974190701575,2
p1187,-0.15735908061405035,-1.0244285214490447,1
p1188,0.4986807986148696,-0.19590216089159432,2
p1189,-0.4155923532409866,-0.24067386407000774,2
p1190,-0.6968839687797141,0.7546521279600724,1
p1191,-0.5631600745636879,0.020346565534455137,2
p1192,-0.15703445175284658,0.439331127508878,2
p1193,-0.9381342971496829,-0.10125730946631534,1
p1194,1.0044374625771255,0.026800431811159414,1
p1195,0.8117693718340924,0.6085647566368847,1
p1196,-0.39397198872563904,0.33351460383798914,2
p1197,0.48776923764177954,-0.22676000577978797,2
p1198,-0.2202267099863358,0.9864186081319066,1
p1199,-0.3666651172546545,-0.3666952563165411,2
p1200,0.24226171639991087,-0.9487091626004923,1
p1201,-0.8877847619192767,-0.45656970256352,1
p1202,-0.06065193495506379,0.9535753836390628,1
p1203,-0.06828035016457362,1.0324817727883975,1
p1204,0.5338011967176093,0.012584083856612138,2
p1205,-0.4212920265358853,0.19704585827237223,2
p1206,-0.4729571893075861,0.2368513933776022,2
p1207,0.35435573720062774,0.3970013958695123,2
p1208,0.04624002107519962,-0.43556679517280994,2
p1209,-0.5040448158708529,0.20376874126822322,2
p1210,-0.49346918525160527,-0.008533988196489602,2
p1211,-0.40293249278193777,-0.8484592169852152,1
p1212,-0.5124932462108649,-0.8360186546572277,1
p1213,0.6780712991849729,-0.8458348345322373,1
p1214,0.1664105691142855,0.44068618916140584,2
p1215,0.48536025980778363,0.08190761069840524,2
p1216,-0.9967853554504673,-0.23424257344030391,1
p1217,-0.5821267449924221,-0.04515332648985647,2
p1218,-0.14403755459762901,-1.0643436500388126,1
p1219,-0.6043599543378165,0.7505404445476335,1
p1220,0.5880578282434465,-0.016773487706518573,2
p1221,-0.18398815065935822,-0.5143425054752148,2
p1222,-0.45927678999144467,0.1367833012718898,2
p1223,-1.0237961082842668,-0.2788343428428048,1
p1224,0.4250447812678333,0.3997398013338166,2
p1225,-0.46324482828517854,-0.15487255110768683,2
p1226,0.3921623459675783,0.2592750625421058,2
p1227,-0.8866092814673786,-0.4809897691829083,1
p1228,0.4907886187781805,0.05805323255650695,2
p1229,0.10224070440048731,-0.5733957955764812,2
p1230,-0.7125451578671433,0.6193758592245511,1
p1231,0.46509130815095473,-0.07954880154599618,2
p1232,1.0500180365292255,0.10723969088618693,1
p1233,-1.03183364041111,-0.21729343916452484,1
p1234,0.30193324802288246,0.391514744484863,2
p1235,0.4598881882748455,-0.16104269939010563,2
p1236,0.2700335737555785,-0.9288550576638476,1
p1237,-0.46465373378298824,0.8721742359762585,1
p1238,0.0486167074931471,0.5425636462541218,2
p1239,0.6601577045536094,-0.6973420169715214,1
p1240,0.28177460855522657,-0.3468022328979338,2
p1241,0.5745785725163135,-0.9710419144759763,1
p1242,-0.10453053748555664,-0.9590404725453121,1
p1243,-0.24104813217609325,-0.2983099246461256,2
p1244,0.4100959338974479,0.17717981552456732,2
p1245,0.4512136272589769,-0.33040991032780564,2
p1246,0.8211899899451769,-0.5226683104480065,1
p1247,0.9323383448361977,-0.28450880954298485,1
p1248,-0.8968316459168469,0.18213084658093767,1
p1249,-0.734159724246999,0.7584286940403866,1
p1250,0.952732992435217,0.2257076515461579,1
p1251,-0.1522083291700229,-0.44535713939538607,2
p1252,0.11509997581849132,0.9744355451469313,1
p1253,0.6850065093940253,-0.8039567996006728,1
p1254,0.35401321289739845,0.4691130445500396,2
p1255,0.34343026765884077,0.4102331469614064,2
p1256,0.6820885747542048,-0.5811340351172384,1
p1257,0.4283032920280192,-0.14369414403068048,2
p1258,-0.5868489714293095,-0.14525739858163267,2
p1259,0.46944003086460595,-0.8895812531311938,1
p1260,-0.3912836724443048,0.07168448659574904,2
p1261,-0.4805578064057094,0.05319233086662688,2
p1262,-0.1697097509640183,0.49636680303883884,2
p1263,-0.15064887524906762,0.43086622635684224,2
p1264,0.8667284971005803,-0.6659468455181946,1
p1265,-0.4822192029980355,-0.25138153671990277,2
p1266,-0.9508209568528039,-0.5097825978548244,1
p1267,-0.377534469708064,-0.9531042185964396,1
p1268,-0.49227560905328344,0.12908210479901994,2
p1269,0.2751747843704498,-0.4358004094096764,2
p1270,0.25280992139227193,-0.9087307437231086,1
p1271,-0.49035208929560975,0.9112654291156408,1
p1272,-0.3111061817673413,0.37389391119902493,2
p1273,0.5015224754416859,-0.01847746734535389,2
p1274,0.04699393350166785,-0.5468379186797394,2
p1275,-0.9754608397271751,0.3426039784242169,1
p1276,0.13769441774784366,-0.6032632262242605,2
p1277,-0.13294414313160616,0.5162312976784699,2
p1278,0.42315946502396584,-0.9115526563604669,1
p1279,0.5067934058330307,-0.7462772549047871,1
p1280,0.9332016546106333,0.4214355040135029,1
p1281,-0.5275412237365055,0.08620501273326099,2
p1282,0.27297000296217455,-0.9221403065292116,1
p1283,-0.6883980841383983,-0.7149134354659847,1
p1284,1.036694900053624,-0.20646567099570778,1
p1285,-0.8390328075529573,-0.49834371761745955,1
p1286,0.4918766803988674,0.07331809799456585,2
p1287,-0.4251825672982069,0.30720876332424396,2
p1288,0.8298697174979793,0.5755289668549248,1
p1289,-0.42583932630173793,0.392259303326826,2
p1290,-0.06834964797009782,0.5417073026815333,2
p1291,0.42110126464225084,-0.24616288144389145,2
p1292,0.8436991341197398,-0.6192591712624821,1
p1293,-0.38563823938130515,0.4681884543211935,2
p1294,0.29623652591722915,0.3673874496286015,2
p1295,0.4238739026897182,0.2973808125664814,2
p1296,-0.4772803796839207,0.9094912739471926,1
p1297,-0.40234836318583767,-0.353103493535335,2
p1298,-0.2672381901689741,-1.0619415553640474,1
p1299,-0.9975858345372561,0.20191629759127255,1
p1300,0.3134083237679812,0.39841571598745107,2
p1301,0.6447304169261222,0.8853656074065536,1
p1302,-0.3493196200059414,1.0526487141781,1
p1303,-0.18099348190814055,-0.516840528334859,2
p1304,0.5260782145978207,-0.004801926368629576,2
p1305,-0.47922413381404394,-0.10272338900679891,2
p1306,-0.26902564996589,0.4648638427895655,2
p1307,-0.797644278100198,0.46579203978496264,1
p1308,-0.8044281854120406,0.5357000552696918,1
p1309,0.46475302086255954,0.29315385992983156,2
p1310,0.8019768667376678,0.5911274143381354,1
p1311,0.31953512894692465,-0.2529532152499061,2
p1312,0.9454167921395313,0.4059882040722763,1
p1313,-0.21844136806287515,0.41969014005299715,2
p1314,0.93458228791873,0.31596309351463386,1
p1315,-0.1874515251229672,0.45530726761480467,2
p1316,-0.3104385960990632,0.32641739100843553,2
p1317,-0.5901068553788252,0.794818410451096,1
p1318,0.9470285045877865,0.04908762535080763,1
p1319,-0.28072836727629336,0.46593402176351223,2
p1320,-0.33668103018618867,-0.31451888783796794,2
p1321,0.2422277051438383,-0.44173009193379265,2
p1322,0.4757215572794814,0.1279623020146702,2
p1323,-0.3488315764389981,0.3322966476395026,2
p1324,0.28800802395691166,0.3899014235716997,2
p1325,0.2349937444589435,0.958093347745179,1
p1326,-0.5480111018816527,0.08327871625247832,2
p1327,-0.1086763852594347,-0.9817044328194653,1
p1328,0.9406107677462906,0.42990240368370586,1
p1329,0.46486181985512426,0.893768133433068,1
p1330,0.20934216487474672,-0.44956823744655616,2
p1331,0.9377804690944601,0.18344102350599584,1
p1332,-0.9652883621072371,-0.38691919716521356,1
p1333,0.23529052737538333,0.5301965375715245,2
p1334,-0.4987260156865919,0.1675512703183833,2
p1335,0.8808128632032267,-0.4792268327324622,1
p1336,-0.8629399893224222,0.4178179287607563,1
p1337,0.35351767645037585,0.34395549424861716,2
p1338,-0.34575199339969503,0.9311947964412072,1
p1339,1.0372977795637512,-0.14803810972987796,1
p1340,-0.7110333794912319,-0.7732925534261428,1
p1341,0.06993798745799784,-0.9905873336124391,1
p1342,0.40624843970844915,0.1408997720293437,2
p1343,-0.4607172714708161,-0.21232443721129587,2
p1344,0.44390785475681416,-0.12923405245237551,2
p1345,-0.6030671185926144,0.047791496870103964,2
p1346,0.5750479916848625,-0.7471847480940333,1
p1347,0.32459548816265804,0.39670686639840885,2
p1348,0.5014463127546053,-0.7869690334459418,1
p1349,-0.34771328120474165,-0.34525500549929716,2
p1350,-0.2033203942345021,-0.4351505886910853,2
p1351,-0.8917069692779511,0.034667778845623214,1
p1352,-0.07604469466525493,-0.9278906723256649,1
p1353,-0.6472032527360296,0.7138382106957171,1
p1354,0.4664052493359099,0.09933901368749465,2
p1355,0.9810169473617625,0.2984718143658995,1
p1356,0.1631624720270951,0.4936148593491797,2
p1357,0.8485031569680584,-0.5509828115585338,1
p1358,0.9062512094872787,0.32561822575003896,1
p1359,-0.9545828502471762,-0.20182423462005405,1
p1360,-0.004333280273268243,-0.911812849430213,1
p1361,0.3910299724829112,0.28241392606253507,2
p1362,1.0066520526284897,0.0005237030190841999,1
p1363,-0.8007393117079867,-0.5870468237994488,1
p1364,-0.471341613385483,-0.30642256067193446,2
p1365,-0.7148623107550406,-0.6678315913761013,1
p1366,0.4369665188705765,-0.1943702602114672,2
p1367,0.3303208645182076,0.34268887015725824,2
p1368,0.46166759657225154,-0.049782844186397675,2
p1369,-0.5654028774088019,-0.8575363788989813,1
p1370,0.47530567379058536,0.07666998037993103,2
p1371,-0.29414438173815494,1.0465610703844348,1
p1372,0.5681004880595468,0.01575764059047565,2
p1373,0.24452656931650205,-0.484648416005351,2
p1374,0.9147194003290104,0.4379420317708699,1
p1375,-1.0286457073567754,0.0659510214819761,1
p1376,-0.41686779250518585,-0.3241813549420199,2
p1377,-0.02018504171455886,0.438890094758268,2
p1378,0.3408515334744726,0.9087318630145798,1
p1379,-0.8424499106882457,-0.6575440520494125,1
p1380,0.6982873478169105,0.605044949752071,1
p1381,-0.4648118436554364,-0.19225532115302843,2
p1382,0.7220243986603712,-0.6498113352616771,1
p1383,-0.3966055503210594,0.3984169825466738,2
p1384,-0.7777864491604851,-0.5980430478198837,1
p1385,-0.13583574289470232,-0.9157369266628475,1
p1386,0.4903641142384882,0.027602657120605084,2
p1387,-0.015086878084103915,-0.49428439603541907,2
p1388,-0.15888218505322635,-1.0211674640768957,1
p1389,-0.5183098216405642,-0.9148978226054278,1
p1390,0.9933921199144131,0.27319160868366305,1
p1391,-0.05461943209894802,-0.4992314919559608,2
p1392,0.2494921782713757,-0.38296441671656584,2
p1393,0.6818618039207163,-0.6831681035395234,1
p1394,0.5389546344608844,0.020734526367364906,2
p1395,-0.31699878850767094,0.26188586737832914,2
p1396,0.37507632969133575,0.9711366912976002,1
p1397,0.8005794869909313,0.5013742506603704,1
p1398,-0.8936312476036505,-0.4741919986363174,1
p1399,0.40836112355104287,0.27892356125582757,2
p1400,0.976331470988674,0.20832020834532522,1
p1401,-0.513540219575209,-0.11080623092082106,2
p1402,0.48990941068894744,0.1635921322251322,2
p1403,0.015801447946324747,0.5078157930173193,2
p1404,-0.7005689158758683,0.6617789124182616,1
p1405,0.12301721411954615,0.4675070918068772,2
p1406,0.9151121871187587,-0.30464672782908314,1
p1407,-0.33835831599170857,0.3233357323722706,2
p1408,-0.49510852090127777,0.8805801451743467,1
p1409,0.43610917238050634,-0.2566857972374745,2
p1410,-0.504414851778794,0.07954345456030346,2
p1411,0.27888844496465465,-0.45536328783640345,2
p1412,0.6594443323979223,-0.7624897174056249,1
p1413,-0.8317900479186338,-0.5518570445619986,1
p1414,-0.9140110540476661,-0.4811939658166417,1
p1415,-0.9029846452966467,-0.050429588742161933,1
p1416,1.0120944034018444,-0.15394968634545314,1
p1417,-0.7378567416045433,0.6464701522330949,1
p1418,-0.45979247929011074,0.03523103792792074,2
p1419,-0.1853416129760994,-0.9994264425205169,1
p1420,0.4618839238243791,0.9505697066905067,1
p1421,0.06792447134476415,-0.4683969984091064,2
p1422,-0.22309093510716094,0.9885199344398853,1
p1423,-0.11497394437978463,0.4421129795961914,2
p1424,-0.9624186567423338,0.26743051294659664,1
p1425,0.12267315603953438,-0.8945710899712623,1
p1426,-0.18653600924419847,0.48493746126277376,2
p1427,-0.5045787981678845,0.8977630392987099,1
p1428,-0.41270960577882687,-0.8960113048272191,1
p1429,-0.5362863370836636,-0.21661319368930024,2
p1430,-0.7448112858985467,0.67949359552468,1
p1431,0.053234850683453544,0.4390151792228067,2
p1432,0.7163485219721548,0.7177205450899466,1
p1433,0.31146600311988853,0.9240058355084574,1
p1434,0.41734091171495524,-0.387716101886138,2
p1435,0.08926697828343867,1.0036688034535985,1
p1436,0.96421360182363,0.21848535753642165,1
p1437,-0.28144057346780577,0.9788204619198094,1
p1438,-0.47742140734371474,0.23886255752138308,2
p1439,0.4209135247248889,0.22583254682232612,2
p1440,0.6559576137786566,-0.679769344386633,1
p1441,-0.3986072611534422,-0.236050373133674,2
p1442,-1.0055228557765599,0.16365107888106228,1
p1443,-0.08984618127492311,0.5065285476117889,2
p1444,0.9912354972653783,0.41947430704547994,1
p1445,0.05565054496666921,-0.9637978509302144,1
p1446,0.9879575318625472,-0.0665884507514148,1
p1447,-0.677291691816136,-0.6529684445026109,1
p1448,0.4941428403761998,-0.05672254701004387,2
p1449,0.10307235102981663,0.6101988709978382,2
p1450,-0.22387589685430911,-0.4680830222095315,2
p1451,-0.1215471644279858,0.48976673291373346,2
p1452,-0.8263875737864383,0.5512079716267134,1
p1453,-0.31459699341559166,0.30217807172285605,2
p1454,0.5764068240985908,0.161982766801734,2
p1455,0.648863764314512,0.770549378190448,1
p1456,0.9170203477654983,-0.49877247053554835,1
p1457,-0.4607703015690231,-0.9080757353347557,1
p1458,0.30733244460514464,-0.3733604342895848,2
p1459,0.058082841168791276,-0.48937502382419873,2
p1460,-0.16125459032594044,0.9673072416334684,1
p1461,-0.9514612932713458,-0.3153703745562108,1
p1462,0.42377160704501193,0.229162776755359,2
p1463,0.6235636492830989,-0.8125569344268894,1
p1464,0.80402575002498,0.42640618310785783,1
p1465,0.3035978445893787,0.5443190536151336,2
p1466,-0.39016390446388255,-0.23308558124180143,2
p1467,-0.28677388275327736,0.9259593221676541,1
p1468,-0.0029169017148308607,0.9365281414992375,1
p1469,0.5303821812490163,0.07038276118554794,2
p1470,0.39566192810981743,-0.902867139767756,1
p1471,-1.097277702888592,-0.17292999730655262,1
p1472,0.2874597312081927,-0.4933115426387428,2
p1473,0.27915383904092617,-0.4140896879290285,2
p1474,-0.5097899801565956,-0.24506629399310115,2
p1475,-0.3867980166213917,0.21698177381987666,2
p1476,0.037964385906661825,0.499811491206295,2
p1477,-0.07176897306828986,0.5561417490896536,2
p1478,0.2000715329074618,-0.4049278606900417,2
p1479,-0.35205011408611114,0.27374120232650223,2
p1480,0.2987363446244979,0.4006210998802311,2
p1481,1.0658237967412476,-0.002287730279627434,1
p1482,0.5619925080703903,0.8641594253601381,1
p1483,0.3126991210884265,-0.3347542418127981,2
p1484,-0.9515219424528908,0.09786215793432348,1
p1485,0.46649005342750216,0.14635716546776972,2
p1486,0.2993082985798628,-0.44589472433397237,2
p1487,-0.35780627802221815,0.31410501107491745,2
p1488,0.5127925087823508,-0.15716287315176825,2
p1489,-0.8099679309549531,0.5163621388390572,1
p1490,0.4625006104426806,-0.2945938165688834,2
p1491,0.5097568456777561,0.8655719128398057,1
p1492,-0.4995509892344767,0.12693241574377195,2
p1493,-0.9262136107726877,0.37697492216426953,1
p1494,0.9630021113264924,0.34874698845629915,1
p1495,0.502455850932253,-0.9206713821335432,1
p1496,0.045673522570941455,-0.51131862934954,2
p1497,0.21915400264275292,-0.4707392299333439,2
p1498,0.01875021073616708,0.5310394796322241,2
p1499,0.2947725366045107,0.39586487994932595,2
p1500,-0.19707898234117596,0.9750298127167735,1
