138,583,868,822,783,65,262,121,508
121,262,508,583,97,500
856,400,444,623,781,786,3
444,786,400,856,781,32,23,27,666
23,856,27,744,30,541,228,783,449
449,744,27,856,541,783,30,23,228
228,744,23,783,27,124
124,27,783,23,228,311,291,602
311,27,291,228,124
680,521,111,798,168
798,111,521,680,168,45,316,721,869,630,608,593,404,663,175,173,515,233
721,521,680,175,168,869,173,663,515,630,798,404
554,639,806,628,340,470,615,29
806,340,615,639,882
565,817,872,837,954,262,34,862,967,690,73,86,889,18,464
774,288,256,276,113,817,640,190
288,172,164,262,541,975,173
975,173,164,262,541,330,509,486,117,25
330,509,816,193,265,112,260,922,748,523,215
260,330,193,523,748,509,922,112,215,816,265
509,260,265,193,112
218,897,49,314,73,880,79,318,940,962,306,762
962,259,134,9,575,900,871,39,605,840,223,986
39,134,840,605,962,9,259,223,986,871,900,575,505,107,961,682,400
682,39,334,627,893,412,922,289,19,161,206,879,336,831,577
412,922,627,893,691,99
691,627,893,99,412,922,743,42,87
893,933,552,219,275,778,341,615,519,862,262,377,347,349,117,299
299,139,594,565,789,107,329,41,417,75,390,887
594,887,107,139,329,299,789,75,417,390,41,565,374,913
417,887,469,919,284,111,806,47,848,303,13,629
887,806,629,417,193,246,805,601
806,417,601,698,248,163,762,866,106,446,933,988
106,248,564,260,729,489,323,103,213
106,213,103,564,744,611,328,461,401
213,401,936,325,994,616,994,467,115,257,221,804,633,797,913
804,467,221,365,266,188,555,213
365,221,84,840,288,92,772,459,93,668,589,659,348,964
288,43,336,192,325,812,868,593,915,944,311,252,343,104,558
343,944,95,251,226,21
251,343,95,21,226,944,23,651,11,298,769,812,368,506,481,884
21,11,368,506,944,343,481,95,298,23,769,145
343,944,11,298,769,23,481,145,21,95,506,368,307,444
343,368,506,254,259,797,66,699,987,458
987,259,699,66,551,465
857,347,176,265,498,25,813,662,956,427,1000
857,25,176,956,347,266,849,284,408,578,411,177,628
498,8,182,542,325,513,915,665,943,449,953,703,655
542,513,665,953,655,915,346,574,626,929
655,953,50,944
524,661,899
899,785,812,905,209,320,306
306,209,812,785,320,905,609,88,877,127,919
877,127,609,812,209,257,437,223,965,584,737
877,223,437,257,394,528,866
748,42,537,93,828,262,644
755,935,86,983,999,143,993
993,143,755,983,999,935,86,407,169,932,334
932,931,500,983,218,123
218,419,932,121
932,218,419,121,983,195,542,450,593,22,32
22,121,983,32,218,292,152,556,206,280,319
218,556,983,292,503,431,877,125,788,214
877,292,503,214,218,926,827,25,121,583,766,14
766,780,742,997
766,742,780,997,448,516,694,366,777,542,332
453,736,461,359,313,553,409,348,802,749,700,586,505
940,387,392,209,571,4,285
4,285,571,387,946,473,616,855
946,473,285,387,635,685,544,203,369,539,4,695
544,695,685,473,505,764,254,656,991,665,298,645,22,417,739,645,160
22,991,417,685,160,695,665,11,358,935,271,818,726,422,895
160,417,11,895,726,174,479,523,47
417,763,605,433,72,364,69,673,454,21,169
605,763,412,652,706,283
763,706,213,243,908,342
763,908,675,378,480,524,572,755,51,173,305,669,753
51,480,524,625,758,238
625,177,496,809,266,888
888,177,496,809,724,251,865,677,32,873
873,865,251,809,177,496,677,888,724,32,596,936,956
32,177,888,724,251,956,798,142,916,733
251,798,247,119,736,212,736,698,313
234,407,330,505,951,103,979,192
829,612,24,911,771,222,700,36,507,721,542
721,36,222,771,829,542,612,700,911,507,239,507,461
222,771,242,840,291,474,561,594,399,217,463
474,594,771,840,222,561,16,817,6,879,492
16,869,595,295,941,201,410,164
595,410,16,201,295,941,164,869,261,134,82,474,668,861
595,861,550,63,538,861,133,44,956,281,800,121
63,595,512,653,134,763,286,704,837
704,286,512,763,837,134,653,63,252
958,807,605,180,359,439,620,715,574,654,535
535,620,574,807,439,605,180
535,605,180,807,574,620,439,321
545,34,454,681,132,917,405,782,725,921,904,457
538,277,93,257,820,334,88,310,36,881
820,334,753,134,267,814,390,827,120,877,695
390,862,252,515,571,211,339,946,347,522
522,946,862,347,211,515,390,339,762,161,205
762,333,100,420,354,130,589,67
835,819,667,547,322,428,306,327,362
362,514,9,539,125,153,325,937,745,334,804,336
937,125,492,466,935,373
466,937,935,373,492,125,590,874
373,125,492,935,590,874,937,466,315,476,613
874,315,613,125,476,935,466
935,585,540,657,81,876,75
585,876,75,657,935,81,540,728,827,291,226,913
728,887,921,915,241,436,464,692,376
915,692,744,75,834,861,1000
692,9,765,545,789,390,527,898,499,79
499,816,593,599,436,42
599,499,195,984,307,713,708,658,6,554
310,525,909,765,324,995
995,324,909,765,525,556,963
525,765,963,909,324,556,995,519,455,601,144,564,792
324,963,792,995,909,455,564,144
144,564,792,995,909,324,963,364,149,426,152,19,177,834
879,131,604,806,295
806,604,295,131,879,708,281,444,344,796,936,498
444,973,995,412,734,436,94,66,133,212,990,154,235
973,734,995,66,794,976,102
976,734,855,4,92,438,627,978,53,563,224
438,976,734,627,855,688,759,122,272,701,286,184,492
184,438,627,976,759,701,685,459
459,976,119,621,875,491,109,153,396,629,928,720,207,172,534
720,910,958,550,296,890,505,649,917,830
550,890,649,106,9,776,747,674,356
9,550,356,776,106,649,674,747,890,277,724,253
356,106,200,418,575,646,613,926,984
855,624,522,153,969,424,277
424,314,274,504,220,511,377,614,482,248,347,181
274,248,614,548,154,60,517
60,139,661,780,832,913,219,323
323,661,60,139,832,716,263,231,91,651,552
323,651,60,661,231,832,263,516,582
231,263,60,323,832,842,313,842,631,226
230,287,698,641,882,350,276
882,641,24,125,338
882,257,921,789,147
882,921,147,789,257,308,325,255,276,543,51,371,32
948,409,381,957,738,654,708,248,97,696,337,281,9
654,409,9,381,738,415,94,696,591,636,743,541,487,578
94,738,381,648,310,563,137,56,615,521,113,180,247
446,282,560,21,257,552
257,269,485,130,413,726,107,763,383,71
383,726,257,413,316,457,699,136,160
594,146,693,901,847,222,496,862,821
222,821,693,146,862,901,847,496,594,616
862,683,704,819,655,619,976,9,551,976,10,942,835
976,942,551,683,9,862,835,443,613,696,433,283,956,380,419
443,976,942,483,798,39,662,722,715,1,832,44,852
143,544,521,782,365,565,278,802,582,931,992
802,782,931,544,365,975,367,893,163,120
975,367,120,931,674,641
975,674,931,367,120,641,301
931,367,674,120,975,641,301,913,526,177,557,659
641,367,177,931,913,557,120,647,854,976,179,407,734,234,103
999,994,337,673,252,804,694
673,379,505,668,792,680
379,668,792,680,673,505,950,273,860,129,154,13,386
386,379,669,77,964,188,470,785,387,684
964,669,387,684,386,970,261,20,476,407,831,650,722,754,812
684,964,650,722,812,669,387,476,970
970,722,476,964,684,669,650,517,708,627,670,550,80,254,408,799
722,650,92,574,97,657,835,491
531,245,797,13,22,979,880,320,478,285
797,285,979,880,22,652,460,514,823
979,460,716,399,828,206,508,837
716,266,581,287,866,180,800,739,637,86,749
581,866,262,259,358,394,286,580,479
977,134,982,259,232,202,73,821,594
259,73,202,134,232,143,568,472,401,729,201,85,641,958,80
684,59,31,765,416
59,606,612,133,689,552,560,76
560,606,612,76,133,689,59,552,305,727,148
305,133,91,527,848,307,214,723,475,23,298,820,830
133,23,307,723,848,634,60,54,849,801,324,164
324,23,164,60,723,634,801,848,54,125,935
60,801,54
734,593,261,743,4,735,124,829,207,782,577,388
207,782,743,4,734,654,172,688,687,944
4,172,734,687,654,432,409,279,506,101,686,851,854
573,17,465,772,46,501,220,404,843,748,552
501,772,17,843,695
843,695,501,17,772,868,522,395,535
17,868,395,772,776,796,67,350,928,54,470,46,855,626,182,913,152,875,929,962
868,929,514,67,887,856,580,406,95,410,816,525,863
887,580,863,856,406,985,958,51,566,971,932,893
958,406,971,767,325,815,153,611,604,570
325,406,815,767,153,570,958,971,611,38
325,406,924,341,345,956
345,325,653,380,597,76,497,918,650,86,868,553,457
457,558,4,945,165,932,333,370
4,604,111,414,325,888,521,431,842,369,350,873,267
4,873,65,786,646,253
65,786,253,646,4,873,726,175,927,959
726,786,253,175,4,959,927,65,873,646,740,492,49
4,175,873,786,740,959,253,927,881,529,137,37,453
453,37,4,137,959,253,881,175,740,529,724,603
724,740,881,4,137,239,118,602,134
134,740,239,881,4,602,724,137,118,343,950
118,881,724,134,602,343,950,137,4,239
4,381,333,402,968,670,76,200,609,186,193,701
186,76,701,486,373,24,500,22
500,22,24,373,701,76,186,486,200,719,527,824
719,824,200,527,876,490,615,697,757,590,927,878,787,461
200,876,927,757,787,577,784,826,406,622,553,266
200,620,776,47,801,469,469,914,365,238,521,455,215
469,455,521,776,469,365,200,658,114,365,893,804,938
770,555,760,56,314,388,16
760,604,900,806,844,892,51,214
892,760,214,51,604,900,806,983,420,623,349,239
660,718,707,188,774,785,775
774,785,375,310,301,388
301,997,473,831
301,831,997,473,623,44,633,247,645,230,250,731
473,230,156,738,307,762,737,901
307,738,510,175,692,150,32,380,448,568,351,896
380,150,568,738,598,662
598,679,283,440,12,863,319,771,89
679,440,319,621,766,659
319,621,659,679,56,105,612
56,621,105,659,945,50,906,70,224,4,689,64,434
56,621,434,689,4,50,105,804,20,627,10
804,689,4,20,596,564,535,258,911,240,188
909,62,245,994,569,718,464,37
464,909,37,577,190,518,656,96,780,190,224,231,181,312,928,826,101
322,900,744,150,65,853,454,154,237,45,766,294,985
45,900,454,206,813,234,681,190,123,59,208,56,765,746
976,806,832,761,226,961,293,732,259
761,976,961,258,784,200,334,359,366
334,366,761,437,955,251,852,851,502,899
761,620,665,117,246,75,792
665,246,792,75,620,117,761,374,361,324
374,361,18,380,131,310,173,310,581
562,729,745,154,171,469,661,643,156,139,165,82,833
154,469,165,82,745,284,877,485,318,80,439
284,908,461,939,111,866,160,701,324,71,702,192,492
284,192,939,666,365,754,986,375,520,957
520,754,957,375,284,192
520,957,754,192,284,375,335
957,754,520,335,965,298,715,583,7,201,100,1000
298,519,912,273,145,167,234,78,319,588,523,522,923,911
911,319,234,78,588,525,487,188,525,885,365,201,444,824
211,235,782,146,137,792,214,22,168
782,211,803,369,85,625,244,695
369,782,695,211,803,244,625,223,324,912,492,566
54,874,376,512,573,358,139,500,70
573,358,139,70,92,493,347,426,872,74,269,65
269,65,573,70,74,426,139,358,493
358,74,624,263,692,177,331,147,361,97,407,366,535,763,581
263,331,147,154,853,493
331,263,493,853,147,154,532,520
520,154,493,940,533,815,175,577,726,510
175,566,742,576,851,760
851,760,742,53,861,744,378,842,362,449,244
244,362,861,760,53,777,893,366,200,166
953,853,47,978,373,581,346,994,828,178,583,503,490
240,906,898,625,61,455,671,168
671,625,127,323,269,142,174
625,825,934,760,633,543,316,240
316,760,240,633,934,174,533,631,520,979,317,607,863,807
317,159,699,7,833,349,122,436,390,731,671,526,753
436,461,835,547,453,373,856,212,56,88,740
552,397,141,455,407,187,487,460,535
552,455,407,460,187,487,397,141,535,863,613
552,570,63,818,688,67,999,951,564,236
67,951,236,564,105,398,56,766,480,285,953,420,477,340
236,56,480,887,438,905,910,629,759,877
480,905,877,629,995,141,626,199,231,806,831,222,909,465
877,905,222,909,626,480,465,156,384,574,330,961
877,465,499,734,457,309,759,730,311,660,596,397,321,870,772,297,179
185,457,158,470,109,552,127,550,327,324,844,507,975,694
844,552,507,324,975,576,607,819,474,332,497,708,404,844
324,507,844,550,205,880,609,956,252,53
53,324,880,550,252,844,205,371,615,610
205,550,252,324,880,615,371,844,53
667,924,992,983,359,619,803,799,631
983,631,667,359,992,799,803,728
631,359,983,667,799,728
631,799,359,667,728,983,448,334,556,893,654,968
728,667,654,359,556,968,799,988,992,151,123,453,599
799,654,968,151,813,751,720,698,325,609,141,22,368
151,368,698,609,141,799,751,325,654,546,481,579,147
579,142,287,916,759,357,67,393,487,31,542
916,542,212,706,931,817,6,740
916,212,931,542,740,817,109,833,823
212,109,931,916,542,740,833,823,147,442,381
833,381,442,740,542,109,823,67,149,244,246,22,247,686
247,244,452,582,98,56,177,835,841
247,841,582,452,177,244,881,242
244,452,582,177,766,49,519,466
942,536,373,599,62,358,121,862
536,599,862,942,373,62,121,358,26,484
358,599,121,536,942,373,484,132,552,869,691,724,967,404,659
484,536,552,389,490,853,752,325
536,325,490,626,887,715,379,107,99,364,109,905
325,109,364,905,536,887,626,99,107,379,490,715,588,440,574,306
109,490,379,30,284,931,636,490,449,225,276,932,891
490,453,547,57,276,527,178,764
764,547,276,527,453,57,178,778,991,683,710,424
991,683,178,778,527,276,764,57,547,424,453,710
527,809,555,901,311,142,110,514,142,467,872,39
39,467,933,334,555,381,129,729,1000
207,789,276,638,830,67,804,474,291
273,743,985,514,709,23,580,412,115,101,702
101,702,951,909,459,94,626,511,543,352,604
101,909,951,604,459,511
101,459,951,511,604,909,234,887,223,92
92,234,274,630,138,293,592
92,138,274,592,630,234,293,864,487
138,190,220,787,696,35
787,35,220,190,138,696,809,232
787,375,69,889,458,330,834,223,225,264,159,708,913
458,69,708,330,225,375,834,223,159,913,264
330,159,375,69,255,249,504,589,119,183
183,504,119,255,996,432,858,773,25,641,409,969,890,145
183,996,858,632,441,654,98,207,613,278,491
441,613,996,654,98,278,491,732,551,801,266,967,689,924,694,26,576
654,967,732,272,769,97
654,417,723,995,390,29,491,597,737,134,794
491,597,995,654,737,134,421,616,87
41,923,466
626,41,356,788,44,70,75,848,47
70,44,626,848,482,636,367,871,335,877,788
643,364,898,539,256,336,618,239
539,898,618,256,336,239,364,643,673,493,259,895
256,618,895,259,87,266,409,208,142
142,989,937,815,876,859,637,76,324,396,931,723
142,457,222,411,810,116,718,919,319,791,226,739,653
653,668,457,345,86,71,73,844,237,123
237,844,653,86,976,172,470,444,554,113,197
316,220,532,622,302,931,316
532,273,295,49,30,896,11,642,800
642,532,273,800,295,49,30,11,896,253,690,891,114
800,652,928,139,639,611,703,906,685,998,27,451,747,30,573
906,178,858,545,973,939,10,230,142,65
141,329,936,591,87,530,553,268,200,408
287,361,266,556,395,895,414,543,542,547,477
266,543,577,404,137,924,633,214,539,27,530,53,867,325
327,407,42,902,419,746,855,608,487,852
407,327,135,569,421,560
135,607,46,223,199,312
46,199,135,312,607,223,549,534,759,547
312,199,547,534,759,46,549,223,607,135,821,102,859,969
602,441,487,979,180,965,839,224,580
441,994,885,679
994,441,131,347,519,487,506,525,677,377
377,255,867,975,454,267
867,975,255,454,377,267,704,889,615
267,975,867,430,897,601,506
781,472,923,113,641,664,783,971
971,923,641,781,783,113,664,472,863
113,133,586,172
586,172,133,748,250,502,768,393,29,984,514
250,266,26,580,87,333,641,527
580,301
580,301,381,409,653,834,796,987,464,887
987,301,887,653,580,834,796,409,464,381,276,319,181,551,489,633
276,987,409,834,653,319,355,753,866,943
276,753,834,866,987,184,238,84,405
328,5,466,552,836,635,540
858,433,228,835,960,264,690,532
835,960,858,264,532,228,433
228,264,960,433,835,856
835,856,264,433,960,767,493,293,981,356,959,725,468,892
493,960,246,368,556,558,832,908,734
368,556,493,558,832,246,727,898,400,165
165,259,503,17,164,841,496,114,225,156,116,394,59
98,480,563,748,671,480,805,26,60,278
484,911,760,658,213,365,610,449
921,327,895,392,959,670,399,298
838,744,452,575,358,438,442,727,927,746
746,358,452,744,838,727,927,442,69,647,608,813
647,452,608,358,744,442,727,69,813,927,746,838,307
768,142
142,768,360,721,799,35,545
377,255,160,219,932,406,455,523,604,280
406,523,922,349,84,607,626,57,796
869,570,761,482,971,181,94,9,67
286,199,738,472,412,731,555,524,278,715,997,881,943,698
394,890,108
890,394,73,745
394,73,890,745,653,58,298,354,790,674,885,954,928,18
354,58,674,394,790,324,942,905,747,806
354,905,58,434,416,754,127,879,580,903,18,12,937,957,794,571
12,58,127,571,354,794,951,963,827,293,529,718,628,421,844
628,293,963,718,354,421,831,610,263,759,696,36
831,263,759,36,963,610,293,718,354,696,949,937,570,922
696,354,610,759,937,831,36,570,263,963,718
82,111,835,955,99,746,39
82,39,835,955,746,835,356,117,52,863,818,932,399
818,955,117,399,932,863
932,117,818,955,399,863,893,679,49,760,288
760,288,970,777,804,261,470
470,261,288,314,657,682,798,129,522,514,907,764,962,25
764,458,97,442,832,689,160
97,160,778,842,217,337,945,636,145,572,229,963,630,8
8,495,368,657,131,419,686,352,438,922,639
131,8,438,303,735,528,327,204,214,235,857
327,528,735,131,303,791,519,144
144,327,303,819,853,283,103,225,112,437,415
683,451,843,531,683,975,817
221,280,375,858,721,335,356
721,280,221,335,858,946,494,924
721,221,924,280,858,335,946,494,437,705,378
335,280,109,986
402,348,587,338,701,814,421,352,603,809,708,264,968,413,773,630,283
587,413,338,809,352,903,355
903,587,355,352,809,338,413,869,301,434,409,637,5,70,407
434,213,863,935,486,687,956,404,506,102,420,940,803,662
404,486,863,935,420,434,687,956
420,404,319,515,941,882,589,302,510,307,271,164
882,998,153,266,397,903
903,853
903,853,41,95,597,211,995,953,325,53,536,764,313
815,112,979,633,642,719,332,133
719,112,642,979,633,133,815,332,34,343
455,27,173,914,828,902,764,288,824,687,632
764,828,173,455,288,914,902,892
914,764,455,892,828,288,173
764,173,828,892,914,288,455,224,262,797,2,289
800,88,185,634
634,711,446,313,103,305,808,56,489
261,562,214,130,44,690,409,565,11
44,261,690,130,214,100,263,166,613,714,205,75
75,697,592,657,387,544,581,740,24,226,944
75,944,24,426,783,632,818,989,792,860,180,55,758,940,799
818,196,163,228,94,627
94,163,873,682,681,257,197,520
197,163,257,873,635,264,915,996,730,151,730
264,151,635,873,792,881,194,550,678
224,283,173,756,330
670,661,34,624,225,398,269
398,268,385,43,787,34,885,158,737,509,962
34,885,798,879,365,633,203,294,937,287
365,294,798,203,287,366,145
365,267,78,794,506,214,465
365,78,214,465,506,267,794,836,893,930,442,434
930,836,465,794,893,297,911,99
745,165,723,346,936,375,583,440,723
583,745,445,623,206,116,235,880,705,490,393
137,226,635,99,710,356,331
331,226,99,710,635,984,189,39,516,204,697,256,782,135,123
516,14,6,381,293,852,853,220
320,673,695,152,131,69,736,161,604,429,275,784,830,134,75
320,695,429,69,131,604,134,736,75,161,673,275,830,152
581,481,444,803,571,940,590,728
444,571,590,581,815,906,446,760,439,377,230
439,446,906,686,581,188,54,785,940,50,377,884,634
377,884,785,50,188,361,160,469,206,560,489,549,289,613,214,131,624
109,853,681,91,672,233,867
853,233,858,308,505,735,64,385,209,652
505,652,637,216
216,334,430,250,664,108
216,757,392,970,167,956,855,18,527,508,950,497,378,563,879,437
661,609,683,447,399,986,244,531,9
661,447,986,683,37,1000,868,934,139,450,862
934,986,450,37,862,683,709,96,525,127
970,393,859,496,376,216,39,543
543,977,203,173,243,202,543
543,203,243,543,173,202
541,667,183,468,554,83,420,739
558,45,811,961,732,932,144
932,144,368,463,766,196,915,410,475,862,823,88,880,404
766,463,599,365,384,855,984,641,8,98
984,384,717,178,307,753,990,961,668,225
753,178,984,961,990,725,187,616
753,984,817,608,539,925,912,279,988
656,256,904,933,886,13,134,770,424
770,656,396,114,313,709,430,770,255,235,531,598
313,770,531,826,156,800,487,726,783,946,962,153
313,770,946,800,531,156,783
149,718,856,9,66,818,468,965,734,444,732
732,856,402,437,774,369,803,459,359,300
402,774,732,300,856,459,437
8,82,609,475,3,1000,806,653,252
402,825,753,632,978,398
873,865,633,284
865,166,93,907,925,940,339,356,89,125,955,823
907,823,940,89,356,339,125,865,955,93,166,925
823,363,880,190,704,896,948,506,626,82,468,442
70,682,650,258,337,402,860
650,441,530,636,614,667,73
422,356,540,755,510,355,710,123
422,356,977,312,421,685,975,695,144,197
144,631,48,167,864,594,318,59,677,114
114,631,961,185,724,656,572,464,584,931,254,954,480
961,464,825,992,369,516,299,763,385,925
448,133,702,714,522,239,439,499,65
239,702,448,65,133,195,20,356,244,245,727,540,540
244,20,448,65,1,225,967,523,546
448,20,967,244,523,546,225,1,65
967,20,65,244,225,448,523,546,1
652,323,319,952,308,692,979,760,884,400,315,813
308,315,123,600,977,704,667,12,732,109,435,76
435,10,252,481,936,73,968,218,992,350,220,931,304,293
218,931,992,350,304,481,293,386
32,76,992,309,740,637,461,210,738,303,835,942
992,658,622,946,682,405,385
405,946,658,682,944
658,944,946,506,917,961,876,361,773,113
944,506,361,773,221,432,64,964,747,853
780,719,700,396,436,383,539,146,820
525,730,164,47,597,795,218,778,515,557,920,740
597,740,778,138,22,725,463,445,685,691,593
725,877,224,787,277,209,685,473,592
277,685,224,473,787,725,592,877,209,933
787,209,473,933,926,934,328,255
926,726,912,844,255,422,864,31,691,440,408,231,140
170,480,617,745,389,815,816,945,226,300
389,9,291,154
442,289,757,687,309,706,429,568,63,679,764,699,153,100,918
63,568,429,289,442,706,679,309,37,314,822
706,292,573,643
573,173,942,294,524,347,569,837,92,918,713,37
135,393,331,348,853,823,483,172
853,135,557,654,628,583,24,431,553,847,476,836
847,553,24,135,476,836,628,584,17,811
584,135,836,600,34,848,420,484,889,556,327,194,9
483,257,443,647,528,104,427,464,565,529,303,803,96
911,434,158,933,941,360,832,795,912,853
434,795,360,911,941,912,158,933,832,853,617,326
360,339,790,84,214,765,812,301,571,598,976,68,503
571,301,396,373,536
536,373,571,396,301,180,316,182,668,655
880,794
250,942,469
250,942,469,404,626,655,766,435,558
558,766,404,469,435,942,655,250,626,37
435,404,250,766,655,469,37,626,558,942
250,655,626,942,404,558,435,37,469,925,687,861,75,76,1
687,655,76,626,469,404,250,942,879
469,404,206,846,703,991,163,420
119,433,462,852,342,515,945,105,11,927,677
418,786,929,615,731,217,207,70
929,615,731,418,70,207,786,217,808
54,45,296,164,783,25
54,45,296,25,164,263,804,670,993,950,870,586
25,45,296,164,921,31,659,864,242,162,787,696,180,250
864,45,25,164,582,375,668,653,175,277,836
308,238,386,846,827,305,559,139,945,309
945,124,307,536,103,791,783,214,451,410,656,772,101,32,988,832,405,489,989,658,8,898,301,711
772,791,215,489,893,562,880
562,791,893
791,562,893,252,851,118,992,372,69,713
443,340,755,417,461,453,838,472
472,755,443,340,838,453,417,461
453,472,417,755,838,443,340,461,311,835,317
443,755,453,835,838,417,313,186,818,682,718,118
417,453,682,313,186,835,118,443,755,718,818
248,176,203,438,144,765,388,411
176,248,144,438,203,411,765,762,802,337,995,947,384,904,958,12
438,765,203,904,176,995,802,762,384,947,12,144,411,337,248,958
43,411,263,197,323,207,759,115
759,197,323,263,622,743,133,96,265,246
622,323,96,133,263,18,149,313,523
149,38,479,520,939,768,508,875,921,531,982,744,46,397,109,706,830
397,109,38,982,921,508,744,149,939,531,479,266,334,519,30,144,557,57
760,100,168,310,762,423
100,760,310,168,65,437,375,946,644,849,154,801
849,336,698,289
849,698,289,19,648,91,905,991,211,624
91,991,289,788,877,179,929
788,91,179,289,654,759,713
759,179,713,654,91,289,788,488,449,378,334,907,639
713,639,718,490
718,639,984,592,483,620,50,302,544,825,506,353,507,135
506,353,486,978,866,155,898,239,342,799
567,577,602,374,175,812
374,602,277,227,632,11,877,672
602,877,277,498,737,403,471,838,47,438,260,500
403,277,498,754,391,125,114,804
125,277,754,391,804,498
506,863,160,872,63,194,722,409
63,500,297,38,447
28,972,590,328,415,832
590,847,443,359,886,453,913,333,844,698
847,453,590,913,443,698,333,844,886,18,265,982,988,343
922,472,302,560,287,382,148,505,60,107,388,910,456,942,321
560,302,388,472,148,321,382,107,942,505
321,382,942,70,997,965,231,353,964,57,333,107
964,353,965,942,70,71,819,275,509,906
71,275,353,505,612,287,746,560,859,661
586,828,836,135,914,427,96,761
928,835,392,99,434,942,751
835,928,434,942,99,392,661,339,128,694,597,573,659,384,427,700,405
880,843,869,871,663
871,663,408,638,558,623,137
638,137,871,341,285,642,851,145,272,675,45
978,171,750,675,37
335,347,43,166,432,450,634,18,442,563,580
580,405,59,29,140
140,498,665,400,967,322,132,296,627,143,583,580
627,665,583,400,580,140,498,296,573
580,140,665,583,573,498,627,400
665,573,583,582,888,781,561,377,258,919,125
573,781,561,377,583,582,888,919,125,258,665,863,50,848
582,50,377,106,21,359,79,733,184,710,487
149,471,914,759,78,172,644
759,927,711,374,192,239,45,300,665
665,300,610,289,842,252,12,312,482
202,186,314,74,263,969,173,402,643,817,897
263,314,402,173,969,96,920,833
96,969,402,314,263,833,173,920,638,129,966
173,153,345,352,257,855,4,897,147,193,264,219
173,219,264,879,471,292,228,537
219,292,173,471,537,228,264,879,447,161,176,451
292,219,879,537,447,228
879,963,115,687,314,959,848,155,273,656,430,272,118
5,937,380,514,189,59,336,163,44,36
254,32,743,299,494,738,740
738,299,743,602,92,205,180,360
299,180,743,360,205,738,937,473,388,459,356
180,360,459,98,242,91,749
459,180,125,602,852,612,370,946,256,570,291,793
291,852,180,125,370,570,602,946,793,459,612
158,585,250,948,309,263,617,524,743,588,912
617,585,112,912,676,369,466,494
466,585,676,112,494,369,912,617,976,653,201,907,613,47,949,677
201,613,585,647,136,209,951,383,482,647,333,578
727,470,138,466,511,522,773
880,285,264,631,160,291,122
285,264,291,122,880,631,160,431,799,137,525,840
160,285,840,143,404,355,634,780,529
840,285,634,989,703,536,237,773,988,205,499,485,388,791,732
571,993,894,10,542
894,571,993,759,535
571,626,266,102,417,117
102,571,117,417,962,578,82,228
82,962,578,117,228,417,571,102,420,141,771
942,411,640,745,48,253,193
48,640,192,961,112,925,790
48,952,526,341,884,550,775,735,371,358,676,725,448
952,526,550,775,735
550,952,469,479,681,153,270,721,967,712
967,153,270,952,469,479,712,721,550,681
952,153,681,270,712,550,469,986,456
952,681,399,545,362,356,678,835,865,566,956
362,865,956,835,952,55,107,571,276,761,318,942,831
571,600,815,892,205,252,286,95
205,815,95,892,985,975,833,846,95,423,230,718,205,494,125
975,494,423,95,815,33,84,331,251,881,454,93,198,906
136,88,703,483,67,813,905,52
129,707,507,447,491,302,12,622,257,558,649,122
707,649,257,558,302,35,239,965,553,683,574,156
239,707,257,35,156,302,574,617
156,257,707,35,617,239,390,931,779
257,239,156,617,931,35,707,390
257,148,506,497
148,561,120
120,804,15,509,641,679,604,464,148,152
464,280,855,621,470,607,979
855,607,621,464,470,979,280,253,625,689,356
625,607,689,855,280,356,621,979,470,253,464,563
166,63,308,653,257,601,909,727,700,342,888,910,357,434,381,788
788,953,135,183,391,3,187,18,272,375,934,844
187,934,183,375,844,3,601,208,426
187,183,844,426,837,643,213,103,59,299
403,625,369,189,960,604,783,681,173,168,915
369,681,625,168,173,809,800,295,274,359,454,249,587,722
235,667,223,876,887,826,805,276,246,832,767,721,841
721,841,287,734,934,241,369,864,802,910
369,734,864,934,693,543,818,324,48,239,228,553,159
48,76,780,427,953,437,525
427,48,816,208,61,401,214,559,718,217,443,539
718,217,539,559,401,443,427,208,816,521
443,521,539,427,559,401,217,718,77,876,233
699,431,759,229,505,657,263,882,35,959
263,882,427,210,56,293,940,238,155
345,675,896,675,894,763,554
896,894,763,675,675,554,345,753,321,266,233,465,404,984,763,338,40,593
675,675,753,554,763,465,321,338,345,257,13,427
753,327,71,212,966,396,216,410,630,523
410,212,327,523,832,951,390,940,115,396,790
396,523,940,115,557,84,166,773,6,929,362,977,58
977,396,84,362,557,773,940,523,929,58
396,84,664,25,386,297,523,919,152,293,142
386,955,521,240,814,826,684,316,887,830,460
887,240,386,830,621,386,336,994,365,676
887,336,91,162,506,158,361,918,317,186,42
918,158,186,317,506,528,763,944,553
553,137,248,425,820,685,65,971,246,264,969,307
971,685,307,553,504,721,500,972,136,28,436,397,192
706,387
387,823,759,715,27,250,659,496,903,349,372,456,317,81,977
903,250,759,317,387,81,496,715,875
903,875,715,317,81,387
875,317,387,903,715,81,312,236,26,109,211
211,715,928,508,773,288,816,966,314,113
928,773,288,816,113,314,553,348,37,305,202,262,476
37,816,928,321,957,468,114,67,437,362
928,710,717,666,517,313,384,801,352
717,928,480,861,335,168,616,235,835,492,167
835,616,928,335,492,717,628,471,997,885,167,604,966
167,928,760,65,32,572,717,547,491,585
760,65,167,32,585,424,827,701,993,586,899
760,167,899,993,585,32,424,65,701
585,65,993,32,167,760,899,424,701,586,596,536,348,293,68,569,618
760,149,698,737,444,647,628,984,322
737,984,647,943,989,190,906
208,52,18,79,397,804,371,922,448,193,938,860,166,6
208,79,6,371,52,804,448,397,864,840
448,864,79,804,6,502,648,4,479,241,414
648,241,604,386,20,353,528
386,509,984,414,379,52
414,379,52,984,386,509,339,196,145,504
509,339,196,504,379,145,414,386,984
504,773,162,455,204,419,382,135,319
162,135,504,204,773,382,33,765,145
773,204,162,33,618,987,538,795,526,554,937,956,727,435,750,275
750,795,937,554,727,204,956,352,109,893,308,235
554,795,235,937,956,352,893,308,727,576,658,212
212,576,235,795,393,456,368,688,22,980,617,825,493
493,212,795,625,920,291,178
625,493,795,291,984,852,268,714,832,533,310,870,691,133
310,625,852,493,795,832,943,717,134,177,682,794,26,631,548,1
774,553,370,944,489,50,703,887,538,664,689
887,689,774,283,365,460,83,356,66,180
588,5,591,405,199,583,686,230,967,159
583,537,879,690,933,844
583,933,554,697,182,513
583,554,513,182,697,933,551,452,590,758,595,296,451
590,450,805,805,933,546,473
805,933,473,590,848,684,293,35,582
473,35,848,684,582,293,805,933,590,228
590,599,75,412,691,130,260,44,699,260,787
599,940,265,391,107,135,248,995
474,417,795
597,480,999,37,445,204
445,697,790,267,632,633
697,267,57
659,859,55,452,4,355,528,839,457,335,997,823,191,716,682,984,215,744
528,678,205,942,399,340
340,942,205,678,528,399,687,90,785,637,623,561,73,542,634,492
90,942,492,123,461,518,559,171,116
518,559,461,942,171,90,116,235,115,864,784,90,488
115,962,310,841,21,342,619
619,841,962,342,115,21,310,488,906,263,420,757,858,806
906,841,757,858,930,394,957,122,859,274,388
841,859,394,388,858,274,957,930,757,906,122,44,268
957,395,464,16,731,693,249
957,16,693,395,110,861,791,706,934,966,979
395,791,966,934,957,820,288,23
23,820,934,791,957,966,395,288,846,291,903,954,987,977,82,561,44,424
82,966,291,23,903,957,600,300,33,630
903,82,300,89,960,168,759,649,798
759,649,271,835
759,649,36,303,792,903,51,356
36,251,142,967,94,857,42,97,858,159,315,324,505,607
159,97,36,395,592,558,389,241,754
754,97,395,592,396,230,983,571,9,611,876,848
9,230,983,813,398,905,572,893
813,230,893,572,9,983,905,398
983,484,510,788,894,540,165,905,603,882,274
788,894,484,540,603,672,814,625,570,225
484,653,843,135,59,474,366,133,887,918,634
484,435,458,505,892,765,55,178,977
178,670,741,321
670,367,684,867,544,764,747,378
747,378,367,684,670,764,867,544,376,973
670,747,764,973,376,684,544,973,3,846,3,588,184,474
383,69,525,142,411,189,449
383,411,525,142,449,69,189,124,664,137,80,655
137,124,449,664,411,655,142,383,80,525
525,664,655,137,80,383,124
514,270
514,270,221,953,616,742,144,941,255,809,246,733,880,559
255,20,586,526,203,461,33
20,526,33,461,586,255,203,58,381,174,884,812
33,203,381,252,276,355,769,783,920
920,252,381,276,243,105,559,43,338
381,758,129,424,326,559,292,614,843,932
662,547,254,30,326,489
409,102,842,451,728,647,817,955
451,817,955,110,696,654,198,781,774,856,668,180
856,696,451,69,832,876,684
856,696,832,451,281,653,580,211
832,451,856,580,281,696,653,656,62,297
580,471,572,482,481,39,786
482,572,786,39,481,580
580,786,39,481,572,482,837,491,229,101,182,530,610
491,580,105,87,411,888,409,772
772,588,686,964,690,367,995,610,385
588,772,385,964,395,270,629,863,274,88,167,404
274,270,88,167,629,772,964,588
588,270,320,640,717,815,41,735,851,619,196,181,339,674
640,196,41,114,335,597,582,935,722,276,183
653,705,734,849,899,516,311,392,553,396,414,66,325
899,325,622,452,164,960,473,197,393,481,96,787
325,393,192,264,966,317,882,421,833,302
966,264,317,421,882,393,687,876,863
421,264,687,863,222,269,775,548,548,931,681
863,687,264,807,346,54,758,777
346,758,54,722,60,990,680,903,59,619,252,38
758,54,252,722,59,680,990,625,45,518,627
627,45,758,990,506
627,45,758,506,990,836,333,437
927,876,528,633,396,313,363,32,939,471
32,471,485,364,742,671,168,448,63,693
671,742,32,448,364,471,487,202,400,848,557
202,32,448,527,62,856,630,867
465,768,597,660,914,739,2,203,48,581,636
48,2,6,913,145,812,231,705,872,841
913,2,671,399,916,325,34,613,79,207,359
79,325,207,613,913,2,916,359,399
399,913,529,753,474,971,757
913,474,971,753,399,757,529,118,971
971,474,496,53,808
496,971,53,476,917,274,60,593,336
53,917,476,496,971,336,60,870,117,807,608,126
53,807,336,870,476,608,117,496,60,917,971
972,284,753,15,784,453,460,987,684,180,214,297
784,753,284,214,180,453,987,460,15,972
987,180,453,972,460,753,862
972,453,987,180,175,648,300,59,115,232
972,300,232,175,35,179,703,811,616,20
811,703,232,20,175,300,179,616,35,125,515,767
175,649,539,781,64,294,57,95,380
380,462,282,980,728,36,57
282,57,36,252,787,288,1000,804
57,804,419,390,482,167,848,629
848,804,390,796,526,648,84,754,520,405,390,194
405,137,39,642,147,468,360,361,870,820,922,995
922,137,147,642,468,39,405,360,870,995,820,361,801,736,723,86
922,468,405,361,147,642,848,612,853,909
909,848,783,6,242,559,728,741,180,228,685,123
741,242,228,6,685,180,783,559,848
783,6,180,327,998,401,299,176,609,300,317,286,597,903,372
6,754,972,387,146,369,953,291,361,612
369,6,361,93,880,445,907,348,847
847,93,361,880,907,396,530,559,331,171,153,550,103,926,677
153,880,550,907,530,433,945,928,270,516,644,892
644,892,433,530,928,459,58,466,574,421,1
892,928,632,514,186,659
245,372,459,376,679,977,297,154,285,837,792,687,105,746
697,501,884,983,340,561,238,361,39,58
340,884,238,361,501,983,697,39
595,416,136,596,868,712,153,161,363,690,869
595,712,869,161,596,363,36
161,712,36,869,595,596,538,39,189,228,629,738
122,779,590
122,608,110,490,153,780,922
922,122,569,801,834,87,694,337,136,825,237,233,345,606,451
825,345,233,237,922,451,122,834,337,694,862,190,15
862,451,694,922,337,233,641,12,503
233,503,12,783,566,440,512,928,484
512,928,503,484,233,566,12,440
233,566,440,503,512,106,337,872,184,357,398,479,163,747,180,430,992,723
337,233,106,887,203,683,657,188,684,83
83,337,233,188,887,106,684,657,203,683,943
188,657,337,203,683,684,223,32,180,422
32,422,684,183,691,197,431,96
197,371,89,945,530,697,471,543
197,371,89,697,530,543,945,471,436,333,378,969,689,622,840,452
697,890,752,566,781,37
890,752,697,37,781,566,60,319,97,874
697,60,370,530,86,801,314,74,454,490,168
697,547,31,204,826,990,216,336,612,94,597,400
597,216,94,351,388,449,289,527,366,855,195,144,972,552,645
883,862,98,748,500
748,862,98,883,500,505,995,947,945,701
159,996,595,755,985,141,188,526,71,760,403,573,198
198,141,760,188,595,947,417,608,956,282,240,792,759,606
282,956,9,802,819,772,713,300,295,514,783,835
9,211,898,782,477,40,816,790,278,118,740
9,211,790,898,499,474,632,399
9,426,174,54,938,298,965,466,46,160,516,927,669,665
516,717,166,984,219,130,20,385,644,18,769,415
130,415,166,769,331,545,706,348,647
989,465,785,888,783,167,96,941,16,743
704,951,835,880,107,193,400,637
951,835,529,447,45,809,769
951,45,769,529,431,66,343,354,932,898,936,600,412,64
431,898,936,64,769,600,354,529,412,951,343
64,431,412,951,769,600,354,898,993
354,431,951,412,600,168,740,674,218,886,251,86
412,951,600,431,81,712,214,133,958
133,81,600,951,712,958,214,412,435,77,381,542
133,435,542,286,7,571,764,600,921,489
133,921,7,542,489,764,600,286,571
925,66,320,630,432,658,396,382
66,658,151,852,890,916,571,581,763,452,517,428
890,571,345,672,320,178,43,116,951,737,103,449,125,743,487,777
449,320,571,178,43,743,345,533,756,547,460,749,817
320,533,351,578,128,330
320,128,533,578,330,351,976,346
859,884,64,16,439,702,340
638,975,754
975,150,703,945,797,768,883,943,784,73
945,975,703,883,768,943,73,976,697,994,270,216,165,215,416
697,703,215,883,976,165,630,636,947
976,165,703,636,215,947,697,867,831,200,171
867,703,831,976,636,947,697,215
636,831,697,867,947,976,215,951,972,740,616
636,951,215,628,836,90,19,9,997,787
30,792,221,379,209,937,462,46,721,51,227
227,209,721,462,379,792,51
792,476,945,891,678
678,891,792,14,466,328,587,925,939,368,355
792,891,112,474,899,674,831,899
112,674,72,395,22,517,455,1,682,774,622,139
22,312,62,488,487,63,582,153,821,1
582,38,250,120,748

537,29,597,908
537,908,247,544,894,733,652,395,286,643,373,743,982,6,219,631
544,247,373,6,395,286,733,894,631,537
544,111,546,476,74,188,960
476,74,161,728,500,753,384,264,910,706,782
264,161,500,476,74,384,782,728
303,812,832,718,102,260
812,260,832,303,102,718,331,533,560,68,458,597,445
616,115,480,614,484,263,391,477
391,616,386,342,803,641,719,11
837,940,505,441,891,31,88,750,398
31,837,88,750,891,398,462,767,863,879,543
891,732,417,80,519,744,631,934,210,438,326,504,795,440
326,440,32,584,726
726,326,584,440,32,975,958,261,221,507,761,141
141,221,654,975,106,162,611,723,663,827
959,319
677,560,100,276,505,738,161
100,161,302,332,260,191,537,605,979,220
220,979,161,260,605,259
46,702,704,141,534,769,646,995,597,930
995,597,702,534,646,930,769,141,432,615
995,930,615,769,702,597,646,534,846,878,253,876
878,995,646,615,597,702,930
615,646,702,930,878,597,727,68,580,256,466,143,386,173
883,97,756,59,35,930,863,575,846
511,772,476,744,25,505,269,291,283,749
772,749,319,914,647,387,874,446,967,202
319,71,710,991,875,736,744,297,212
71,736,744,710,212,875,991,297,319,761,784,1000,107
202,311,242,834,650,68,43,964
43,219,374,898,626,702,724,79,775
702,626,341,697,798,535,20
702,626,535,20,697,341,798,770,907
798,697,341,626,702,20,535,770,907
164,321,209,794
209,164,321,794,402,735,326,51,848,467,205
164,51,321,326,387,213,322
326,322,409,747,980,998,5,984,478,361,659,850,649,919
326,984,5,693,623,714,594,689,488,500
623,326,689,984,96,659,949,310
689,984,326,310,659,96,949,623,867,965,7,193,579,613,492,15,300,651
623,492,689,949,579,965,300,310,326,193,96
414,512,892,909,887,879,832,571,232,242,417
512,832,58,2,707,195
832,512,707,195,2,58,686,183,324,44
324,2,195,512,823,418,922,987,540
184,262,47,976,845,149,870,15,736,776,834,812,61,607
812,47,336,144,891,177,705
891,812,177,595,987,857,342,835,519,950,663,780
833,82,790,757,494,476,76
82,790,494,833,76,476,757,186,328,101,745,589,299
589,76,833,101,328,790,82,494,186,299,757,556,937,204
790,82,299,494,76,204
259,488,751,62,21,341,490,709,11,253
259,490,488,709,55,308,631,379,106,906,99,283
901,157,242,552,762,621
901,422,451,733,31,13,340,641,445,306,500,53,739,452,326
901,173,288,372,247,70
715,328,405,555,555,599,721,317,774,544
599,317,405,555,328,555,544,107,771,84
107,317,84,555,555,599,771
3,494,790,663,374,414,751
373,143,613,243,399,335,194,983,811
811,143,613,243,983,335,373,399,194,987,953,168,202,713,503,910,965,553,202
645,353,490,520,898,902,843,873
520,843,641,83,16,859,160,815,507
83,815,641,507,127,518,72,101,356,173
72,318,420,945,264,791,533,649,944,252,387,418,35,41
945,791,533,35,418,264,649,726,402,180,132
264,132,180,649,945,533,726,402,55,218,763,628,955,367
780,598,745,957,859
859,179,434,378,895,839,381,983,897
840,188,628,368,812
368,812,628,840,126,329,672
329,368,840,812,126,628,431
126,204,464,115,654,40,799,881,711,5
5,115,711,126,620,511,686,340,210,196,852,114
781,307,641,288,719,97,137,380,461,434
97,781,719,461,288,307,380,641,137,434,773,603,672,588
773,288,781,565,667,975,260,912,166,182,539,768
260,667,768,182,238,932,172,422,176,576
176,932,182,667,172,768,260,238,422,576,119,665,313,770
416,406,999,993,877,649,58,128,618,54
405,926,896,300,245,163,482,240,653,599
245,537,783,428,827,472,594,577
783,472,594,827,885,829,133,923
650,546,158,599,10,531,259,560,562,179
531,560,158,546,562,259,10,179,650,599,680,756,254,129,214,48
179,10,48,736,272,875,730,187,120,46,90
511,52,124,646,320,830
320,124,830,511,646,52,933,195,167,348,286,884
