x,y,id
-0.3569990113223948,-0.07335559402348,p1
0.25046241561115234,0.025420467857247688,p2
0.011152022944950945,-0.04204010696524021,p3
0.001301507429125469,0.23854613786644477,p4
0.1366882363533116,-0.28945497249198027,p5
-0.22405140557209502,0.240285536199977,p6
0.33032194537145637,-0.22532005330113286,p7
-0.15216772096849934,0.11179607555188827,p8
-0.21817906140739024,-0.12198534224828256,p9
0.0015937670735611496,0.08955280575008456,p10
-0.06495145401311565,0.055444999344711865,p11
-0.22279682219216923,-0.16263043133755842,p12
0.1732631921158913,-0.2956622688813927,p13
-0.05311512930327059,-0.10788794596146219,p14
-0.19235641367069845,-0.12514604383589106,p15
0.2834575164951812,-0.026759525935442535,p16
-0.15896967879530102,-0.19440602158436177,p17
0.34089264126140423,0.19596921797499933,p18
0.0425050988633384,0.26869010078543976,p19
0.14339457609628475,0.18090524650752085,p20
0.17295273301106426,0.051903609153293666,p21
-0.41201837572083744,0.18164273632095307,p22
0.6217540862089748,-0.012844341793497544,p23
-0.029299872816851577,0.07811619024768064,p24
0.23311990409101233,-0.1303220325825152,p25
-0.1618643532024995,-0.005446556924514013,p26
-0.02711512414901617,0.12099777830757019,p27
-0.1423018581830642,-0.09469856641747934,p28
0.04018673789473658,-0.12105131338663702,p29
0.03007008898475287,0.05281339357619039,p30
0.16020096282113136,-0.09674395461000584,p31
-0.31407341640419967,-0.07420671049406713,p32
-0.07267216091523067,0.04306785938186558,p33
-0.1375914641252319,-0.03986337428321324,p34
0.13792997610300683,0.30811368109385096,p35
-0.1665761238610672,9.084364943266694e-05,p36
-0.059198115517878895,-0.03169480879008323,p37
0.23913392526628036,-0.14463606277614446,p38
-0.0649867705883521,-0.2984131714092955,p39
-0.2664153047919939,-0.22077282467549186,p40
-0.08119337626110601,0.06312210262003407,p41
0.3583684998151695,-0.08831581552740009,p42
0.1386203839404038,-0.3592846217200947,p43
0.12660668628076385,-0.2561795183303732,p44
-0.33687799486170844,-0.06629236005135279,p45
0.04836409096681708,0.21171900356914664,p46
-0.01877002762245589,0.2676765768973538,p47
-0.20876521644866772,0.18020833813736703,p48
0.3703112260923093,0.01578838493037322,p49
0.041727979601044095,-0.2677099014361522,p50
0.21333516138125308,-0.10840954800240726,p51
0.15056612859129445,-0.13356731190222934,p52
0.0994254488263257,-0.2683316374877066,p53
-0.09770752620199052,0.32330024794850426,p54
0.3360196245760419,-0.06131793387917999,p55
-0.03246456173339879,-0.3692173456267022,p56
-0.13521534291859047,-0.04662831064688267,p57
-0.03812961326933219,0.17435113872710692,p58
0.006669377614117799,0.16479719552374192,p59
0.19433025736531773,-0.06258703029831639,p60
0.46355576769554363,0.29500923865902984,p61
0.4147981936378024,0.37106875990416477,p62
0.39833563979030107,-0.03260630982500167,p63
-0.004890701552992557,-0.1163565411683581,p64
-0.2588082483475171,-0.10969200758575032,p65
0.06297629185917528,-0.01220914348744847,p66
0.2070664804371484,0.14703435981264334,p67
-0.24125416705014238,-0.11109966471367153,p68
0.10010601244009171,0.11568059242276055,p69
0.4730462569751579,0.06532572305096401,p70
0.07470193932316616,-0.1926200342413448,p71
0.0986119905301367,-0.028855606474974094,p72
0.13132371477431828,-0.21124813136015808,p73
-0.12798050857804416,0.045973519841731474,p74
0.08085410994627412,0.016684052696769838,p75
-0.17856177139739876,0.12499849593556987,p76
-0.31598940951870413,0.19029161527976013,p77
-0.0684615277503956,-0.08435294973973421,p78
-0.10452552122009157,0.2492983861090471,p79
-0.06929695324845724,0.05623080642107057,p80
-0.23311030280247064,0.17917373435570708,p81
0.44185444262378204,0.02067088617013677,p82
-0.005177908261997364,0.2603107388867757,p83
0.026645257766244247,-0.01800590247241741,p84
0.07492177593778086,0.22332770025382664,p85
0.07680488063563667,0.1251715130410365,p86
0.02200472706129905,-0.12258142452719177,p87
-0.23651213392477582,-0.10041353101305923,p88
0.1516940038231604,0.23595369270188252,p89
-0.08077156100050173,0.49392531834335307,p90
-0.2461655406138813,0.49226422364470723,p91
0.24861993676939478,0.09176519987928439,p92
-0.2177697402508689,-0.01870516322178692,p93
-0.09756255287168075,-0.6308632614798083,p94
0.031009102075481854,0.04837743689583354,p95
0.20310853422857653,-0.3998731658546324,p96
-0.07948962568872746,-0.040800215352725856,p97
0.10279055626828329,-0.20401288725638433,p98
-0.017213732687843247,0.23359005849718498,p99
-0.1680089178164352,0.17287491072486327,p100
-0.06531405133451845,-0.043710687069715565,p101
-0.19091339733119514,-0.21045435853286062,p102
0.14063935480991852,0.12710780371534125,p103
-0.12459962573330492,-0.010985044407416135,p104
0.12156867208762334,0.054786421425433246,p105
0.5957891259168797,-0.10326173172155705,p106
-0.0006174414860661703,0.09820214704716879,p107
-0.07295462596347917,-0.024374956998904313,p108
-0.11091830769844724,-0.24590231380460292,p109
-0.021897015018758778,0.0657331918216616,p110
-0.05048154400530691,-0.4700528672858358,p111
-0.08453131493305709,0.06285494497249809,p112
0.07033512660489269,-0.2825569168772195,p113
-0.05989184410069862,-0.1629693958147571,p114
0.28493731907519204,0.2593796279935085,p115
0.0966901345534232,0.061442698594608075,p116
-0.030619464303599304,-0.09840881216108988,p117
0.42035938666230477,0.15162468250385294,p118
-0.3573592755798116,-0.18347497716312489,p119
-0.21371412067852844,0.029985305472725717,p120
0.07290565195820857,-0.20145027459136983,p121
0.25438584252459123,-0.12796622974274605,p122
0.29340690286510196,-0.192758438596472,p123
-0.11149961607111913,0.02006546939811257,p124
0.1747183118566131,-0.141239921830424,p125
-0.1402454706726177,-0.16112195054436315,p126
0.019211140629449577,-0.1779729762105375,p127
0.20546277817405112,0.20770765819139375,p128
-0.21373977830932656,0.06322844639658717,p129
-0.3656141055660902,-0.2621780697296529,p130
-0.14996039832475594,0.34583256289932096,p131
-0.17275478507455264,0.13573440331823056,p132
-0.5024866263573106,-0.04317312407700574,p133
-0.19480807792888552,0.4448586356554615,p134
0.10590820295714634,-0.12979363403604002,p135
0.18268012331800765,0.004370181023828432,p136
-0.04326421393229747,-0.18100310349181406,p137
0.15240478522272438,-0.05275722306763097,p138
-0.1379403183788066,-0.2491684424275774,p139
0.283533000678004,-0.3669504036473656,p140
0.1073625206299651,-0.024827086482043514,p141
-0.01579609692647804,0.09862384720932132,p142
0.16514177046180914,0.30161651848483634,p143
-0.13216047551753493,-0.11796972836161963,p144
0.020287545285864794,-0.1095750708345815,p145
0.40074704046520565,-0.20109873874773393,p146
0.2997890080243212,0.32234728821645986,p147
0.20652432419717368,0.04776447937868464,p148
-0.039854169170555676,0.10307232005967704,p149
0.2523048797165606,0.15234552051774802,p150
-0.07915502712662849,0.08736286057080946,p151
-0.19059755807615686,-0.1749430902520657,p152
-0.09565556028490993,-0.008553344680125955,p153
0.1194654356259959,-0.0688266917801059,p154
-0.1367131050092611,0.03859600572040195,p155
0.3254315985522602,0.26712601207189524,p156
-0.06759157885517948,0.08740035586303396,p157
-0.13797545001803402,-0.030176312123836858,p158
0.09744133221936395,0.01823998805861266,p159
-0.05300801104446748,0.3691697689660267,p160
0.013280225651787415,0.32263085140134,p161
-0.40479900314928613,0.27530580444249114,p162
0.25771725054663935,0.0034404314921945493,p163
-0.03700454101792387,0.038026394663901016,p164
0.055800951609754415,0.089936715923638,p165
-0.2486108818568345,0.2545387968981634,p166
-0.21874619547256785,-0.34529234175633133,p167
0.18455846748779017,0.05950017118674403,p168
0.15820579140167157,0.055674503320637996,p169
0.04174308675498706,-0.32145042313436073,p170
0.08789971453631525,-0.09438522790964364,p171
-0.18557144042443433,-0.37563102542051546,p172
-0.13181357298059895,0.15171214666690847,p173
0.07019643701919344,-0.019075894337376754,p174
0.08272658959244705,-0.03235658398488037,p175
-0.006197224702881589,0.3724552661682179,p176
-0.06936030060980272,0.06728696413261685,p177
-0.1524102698954322,0.1276560084163568,p178
-0.026894141031556226,0.14087922819435503,p179
0.1132044340084729,0.1278316102190715,p180
0.19348896097757626,-0.03871466301414091,p181
-0.05767219061645537,-0.014423248668264499,p182
0.1468359151498337,-0.17347897628082665,p183
0.040615529991317366,-0.39504301467976144,p184
0.38333213648872816,-0.13770167968269673,p185
-0.10321672061668524,-0.21410205171434554,p186
-0.14976627975191456,0.036042837476307425,p187
-0.07460733020405522,0.10117004508107655,p188
0.0623756180905751,-0.07623811317643786,p189
0.265136432499494,-0.03811260275493047,p190
0.30074641291447035,-0.17269467620037623,p191
-0.3699704495728662,0.2151867919000449,p192
-0.24453100648157833,-0.006471391721796241,p193
0.14385430044714767,-0.09967767714598984,p194
-0.27319191378426133,-0.06223828393218661,p195
-0.19030625142585764,-0.1160488305094743,p196
0.48597399908619754,-0.017525791245592726,p197
0.008907837160811736,0.23774718991550028,p198
-0.02928980062968657,-0.061339679390651713,p199
-0.015962468153201407,0.07128950938447941,p200
-0.0432136511872072,0.2914712257585464,p201
0.21622921149394936,0.16225561198315122,p202
-0.050979963811853636,-0.02889173653064286,p203
0.16816419742026684,-0.0067144142862592925,p204
0.23037095855507794,-0.00041537849055776953,p205
0.16277210161380823,-0.08675741065747097,p206
0.19166547580453694,0.26483318992550264,p207
-0.22789417999448208,-0.11353114267946887,p208
0.08781365465601121,0.11745163243188445,p209
0.011479202091912126,-0.4282319956619399,p210
0.1041995242011679,0.12199410718728568,p211
-0.26143556226930437,-0.14719385175529864,p212
-0.12597690005490317,0.5245864085106405,p213
-0.09858851104968686,-0.029100074094311004,p214
-0.17292856250221988,-0.07543394232462428,p215
0.2892100179632239,0.043001983160344544,p216
0.03230557288296723,0.24041683372848907,p217
0.09352862983122368,0.06573673979059559,p218
0.17660244811198145,0.2827043151552121,p219
-0.08833792999987458,-0.12895960265757703,p220
0.22349630931281594,0.011602387068477209,p221
-0.0805943002910352,0.04573876327544177,p222
-0.09662461700239677,0.08735085193317436,p223
0.20430411162700227,0.3739590266115735,p224
-0.4575799784023411,0.00021223364108921466,p225
0.06890621756199153,-0.25105493812774965,p226
-0.09505328210645914,-0.19851722116272771,p227
0.11795108533409003,0.029976531613276364,p228
0.11817825927032787,-0.005457307201484173,p229
-0.21174650644387147,-0.37065068452391564,p230
0.29757302534268504,-0.3200269813147926,p231
-0.3417819496354719,0.26014906378059993,p232
-0.12059759936640768,-0.026809613318374056,p233
-0.1399002245430157,0.28303956973936,p234
-0.16242654317855176,-0.14878605357773148,p235
-0.06390484088584236,-0.050885319882874896,p236
0.22379165018284067,-0.1719038835014831,p237
-0.36904755188630595,0.4540730053104146,p238
0.22845143918212513,-0.013914409485599641,p239
-0.13969774137378577,-0.32696362086462516,p240
-0.12444427128514596,0.18962433210974197,p241
0.14026539261968504,-0.12429550523060028,p242
-0.05320347255580887,-0.022706828801177904,p243
-0.056223818732834156,0.10398393036029097,p244
-0.3041760632324149,-0.4091880804744113,p245
0.021904733869560655,0.10552831896230566,p246
0.19374191695664497,0.1329948910734207,p247
0.3411078703675847,-0.3872613456809742,p248
-0.09687040451630279,-0.04102964633254996,p249
-0.18078904570020474,0.255270258402449,p250
-0.5554185967972692,0.06472371789985974,p251
0.3875632538843476,0.08184971734056817,p252
-0.1554876592193132,0.1505508257820102,p253
0.39895194332000106,-0.030204774518625035,p254
0.304641718259376,-0.168611240978352,p255
-0.03339428481006283,0.4964471733255632,p256
0.3378675336824415,0.3427100604482029,p257
0.2713639725386879,-0.08090254461415042,p258
0.24973028549473653,0.10179936912888643,p259
0.0037333483781193375,-0.22691216546133416,p260
-0.18830592852510786,0.28886938666676787,p261
0.13274615282028412,0.12932709903278292,p262
-0.002620328061755698,-0.11207434040657752,p263
0.1463276932359808,-0.36073765590152984,p264
0.06179759328049253,0.27686333360117893,p265
0.5696432901200933,-0.45109726960667623,p266
0.22795474629669035,0.027440654159156853,p267
-0.1518039715363586,-0.3169796092611175,p268
0.07646726907095774,0.02489673619888127,p269
-0.2866964350373716,-0.17579575763071506,p270
-0.04978183610275109,0.2399426473126164,p271
0.35808649454449865,0.08159574616671594,p272
-0.032041909464470185,0.15353669609738618,p273
-0.2994696130275338,0.3076225089946576,p274
-0.2885264043810924,0.1984071545299993,p275
-0.009549193509221487,0.03631673956305096,p276
-0.17699234192852586,0.12246152966106737,p277
0.028184662064702316,0.2722233648824163,p278
0.3703237830071975,-0.24017833804669522,p279
-0.4230883991115903,-0.12466694410228718,p280
0.11735640807921284,0.016894279951660998,p281
-0.08533731012515172,-0.08744155389637875,p282
-0.18897818816461062,0.08585359109172484,p283
0.10223820522681056,0.13901064787729295,p284
0.0238640676381347,0.21416782139533896,p285
-0.21048766663322846,-0.05028325180478846,p286
0.09905309531333634,-0.17624195409205812,p287
-0.018144629132811847,-0.11148249996509046,p288
-0.20665671059085666,0.1601920667811371,p289
0.024615367585394215,-0.031502312390574855,p290
0.24241541908482117,0.045157357272765396,p291
0.07137401034489621,0.2368337055013889,p292
-0.12208032924394543,0.2913270762773132,p293
0.0961690557051185,0.17547478266711525,p294
0.46807923993024697,-0.2129549915781489,p295
-0.3793764980775134,0.04461214032470768,p296
0.33051198654520575,-0.22932229484755962,p297
-0.16202390701856403,0.03718134365041205,p298
0.19031435647590597,0.04187336750228432,p299
-0.04508025496710641,-0.09407366235842364,p300
0.08191448108840932,-0.4572583812070611,p301
0.2434723312584407,-0.010008873929424148,p302
0.040424839717685235,-0.3181627528236215,p303
-0.32439248553614536,-0.2259038426889667,p304
0.0826564581166893,0.02309644878608429,p305
0.2041702964261043,-0.02571687481467025,p306
0.5520145880103161,0.15591358939394898,p307
0.31310471191703515,0.3457995033243871,p308
0.12293829803833248,-0.010106673889637726,p309
0.1301141821504927,0.03515902517538599,p310
0.21295468742949109,0.1259087722456626,p311
-0.12089460664215324,-0.53359847054498,p312
0.016990085452745086,-0.013751401181681389,p313
0.09532552802360926,0.04926043027438448,p314
-0.3444347115194837,0.1089894382942161,p315
0.29901657934664577,0.09459175906626757,p316
0.20179943224165708,-0.21460224712105647,p317
-0.007866565671467806,-0.21679452904326865,p318
-0.06022391033578796,0.1798171700386254,p319
0.2813565124847258,0.0043661730951122715,p320
0.03398826347540965,-0.1973225616544571,p321
-0.2680912158299026,-0.30160431308934954,p322
0.23759954419735319,0.10493790607028027,p323
0.1310863749404723,-0.11128520547115182,p324
0.07084216589443643,-0.08711269735381304,p325
0.1499170558860265,0.11138935207933467,p326
0.27275270035877275,0.054160663800855526,p327
0.0027293332854934774,-0.1417783532422611,p328
0.04856227733064761,0.045832893046385784,p329
0.14534833025794017,0.3737774410009819,p330
0.20282200195288846,-0.02474926654039693,p331
0.11342226703156395,-0.007813654230391773,p332
0.36527370393814507,0.34153747553724934,p333
-0.22381953997895523,0.1127937454147846,p334
-0.1177268172332071,-0.19712393549286977,p335
-0.5497117481559521,-0.06512631233321685,p336
0.22268072084461166,-0.14039180017834602,p337
0.06325850481730275,-0.11949988377991166,p338
-0.2500942389591296,-0.19840256368929887,p339
-0.05369223550214841,0.21144673084475946,p340
-0.21318073466526988,0.10110310315175502,p341
0.042254257805590646,-0.0778539492358955,p342
-0.3781730620766835,0.09866028054364871,p343
-0.11454470827917172,-0.22458837457002356,p344
0.023974348686771948,0.16347945860497468,p345
-0.29387324502440454,-0.38502194258657074,p346
0.09378300305630108,0.13378597324114264,p347
-0.12521051620457732,0.22999667975103366,p348
0.02621967930249655,0.20035986479695414,p349
0.14304211077507942,-0.1654810451398607,p350
0.1615274350944261,-0.14724899968660696,p351
-0.0923974178366476,0.1990137908710874,p352
0.27973239263952343,0.3048880027070951,p353
-0.21501534729992847,-0.09304329602277868,p354
0.020327330267506164,0.3210332266443328,p355
-0.1907422137123248,-0.41340355742411283,p356
-0.17113792190718002,0.1172535680758734,p357
-0.22057077461706576,0.3215747717182354,p358
0.03987483246825266,-0.15396050014031815,p359
0.015734947320207745,0.22361555538273709,p360
0.3231353567330023,0.27132558686151304,p361
-0.3970573472194119,0.1342080676039345,p362
-0.1925943553702894,-0.15076661252270762,p363
0.2384200300513952,-0.10122805796965409,p364
0.13255937533293113,-0.25588833645766873,p365
-0.14143024207498048,-0.13206818310643736,p366
-0.021914277410173395,0.07758932684018192,p367
0.026327797610607273,0.02017811989768424,p368
-0.09470182806003954,0.12814989606853674,p369
0.11554824076404323,-0.06835944761329339,p370
0.005238581349824304,0.06166944410541456,p371
0.38559041357428225,0.0707182160922876,p372
-0.21585297006327864,0.2281789792249637,p373
0.09869401902897423,0.23698388009843466,p374
0.16750507766382808,-0.018076101198914306,p375
0.18083609254589006,0.045993812394094974,p376
0.1310788810284556,0.1760982726284925,p377
-0.06129848937342495,-0.11692133949230599,p378
0.0723202540960055,-0.2512775940445679,p379
-0.04725397387927285,-0.08554387579552833,p380
0.12773268908915464,0.17494159310775795,p381
-0.0865715402981518,-0.46031838899809774,p382
0.16756462255272353,-0.12511200954344723,p383
0.2472858842637478,-0.057068347212592845,p384
-0.22811171294280266,-0.13288991375327136,p385
-0.11392235106557332,-0.18825069122495455,p386
0.01484307883553192,0.04855310554857923,p387
-0.04518861835318863,0.021319535093947548,p388
0.03702571999750249,0.009349293408140434,p389
-0.053180424430784794,-0.20288987553232884,p390
0.2339095074972725,-0.27122812657857076,p391
0.09699056486637792,0.48368723365676874,p392
-0.11501801736248779,-0.056444742637594504,p393
0.20990563932394868,0.16076145651681242,p394
0.10260943446748605,0.10507125729194813,p395
-0.06709769901424245,-0.09177017780621921,p396
-0.3499779935145477,0.22127896268460884,p397
-0.251182163815963,-0.07101428185342261,p398
-0.05913268807709091,-0.22642518961787073,p399
-0.23720100190195686,-0.04808551974862832,p400
0.06146925939080092,-0.09507920693196625,p401
0.26120818010173874,-0.10874612480665857,p402
0.19272677157324883,-0.07613604648115854,p403
-0.16505339862133314,0.25908427150155605,p404
0.03878642494753173,-0.0722485768869394,p405
0.028043055931158085,0.17619561327988906,p406
-0.3353894467450904,-0.10111746536456945,p407
0.15532940688390823,0.35884369509876496,p408
-0.13452288339576432,-0.22759079836550342,p409
-0.008481534645927795,-0.18691412315049627,p410
-0.016697183979149918,0.011057010050485977,p411
-0.013208013849414717,-0.2754335783166707,p412
0.10013779829351697,-0.11344848683411071,p413
-0.09711489980408172,0.24816008585581734,p414
-0.42008176739551417,-0.10273916680608126,p415
0.1554235106576708,0.26143737359041735,p416
-0.3278234724814404,0.1245761168920774,p417
0.3204555169471223,0.10878879406149174,p418
-0.34205488831772995,0.08091553506358518,p419
0.2793815850798093,-0.3612272377710978,p420
-0.25801069369776275,-0.4017925624200447,p421
-0.14447847261202454,0.08918648791015021,p422
0.5617872895892678,0.31023133680915804,p423
0.16413484375200568,0.03016651079493033,p424
0.010506225218072594,0.028810659922780636,p425
0.39844948592811075,-0.17521325461205467,p426
0.23829194692822475,-0.15627933711014233,p427
0.27167624920995687,0.0874188041065938,p428
-0.5983667194881156,-0.21413428731960132,p429
0.02199413241598153,-0.13557839802408378,p430
-0.22867409703378838,0.1842946564042383,p431
-0.05805020490291729,0.034017806576090236,p432
-0.2679946248066288,0.1984182561280822,p433
-0.1000480542491566,0.08938722763419257,p434
-0.2617608384747421,-0.19026780268633778,p435
0.22640968478784138,-0.13631696541941743,p436
-0.03267870799472037,-0.10135569091591803,p437
0.2739744270280506,-0.12058269764223942,p438
0.15603301374798173,0.006949994183540212,p439
0.26798961268025673,0.14828748589019078,p440
0.08948687901735025,-0.09342312027204291,p441
-0.13712117164734988,-0.09151621760439405,p442
0.03214725673113827,-0.3227215021728358,p443
-0.021003522173076338,0.19746567059563583,p444
0.1693809526062241,-0.14882833510500026,p445
0.09997009758132236,-0.3712263578828583,p446
-0.3818985867205662,0.025638543060271565,p447
0.42806044291142015,-0.08791830511750556,p448
-0.0470632285253276,0.25027396362969917,p449
-0.15077504474979653,0.19814988465232905,p450
-0.1015223053843481,-0.2902839784766406,p451
-0.05601731793067273,0.13445569894426676,p452
-0.06864127838788907,0.2521763264623697,p453
0.19174705075880724,-0.00677814134474883,p454
-0.07793693704145677,0.1112096138463955,p455
-0.07019693022609945,0.10578798546548907,p456
-0.15837683607890882,-0.12357322566894202,p457
0.17561490985057343,-0.33306592812969193,p458
0.05498256308704861,0.2965819500640651,p459
0.11048783560911442,-0.19057763308973827,p460
-0.1730325571463766,-0.16912179008424527,p461
-0.044134536990069084,0.16903994340664402,p462
0.14245836048325686,-0.3141831366939379,p463
-0.019741349947603525,0.362728290611934,p464
-0.17883551781815227,-0.20262374488230006,p465
0.06539684332899263,-0.08041600252145636,p466
0.22584993800893913,0.27465299952476635,p467
-0.05764837421508191,0.07372494039088157,p468
-0.027284190719608293,-0.188578219371521,p469
0.05387788248915372,0.014311967433470997,p470
0.38324280701995084,-0.07592599126636557,p471
-0.08453508786026966,-0.016250976071921767,p472
0.009263573493722524,0.043517831631407815,p473
-0.25477984895251493,0.15557927713199488,p474
0.0031790736612803483,-0.2462331005251273,p475
0.036448445353971126,-0.024559534437968485,p476
0.0976430543277248,0.19584160109176424,p477
-0.06965977977047565,-0.3011793384919408,p478
0.039828433172048476,-0.07263980215623149,p479
0.02998567366057031,-0.16869737284918795,p480
-0.0423941080120306,-0.061413952244410853,p481
0.1126905201735917,0.4675792119368713,p482
0.2065068378732914,-0.06541051056064692,p483
-0.2999302372787368,-0.14702947690832852,p484
-0.09210992754047362,-0.15669169454218032,p485
-0.45783490469040294,0.16057001415387648,p486
0.07243192803702624,0.06827399618521224,p487
-0.24015357041251734,-0.17625768645614734,p488
0.13746209905656884,0.33855210959538856,p489
-0.26229330494666486,-0.025207300585974753,p490
0.5114995916151487,0.11783633160979512,p491
0.17263092967641736,0.049931390648089165,p492
0.19366803227905788,-0.17983814269984585,p493
0.022256374604135834,-0.1926690537548518,p494
0.20527489752230071,0.5908882476599773,p495
-0.003472705425033612,-0.06256553556882737,p496
-0.09556847973824989,0.08198439898540973,p497
0.3320729044152315,-0.3356622040077606,p498
0.30557053713263754,0.06880332262777629,p499
0.048823638946812825,-0.2205922712273218,p500
-0.2212445524992872,-0.2725870973468063,p501
-0.441955735010596,0.245270132648654,p502
0.3908964797224457,-0.2542146678623739,p503
-0.033319217183190114,-0.2699505935264345,p504
-0.10802012118629692,-0.10687631471756552,p505
-0.10646147151888533,-0.005045021652690461,p506
0.13038529583810657,0.14954179654431718,p507
0.18843267093375043,0.2626944026676481,p508
-0.0667515739089373,0.00204924980263615,p509
-0.2411738042956919,0.2981416559485844,p510
-0.11921898532674456,-0.23887314676467286,p511
0.20771964561410405,-0.0006759083627545373,p512
-0.20730568694575868,-0.1123116546738022,p513
-0.3354580608945595,-0.006101751868041758,p514
-0.08568961745297766,-0.04926845590086478,p515
-0.08771395501046793,-0.002847392014203993,p516
-0.36703282866640297,0.049472290689488496,p517
-0.47375019213453373,-0.15025284609881717,p518
0.07061546050671941,0.011051921810140518,p519
-0.2208602548410108,0.029003802119788827,p520
0.09617423757963572,-0.1201585713567765,p521
0.03678906789919952,-0.045591707203781584,p522
-0.18181921234976048,0.054767318585039894,p523
0.09997457659209638,0.33597097012560934,p524
-0.08047891788216953,-0.03994887860774193,p525
-0.10452944156637758,-0.2175395231985507,p526
-0.04480216935809911,-0.11422154459210193,p527
-0.07644415806191447,0.3161415756149862,p528
0.21875327787697318,0.11243810782371465,p529
0.24132277161060633,-0.13635091790358686,p530
-0.07335649498668372,-0.12281540642605226,p531
0.01585786001832445,-0.029997775535529833,p532
0.04328731212175363,-0.010538615294392813,p533
-0.08011024528714937,-0.3192965576218013,p534
-0.33327415202845945,-0.015549585221243837,p535
-0.1757870899981314,-0.06143096295013082,p536
-0.017927276453589408,0.02757990347641633,p537
0.10419987419142639,0.4591153015278753,p538
-0.08279535738357843,0.17175625396494298,p539
-0.0028321627425170652,0.08930225097366698,p540
-0.48682865117228824,-0.19428151953793557,p541
0.1187449460911892,0.24703082708003113,p542
-0.24685790851408124,-0.12015010856085578,p543
-0.20353582702966444,0.2587481367676698,p544
-0.014158770817209301,0.02770027920319755,p545
-0.22697906105077498,-0.018255305784547104,p546
-0.049127117985331835,0.28438300147897194,p547
0.09464161611446885,-0.18465682455055812,p548
-0.17528305023678314,-0.06789288458845177,p549
0.17460075788238721,-0.3663528726124581,p550
0.046596299881615656,-0.06693600533723364,p551
-0.20089201974379503,-0.02982889226156348,p552
0.07234632859899133,-0.2565477384195577,p553
-0.19074216771386687,-0.1559130747310693,p554
0.06068703702342907,-0.1772736058789003,p555
0.1839529075714223,-0.020088544148477615,p556
0.00455195477814224,-0.20711721065539,p557
-0.05488316533018614,0.20883653596219198,p558
0.07594073536883106,0.10761632167992481,p559
0.07868739862328306,-0.16140197152290459,p560
0.03772886571396403,-0.4012291251530964,p561
-0.189599897770665,-0.003661907408646637,p562
0.054738134854358536,-0.030248875497679135,p563
-0.14416134727839947,-0.0629598335207303,p564
0.2057377799689023,-0.2586117235292153,p565
-0.260360387235758,0.19006651327987872,p566
0.4039007218370465,-0.2615015240009934,p567
0.03435201283816293,0.16663999224954384,p568
0.13152078699721934,0.31016098418929383,p569
0.5450575383711492,-0.10024448700680436,p570
-0.04589667524261772,-0.06394065953812332,p571
0.07858195089032549,-0.004373237931652031,p572
-0.12969000025340577,-0.04262739602831904,p573
-0.23057062460537528,0.04450749819825097,p574
-0.43847792167065197,-0.05582480486475064,p575
-0.019241572607505017,-0.11320251347426631,p576
-0.2500004007682086,0.008084078757764965,p577
0.2050224055955607,0.023637659044725326,p578
-0.3496602511366824,0.011362088400816813,p579
0.2738447678569087,0.054916547048856006,p580
-0.050225041513712355,-0.10901117623833292,p581
-0.012853675122447922,-0.49427123338860635,p582
0.01396743769759684,0.4095383739100149,p583
-0.3017029680902705,-0.09236019761935804,p584
0.08198500835710998,-0.10376692101287999,p585
-0.1212742485256939,0.2165217179976774,p586
-0.2645053187839696,0.3033727163148257,p587
-0.13432732441424222,0.42905308769524464,p588
0.06595199019263125,0.29737593742016016,p589
-0.17390012246432598,0.16115700101436953,p590
-0.1419964717929561,0.4168018024716486,p591
0.07732330029523667,-0.07806543558153747,p592
0.05838748724569585,0.17146608306510713,p593
-0.27445521180378407,0.038319545007889616,p594
-0.1578130925828929,0.07806106450443184,p595
-0.029093379157772232,-0.2973530556468267,p596
-0.1299101334922442,0.06220760178963746,p597
-0.3177847876183148,-0.03898183080127727,p598
-0.20058078400459967,-0.04314093838030485,p599
-0.1357087713563461,0.1632693147721524,p600
-0.2499960107848608,-0.08826972453712528,p601
0.20009362564521385,0.13414325280279688,p602
0.041670798309783576,-0.0002913581715790979,p603
-0.25757138053393935,0.03094479135087477,p604
-0.01680000658648809,-0.05178082035749851,p605
-0.11916925060462631,-0.06914348609639376,p606
-0.002719115237678313,-0.12110796909053068,p607
-0.3094728717085329,-0.030745895658860045,p608
0.12507640049496374,0.037754956598385195,p609
-0.11877825020522795,-0.2199709076661981,p610
-0.4899946545702063,-0.14127934141852996,p611
-0.258125724993649,-0.21738185432278923,p612
-0.10782514739416303,0.04882119233835693,p613
-0.08362344088975544,-0.02484098333777369,p614
0.11276612958114914,0.0012527607940052102,p615
0.2549315154776105,-0.18352659473675612,p616
0.177278042525956,-0.03670954434542264,p617
0.23983809201196205,0.09794379586598735,p618
-0.11171358337473712,0.09936567067347893,p619
-0.025041076814914978,0.12345133136428495,p620
-0.2248523279108423,0.16444754077562768,p621
0.1388993578042234,-0.06785574563748911,p622
0.3020179492695542,-0.1520801445560754,p623
-0.3516754698567215,-0.026732390045691036,p624
0.11007870473932953,0.13441222151832397,p625
0.0763869038198827,0.09249572532129845,p626
0.15747521417901833,-0.2015499354635916,p627
0.16148540796054317,0.15781873618202857,p628
-0.07772170246455,-0.05815874395647104,p629
-0.2891939124471482,0.029727227843827298,p630
-0.16195145115090004,0.1621685057840161,p631
-0.05718159507822294,-0.28470065377664217,p632
0.013895329830044642,-0.3593674454919743,p633
0.08823089021736419,-0.15936845394359475,p634
-0.08823340398246803,0.14415789498114015,p635
-0.22178197838865543,0.15595644102122216,p636
0.021872070738673102,-0.34193725527184754,p637
0.19156173265542792,0.06378580224049388,p638
-0.186978858951331,0.0125678647867089,p639
0.0996346244275849,-0.11889091800055973,p640
-0.13256346993015986,0.057942053013601016,p641
0.15450785493576213,-0.10189410220695572,p642
-0.2709245892230342,0.13743397060305224,p643
-0.13702890194393236,0.3455455998671564,p644
0.07755146614812439,-0.11844228701502213,p645
0.14033391775417114,0.1319581563740175,p646
0.07602293195782468,0.007107487009210545,p647
-0.14315932333724757,0.029517371026030054,p648
-0.19307588340403178,-0.2520194703945384,p649
0.07674469349308932,-0.06648078323041627,p650
-0.1773872174329805,0.07539266420114277,p651
-0.3128866646308885,-0.061058501261842216,p652
0.0817811400265992,0.19213483119126065,p653
-0.10671910285929143,0.28656191006230386,p654
-0.026998776174042574,-0.050314113122713305,p655
0.1136076877038964,-0.011304177272597542,p656
0.4172212737135248,0.10717655853150954,p657
-0.23415971496242785,0.04725757563407101,p658
-0.05002135144739633,0.19385196555305562,p659
0.10740581974080943,0.008024856481845507,p660
0.2115047210285682,-0.13651185406572483,p661
0.33871732469882826,-0.007824500405279022,p662
0.20140156805808568,-0.0280836587597813,p663
-0.1321835356970179,-0.14597556606352657,p664
0.015052320048918167,0.09095977186783716,p665
-0.056884627828831524,0.20721648863138792,p666
-0.1834975318054878,0.26869063862132075,p667
-0.10944020962350738,-0.26791885762416245,p668
-0.015747177195498476,0.04142445539813989,p669
-0.2677829489342342,-0.2708861987943681,p670
0.1163386465920375,0.31136167315319185,p671
0.023767971285344035,-0.12247755569270598,p672
-0.39210841267110574,0.05651517927391986,p673
0.11001635611394152,0.09637334156117504,p674
-0.05562394048124522,0.058430762003511265,p675
0.6006927265116426,0.18755801455831114,p676
0.21274631209685246,-0.132611101407334,p677
-0.04497584833526221,-0.06306014387080137,p678
0.17414933029886287,0.17235495266337697,p679
-0.1910208495060846,0.06185750472854356,p680
-0.12225036412627133,-0.21587884818755798,p681
0.16603029461154176,0.06677517685625398,p682
0.0502781909344579,-0.41697812226088155,p683
0.09020346670803606,0.1734682085672834,p684
-0.2572198811650282,-0.03825070864223975,p685
-0.05795196053028025,-0.07343428406629235,p686
-0.021513233372611493,-0.2589262345694186,p687
0.09430096310311546,0.17546030696726345,p688
-0.22982259350549927,-0.026973875085107724,p689
-0.1824411917101857,0.254743234664016,p690
0.003962838097818523,-0.00283498880571821,p691
-0.008595537223942573,0.4265504809989086,p692
0.6456465580252865,-0.1968292005796777,p693
-0.2190234464242439,0.0383096404802338,p694
-0.19714077123344798,-0.233307929105208,p695
-0.03639533435446204,0.2513402963710223,p696
-0.15543352211970154,0.09787449195656889,p697
-0.06733812348480095,0.021581514826596274,p698
0.1849101843427515,-0.10406641708554046,p699
0.02553146778821357,0.1898192356794648,p700
0.05124164608304508,-0.06651712801938933,p701
0.20764154575221194,0.49424031620606457,p702
0.1580522236735516,-0.246197737254585,p703
0.0914700685241691,0.08497976764323815,p704
0.2810600379619152,0.0500856608083354,p705
0.19943512639659072,-0.09286802451260256,p706
0.27229261673185595,0.024829033536510125,p707
0.1214549710573194,0.0036631054253932014,p708
-0.21777314532266534,0.34811284007557436,p709
0.3503097440838044,0.016530451285972136,p710
-0.13365567513380522,0.10309659924652835,p711
-0.2542085894022971,-0.21033232771387878,p712
0.07370413179475421,-0.11705933209827445,p713
-0.09752544476707245,-0.0653171804037316,p714
0.2554373522423117,-0.02643204423349076,p715
-0.09890504891694452,-0.45597260669851497,p716
-0.23682939838432954,0.08591051624887681,p717
-0.05724740092608427,-0.002867456132629601,p718
0.21784164061183856,-0.2664434009653281,p719
0.10442732146225298,0.07114071238331879,p720
-0.08718872718722762,-0.10200201483617986,p721
-0.16194377672423066,0.21136882396371034,p722
-0.3049345588174184,-0.12361059139602198,p723
-0.11471618428573852,0.05427415548035846,p724
-0.11327275047175403,0.07063303700023091,p725
0.05273947248106157,0.32091102948819505,p726
0.26160077507475993,0.2793762033011586,p727
-0.026808662528591033,0.35407619668352236,p728
-0.3387113681744826,-0.13631821160722304,p729
0.04366787138947603,0.014591668094071858,p730
0.10514660143656213,0.10461299201167476,p731
0.05112384147602124,-0.07524059977535462,p732
-0.04565851938759344,0.2017550451411395,p733
-0.21805236403909112,0.24972584255254782,p734
-0.028135898713120912,-0.0137485701937062,p735
-0.22371580459449758,-0.1738943880122425,p736
-0.0020136179030333236,0.43953806324077044,p737
-0.15179598963462268,-0.36917233728140564,p738
0.17699717728802117,-0.09282942923604873,p739
0.21609463263926953,0.12101610400577226,p740
0.09414497567101639,0.29596061929945383,p741
-0.1632963764883783,0.065886279801343,p742
-0.07313225674706778,0.07675831763009006,p743
0.04993366317289255,-0.22951581897689022,p744
0.07718531824212477,-0.04371972133871194,p745
-0.0037503424102832863,-0.20490676937126848,p746
-0.10601883630601505,0.32295677450387117,p747
0.18400809450249378,-0.019968337410317064,p748
0.017280471490486084,-0.06940194687106535,p749
-0.09059356087669182,0.27051253871694664,p750
0.02273374420372024,-0.05226439669340516,p751
-0.1139368326661437,0.36647530381376736,p752
-0.04662411298470974,0.18353520138934099,p753
-0.15920287816857703,-0.022946346318069133,p754
0.27225559591530246,-0.023503828344906285,p755
-0.17699128919569296,-0.1838903034943431,p756
-0.1228865181238317,-0.08643080215933412,p757
0.15937252930675905,0.10513072053378612,p758
0.04307488615164678,0.274058724054747,p759
-0.0931461688547599,0.032042249331227936,p760
0.1558225395848225,-0.11782202821131867,p761
0.11995242231670394,0.17212995791204858,p762
-0.17875283027674913,-0.15840040982770595,p763
0.2117420810942696,0.06434076178135317,p764
0.032891973645082305,-0.14131127270276758,p765
0.34772207665482197,-0.02754366580612517,p766
0.4754401641848994,-0.23855939273880647,p767
-0.27303323122249856,-0.07003044264839052,p768
-0.3565399206339991,0.1865543939551243,p769
-0.012010054527585771,0.3668727233827386,p770
-0.1900866239138916,-0.18688167205103365,p771
-0.06013709917969759,-0.042724679733666976,p772
0.09522586782990627,-0.15139922213894474,p773
-0.11611336636748651,-0.28167320253013983,p774
0.09988900341525553,0.04568758932212355,p775
0.1011771663700099,0.01495926661481343,p776
0.11474248889231507,0.07594830840592291,p777
0.06153544608571579,0.4115587150766873,p778
0.14853798632952941,-0.0356450890993945,p779
-0.20773949918839635,0.05401549609030337,p780
0.1519391156831387,-0.1113624851684302,p781
-0.2566721222890264,0.07345896796735696,p782
-0.17336276378150017,-0.2725147817709241,p783
0.6216902876203583,-0.006220721462472899,p784
0.05501942349291614,-0.12159487178742581,p785
-0.57724545533271,0.010727909895470782,p786
0.14363864576163513,-0.1594433675765351,p787
-0.18624800117964638,0.12633629729524348,p788
-0.06681471432650984,-0.11570799660940337,p789
-0.15214382101731758,0.5451463242995246,p790
0.28137510673930416,0.25714170251684026,p791
-0.5162714490836638,-0.04511974863895634,p792
0.2571069757822471,-0.24061331592356106,p793
0.24081122298216454,-0.13223319733064304,p794
0.12087725720379626,0.11321569826261402,p795
-0.2129114880819688,-0.13456872880729215,p796
-0.1537832847212789,0.0510484198531636,p797
0.4677508440870288,0.074040332781374,p798
-0.3759206656311978,0.04370545878970602,p799
0.09828276169711264,-0.24463609305054457,p800
-0.038085017055740716,-0.34975690240254453,p801
0.14498663917864096,-0.0020611796730341,p802
-0.08679074925491086,-0.050289647790135034,p803
0.32514031970110335,-0.5009964032423734,p804
-0.03066377806850692,0.06887817809846374,p805
0.05627556708446704,-0.13478019744216707,p806
-0.2932612382609252,-0.23338261591611068,p807
0.0067529409606296754,0.10685484353740565,p808
-0.3598176853733053,-0.31234318193471444,p809
0.17432217581226758,-0.10524600623093423,p810
0.04549469789919696,0.19689675903636203,p811
0.4050890253571515,-0.0925730840767308,p812
0.11910757996059657,-0.2720215936623772,p813
0.31296572854092763,0.31048973635376736,p814
-0.0028394871796195275,-0.059375498814035844,p815
0.08909350375736154,0.19040948009936928,p816
-0.055070085237568484,-0.30486477107937965,p817
-0.16409396340787508,0.04357352856857524,p818
-0.30464943098451386,0.052061712427856066,p819
0.31965666266720644,-0.2338930092904013,p820
0.013014477105392747,0.020654048712294638,p821
-0.01719937187077558,-0.5025588997101903,p822
0.32721609435429433,-0.1523007187399802,p823
-0.28089941849630784,0.07743472776013507,p824
-0.13928479742674643,0.15826775861377168,p825
-0.2220309867749616,0.035823286437693995,p826
0.19214360132379288,-0.31857408482968785,p827
-0.052657142004294326,-0.10473859883700479,p828
-0.18620575013662033,0.10382974599626318,p829
-0.1605374122229755,-0.17430520520921225,p830
-0.0572442571359672,-0.17148984826340488,p831
0.15196142862292078,-0.2596873041507807,p832
0.0583986831447734,-0.17256938322544743,p833
0.10280398336183594,0.12186874967571903,p834
-0.07766729490211761,0.05683665110322973,p835
0.0015937365215717557,-0.05745488476698312,p836
0.2453697707006871,0.06475821370512799,p837
0.17425900930650992,0.03330956002554202,p838
-0.04626229540514856,0.44026799903828046,p839
-0.03873012202669859,-0.22342967000580105,p840
-0.09001336001886334,0.04563671385261615,p841
-0.2098531942436883,-0.36950066100510776,p842
-0.13385852514326677,-0.1485946280080696,p843
0.27140235964151627,-0.09958000085317102,p844
0.09829593964361195,-0.22356128348525495,p845
-0.03978988621100185,0.0790777365730146,p846
0.10065366144829782,-0.05042482341779814,p847
0.01737066759196484,-0.04752575898638353,p848
0.13116837357089928,-0.049721417931469676,p849
0.049174615548826864,-0.034474198855676735,p850
0.019100158770536415,0.23557748963232222,p851
0.3789367557743581,0.38597741640526984,p852
-0.07159941237756572,0.06745910896248011,p853
-0.11166551689296587,0.0695686282866958,p854
0.31881063350452155,0.17958227007877836,p855
0.135459344034051,0.14474257013594935,p856
-0.10651452911122135,-0.4463926906231069,p857
0.18573926313342085,0.04328000966614955,p858
0.0181567525422624,0.0799483823391767,p859
0.10686896808598718,-0.1078964962133324,p860
-0.26331932863989954,0.17746448699283907,p861
0.3586546985168891,0.1371951657338429,p862
0.16906257251317547,-0.21694698045689684,p863
0.15055289864756008,-0.0079851339220094,p864
0.15653144908312838,0.012642591151485291,p865
0.28927619979923447,-0.2951809586535668,p866
-0.13656910116184748,-0.09930960043982114,p867
-0.06811982591126309,-0.08357714809171997,p868
0.09908054472593589,-0.13476170039788818,p869
-0.07778021446352985,-0.02680834444196258,p870
-0.26506865271383745,-0.4645721292874342,p871
-0.06461123450605974,-0.14633422156093112,p872
0.0991605107610425,-0.20018965690282356,p873
0.03631891417176095,-0.2643637387792721,p874
0.28765104654072604,-0.055771550489368805,p875
-0.3907453705124664,0.2114063271050493,p876
-0.05253489913593012,-0.24279312322817095,p877
0.00031221215884689313,0.33326345545373093,p878
0.1245056323553649,0.0506130768059075,p879
0.2784107809801168,0.31786944663371275,p880
-0.11543116048958633,-0.013242328406880003,p881
-0.05273781445180842,-0.46027877120749033,p882
0.1940458933455067,0.2809773998419668,p883
0.1935516520053635,-0.10681264417626318,p884
-0.23642853335484731,0.2264355538840182,p885
-0.00788825822891476,0.2687749845622862,p886
-0.04593935303018914,-0.058801892257850624,p887
0.23530709434554256,0.16809123987982474,p888
0.2832619114912426,0.07001357254440406,p889
0.05408513046450345,0.20441144911554796,p890
0.41511986502411863,-0.30745124675014496,p891
0.05564396134231278,0.1427386430608248,p892
-1.56865941940191e-05,0.14351371079262454,p893
0.26258877921804114,0.17649172171916605,p894
0.07239789862301778,-0.1551503892464031,p895
0.12161559812658196,0.115994686946639,p896
-0.2707439704826697,0.1856693172667968,p897
0.11923545649581069,0.19558651309201758,p898
-0.21547584886683976,0.06263014709004594,p899
0.2234864406682101,-0.4054022776272538,p900
0.10800224066418194,-0.08535017959256258,p901
0.0324578104091152,-0.1018370932613498,p902
-0.1115935251309873,0.030215734930572676,p903
0.14689659311299086,0.13629057192368474,p904
0.08313938635026309,-0.2476507736611478,p905
-0.11622277336798113,-0.050369553689484384,p906
-0.2414006979155391,-0.015316638812272885,p907
0.019257611617938694,-0.3186837203982569,p908
0.13622282954491324,0.013198151513617362,p909
0.16502048654016724,0.3299337147234203,p910
-0.07051268919567266,0.051298189591441425,p911
-0.05565653521962393,-0.08089952718542,p912
-0.18847204546016127,-0.2324637694202794,p913
0.4103794711338843,0.21125800075761508,p914
-0.06401669346556708,0.06843806318767928,p915
0.05769443295552497,-0.06280650521665813,p916
-0.16121668172109344,0.11549229934510544,p917
0.4745039566570067,-0.13970111664836196,p918
0.23010781826347013,0.09470606518283174,p919
0.1007572681757416,0.08779112905547864,p920
0.4480274461774724,0.22262213089744481,p921
-0.43068624380766307,-0.26277320472611526,p922
-0.1842699014161724,-0.3197787324036722,p923
0.06423276423995283,-0.16539206282684354,p924
-0.2628463213979104,0.03610716610874675,p925
-0.18983251438956059,-0.030342715813131305,p926
0.078860169491205,-0.024712835292374336,p927
0.3104514397048366,-0.054553791259893486,p928
0.0025270987052090385,-0.5799670330055705,p929
0.15370232267852624,0.0027738010070877755,p930
0.04096454803060781,-0.22083415000349482,p931
-0.03643788084638468,-0.01993418808906665,p932
0.005671712688169246,-0.24256066949429714,p933
-0.1074042222244924,0.11026339669548856,p934
0.18504234360098937,-0.1808366330761544,p935
0.0384221725400129,0.06511209397309518,p936
-0.4304796591757414,0.14606955853917863,p937
0.08191032670660697,0.14290915424013678,p938
0.11752153684129285,-0.4574267219968941,p939
0.042118385095010424,0.042843741009417236,p940
-0.07537147156833138,-0.03556927511883107,p941
0.19269756194013674,-0.12741845857749926,p942
-0.06553143226884237,0.04764301685647521,p943
-0.09096885022545112,-0.34484164839579845,p944
-0.05285249261192512,0.13502706785367466,p945
0.3129492591504826,-0.359777916532129,p946
0.15068832203498084,-0.2274496271742224,p947
0.28848959919106887,-0.625609272262139,p948
0.14501320328177,-0.01926652821675291,p949
0.16080560129105834,-0.036356212789242524,p950
-0.1875061809773626,-0.15439771707253805,p951
0.22619963133986642,0.24913086390451752,p952
-0.2507698036167196,-0.18878977854639734,p953
-0.009408242257242724,-0.25549859476929476,p954
-0.13482741904582649,-0.15918818779504207,p955
-0.21832759132711002,0.423526586168298,p956
0.07925388676953936,0.2877435585190587,p957
0.0387401236070184,-0.0385433725466589,p958
-0.3580733043462232,0.1702953927385198,p959
0.2425117390668745,0.26881181952127103,p960
0.22903956565255995,0.24085903270267212,p961
-0.047275609442073326,0.33432105677453894,p962
-0.106915632139381,-0.049609421301606,p963
-0.3516441596085237,0.10906886976526078,p964
0.008898984539588883,0.020583182335697406,p965
0.1150182844478846,-0.07277472595859395,p966
0.3627379405637058,0.0456437518283046,p967
0.21297480328351848,0.2968042548354616,p968
0.11788098985048966,0.008748742070102112,p969
0.29516709382967876,0.15571016574736585,p970
0.1537565341760679,-0.05810166401554735,p971
-0.09909577477697143,0.02064051806292619,p972
0.09639001355737105,-0.2689896681461448,p973
-0.5394732618437201,0.2945795884269202,p974
0.026976538417470077,0.14097616493934123,p975
0.07384837858774715,0.09795701122368534,p976
0.09851209840516834,0.024159955939335856,p977
0.21701646113920772,0.2073972637700212,p978
0.5053538651750894,0.032062120540569804,p979
-0.23933859257277215,-0.0069789772843269066,p980
-0.029619105422096455,-0.12354852077179763,p981
0.05958254629260493,-0.14406093438545128,p982
-0.2713300941570749,0.0754169804534714,p983
0.3080352596942795,0.33516397092853056,p984
0.11360291735432333,0.012463729533108476,p985
0.01185383410955047,0.11325709558062691,p986
0.16627049884171038,0.4940779919433073,p987
-0.05746263549243469,0.15708439514588168,p988
0.18875401028736996,0.009984568555707146,p989
-0.008071366062461161,-0.054092860482548355,p990
-0.07349677983315393,-0.028485965831556437,p991
0.1877072935598647,-0.09181103761902926,p992
0.1500969049180011,0.13887092017674027,p993
0.24836635307236565,0.39954005952871396,p994
-0.10401384764508532,0.17012925894232359,p995
-0.4726107745845689,0.08991316714161669,p996
0.01241823805895683,-0.07859002178981116,p997
0.15885756377057225,-0.20551668990006,p998
0.1266353984201572,-0.029243558165341823,p999
-0.4226082504641926,0.3586528270289353,p1000
4.617289057076679,4.901242462437046,p1001
4.116001637965297,4.918801296332719,p1002
4.517241900636249,4.994850245764129,p1003
4.523536313120823,4.17698497145893,p1004
4.711100591207502,5.181103963831309,p1005
5.27056441488616,5.031388769233236,p1006
4.909231790542222,5.50058167994006,p1007
5.100978338006154,4.974429225988547,p1008
4.751010127746497,5.065441968132502,p1009
5.324870656666362,5.866823649136005,p1010
5.6013937263595235,5.540406967888575,p1011
5.165931006320134,4.44629366059195,p1012
6.296170607986642,5.000812022051212,p1013
5.443148924745464,5.335449540716668,p1014
4.172096617338546,4.426602237381794,p1015
4.629021951025181,3.910723691702374,p1016
5.67766708814341,4.595218158042589,p1017
5.233114194287438,5.072979239485495,p1018
5.61209987274162,5.219446915715778,p1019
5.256396023052506,3.8170987880548735,p1020
3.8342593672594516,5.496326700288515,p1021
5.735039124578684,4.85864835631167,p1022
5.817369659604655,5.757899135546015,p1023
4.9139820973934185,4.856209448665355,p1024
3.8941262438990814,4.428936989370948,p1025
5.233033756999104,5.290216605557976,p1026
4.5886883816109485,5.481560446644454,p1027
4.803962460853295,5.073158842893525,p1028
5.0553566575998765,3.9724824704157156,p1029
4.697546943941564,5.398160302787172,p1030
4.726857556839895,4.8875141354978435,p1031
5.269653337002592,5.038504743886244,p1032
5.161328098879929,4.8279068585014615,p1033
5.70050709191475,4.780502962535748,p1034
4.762236594335913,4.75753868869398,p1035
4.3502167279059325,4.124982389659619,p1036
3.971924831789982,4.184746833349054,p1037
4.580389539322168,5.60128283115221,p1038
4.87575524169575,5.041910594106059,p1039
4.745093495300979,4.750660641430524,p1040
5.284671375596403,5.507827952747038,p1041
4.373121991861584,4.740076943616617,p1042
5.081312335956971,3.9538043272919925,p1043
5.684369329359885,4.679241829545223,p1044
4.565577365231114,4.80621546402873,p1045
4.783096656125946,4.734321268414636,p1046
5.120082530730204,4.99704823690834,p1047
5.200758818538997,5.289371971743138,p1048
5.131264305901394,4.38763096438376,p1049
4.24857824605502,4.90804825181759,p1050
5.411769066259836,4.897673826231904,p1051
5.4114033728066255,4.712226716305619,p1052
4.833498811584059,4.743427970370455,p1053
4.914656887410543,5.035356774882799,p1054
5.161640725423845,4.868686800504276,p1055
4.736840428105771,5.986356907925262,p1056
4.72291912417776,4.72245674581784,p1057
4.257589817152346,5.024469956539956,p1058
5.783332958929279,5.011172611589462,p1059
4.8734370753302185,4.714692040578825,p1060
4.55555836227268,5.4714445026082,p1061
4.98409446658073,5.012331725737183,p1062
4.6642901245117585,4.951669128420279,p1063
5.369520805479685,5.652609283438414,p1064
5.367867601265424,5.166042880435204,p1065
4.810496577749298,5.3522362197041184,p1066
5.5591655888709255,5.325088183381831,p1067
5.037283550615161,4.269180289526208,p1068
4.35384792996258,5.940339488711493,p1069
5.0273853944047975,4.980081278893054,p1070
5.34453994824799,5.15993029225384,p1071
5.725521463697062,4.856544489058512,p1072
4.991481552123355,5.080755006905203,p1073
5.709049789115584,4.864504688005528,p1074
5.501079246369578,5.672815763231655,p1075
5.0288009652205,5.0370347666936945,p1076
4.357766067264931,4.822813528386131,p1077
5.336670073237246,4.971245776353428,p1078
4.825643789038092,4.363224326513151,p1079
4.982040529582478,5.628795285012494,p1080
4.746949741769922,5.173434450505777,p1081
4.708694569607234,4.853580262861541,p1082
5.294375328614904,4.884803896585366,p1083
5.449534577205671,4.564150304270144,p1084
4.395534656319681,4.22615074600739,p1085
4.927169339460933,5.252054878399752,p1086
5.361070811349216,5.329754538311376,p1087
4.953081308707866,5.421914900482443,p1088
3.2710316300461506,4.98586183648581,p1089
4.571664392405566,5.1949366144544165,p1090
5.513841302463776,4.764298512429228,p1091
6.0669934933427925,5.073671048780817,p1092
4.948897990358417,4.857411776610109,p1093
5.417653465825759,5.719575076315257,p1094
4.820549514963978,4.4543288741896765,p1095
5.184448325059045,5.345647565393992,p1096
4.256753678387535,4.8294879429319755,p1097
5.420909893434908,4.4815772163881915,p1098
5.135200536760082,4.689184441385335,p1099
4.720514011854839,5.183880228487309,p1100
4.757262799106692,5.166978924676999,p1101
5.700028568377151,5.018279539212518,p1102
4.126054847226242,5.63492257557778,p1103
4.953724703559908,6.050656243209707,p1104
4.350954500616718,4.799589453991406,p1105
4.445153363363845,5.238903804686137,p1106
4.721538112336591,6.7206690383214145,p1107
3.869197022760062,4.346857598609335,p1108
5.458746670345688,5.274169679017248,p1109
4.565525493483134,4.960791843546735,p1110
4.41194362349931,5.404832378887949,p1111
4.973742540994002,5.351419907033657,p1112
4.55305109988086,4.833253392740615,p1113
5.650019063121021,4.775794926064318,p1114
5.245504273552874,5.652033976361631,p1115
5.537825093742219,4.65987382534254,p1116
4.710544218299373,3.6528973748615425,p1117
5.979962923565183,4.404307190739332,p1118
6.251250005291099,4.624488760570533,p1119
4.692876203391306,4.7886197436390985,p1120
5.150428967042878,5.050922072483196,p1121
4.31337218798355,5.692792479995893,p1122
4.640661093365392,5.238392908096942,p1123
5.064054182354317,4.9851894058762225,p1124
4.938304569478919,4.403941877957564,p1125
4.937946484102388,4.811574832492303,p1126
5.398821900124163,4.629124845457112,p1127
4.445257000468923,4.900254925795377,p1128
5.236652282806456,4.398749312385752,p1129
5.0356244654281035,5.537525150957119,p1130
5.126647612382785,5.701253621135073,p1131
4.138729963983789,5.150994755449718,p1132
4.687630103610297,5.218767735838302,p1133
4.569607519243424,5.860367716193375,p1134
4.76994444645796,4.4880317404632155,p1135
5.112205135544589,4.206840279450826,p1136
5.038361304080568,4.870230897316697,p1137
4.195753033801518,5.384462975062323,p1138
5.463440712462303,3.732738679724265,p1139
4.440556475786459,5.436385785732004,p1140
5.2094764555363335,6.101695886128508,p1141
4.7972646666411425,5.3712014568119,p1142
5.126860935525034,4.968637846313734,p1143
4.921394388495877,5.0271074016162505,p1144
4.437233726934406,5.842895281610334,p1145
5.445372361813743,4.369992253686796,p1146
5.283057443927289,4.3277242657675234,p1147
4.9431072159645515,4.9252739294599435,p1148
4.715209094588955,4.019198363034466,p1149
4.133620849656128,4.985050110554802,p1150
5.023022685061056,4.93370843608137,p1151
4.226167723140562,4.963917311316889,p1152
4.147691409499408,5.3395007811055,p1153
4.329593831407799,5.794316615213497,p1154
5.294662886980426,4.017568750331171,p1155
5.579133350860624,4.590815600915985,p1156
4.294603336320672,5.038487840033257,p1157
5.167659461853303,5.043859258231028,p1158
5.080335494710711,5.492878065834861,p1159
5.338281731184672,4.97471342424412,p1160
4.232629591556431,5.931294591407512,p1161
4.855018768001911,5.474089151485741,p1162
5.208462927704309,4.417450305130317,p1163
4.880913112868726,4.78249699358053,p1164
5.133763564938249,5.834863139332466,p1165
5.600763564136161,5.395076850937651,p1166
4.742622104146884,5.496573547757181,p1167
5.332477212145788,5.297028361769861,p1168
4.816763517601192,5.2319675540146,p1169
5.607055810982159,4.1437829364405045,p1170
6.450449369794959,5.806137098175621,p1171
6.156372122632487,5.157386729841257,p1172
5.060133177814126,5.306119241759463,p1173
4.656664460554098,4.423823142338483,p1174
5.074686764671773,5.597335337763814,p1175
4.180332680006384,4.221799533987334,p1176
5.380013405150043,3.8786033661143287,p1177
4.999819826449276,5.766975897044339,p1178
5.677444746514154,5.097485796916007,p1179
4.813953229023324,5.859148699539384,p1180
5.094481258228577,5.392328633471773,p1181
4.492166488758432,4.499310292086572,p1182
5.407582967280614,5.755612696864252,p1183
4.879420798296286,4.485425826620753,p1184
5.382370308838961,4.557502274223563,p1185
4.684582340861337,4.239708628971154,p1186
5.211096025002632,4.6700814538785975,p1187
4.261136685036911,5.361206678977578,p1188
6.614169469080336,4.931043252409869,p1189
4.9991098481272465,5.025962294515111,p1190
5.887275242725129,5.620198400586122,p1191
5.140793941956701,4.3811689471751505,p1192
5.473754505700252,4.803219282524442,p1193
4.908928692481093,5.1183834834370225,p1194
4.690863161081077,5.197835910064296,p1195
5.235333792060253,4.370242165648505,p1196
4.919509624802258,4.857362503707363,p1197
4.646165589766667,4.868659711951347,p1198
4.5530620182883705,4.685449464075954,p1199
4.275584568192696,4.553767414694422,p1200
4.271670981421995,3.9364651016685794,p1201
5.025320777577595,5.318078775888974,p1202
4.851094939603443,4.68889809454273,p1203
4.946576829424262,5.495386848208671,p1204
4.894666411117664,4.741365691355045,p1205
5.350733002262282,5.1000214892302616,p1206
5.446273871933954,4.143265410904952,p1207
5.003415303369024,5.445491389383525,p1208
5.941530935230496,4.923295688358371,p1209
5.331749042688489,5.74848524710338,p1210
4.286746945835177,4.713396997866616,p1211
4.518141039446149,4.963568082261989,p1212
5.313194911747225,5.66147877470998,p1213
4.510315706389862,5.22211577399287,p1214
5.578884275670962,6.854933049453613,p1215
5.719524175579841,5.388571445975702,p1216
5.147216356727284,5.282366047911808,p1217
4.708205552982712,5.252720083385862,p1218
4.0157626122235595,4.621139169801884,p1219
4.816366842870599,4.616650012248602,p1220
5.163673254191543,4.181158552869875,p1221
5.73338171686372,4.96479179025786,p1222
4.262355632390901,5.106374896309463,p1223
5.213906533889593,5.614056407213662,p1224
4.397004790225111,5.092157831299825,p1225
5.045609006352556,3.5803589758524508,p1226
5.121987072102648,4.335805247657179,p1227
5.184323712940213,4.849759341348837,p1228
5.643431443558277,5.249544104053716,p1229
5.242459538809375,4.628057979693951,p1230
6.143347752181288,5.665755565847714,p1231
4.765677421104919,4.944540039588322,p1232
5.280889830553398,5.215044187202524,p1233
5.120032835731216,5.036075978866577,p1234
4.96603839055558,4.8782690118935434,p1235
5.2573475485035726,4.877158374799787,p1236
4.365015395703702,5.573665368141914,p1237
4.404642696100409,5.454470592519871,p1238
5.566439097980292,4.632762795832448,p1239
5.422083026652505,5.057038110650435,p1240
4.687336286462477,4.062592104881564,p1241
4.875836448516999,4.538745176886367,p1242
5.773659152258962,5.2024519070193564,p1243
4.693503991502366,5.396096293895737,p1244
5.5665962219317855,5.317425374069906,p1245
5.488467756434263,4.5113245420167765,p1246
4.136789986396623,4.8942489562144535,p1247
5.7111139205129,5.328226689152339,p1248
4.8121598584316105,5.199923528819144,p1249
5.703267603130135,5.078005426355967,p1250
4.266034481982814,5.147563006925,p1251
5.123880615098112,4.720370330113661,p1252
4.774035998672176,5.692170252830791,p1253
5.166878419062542,4.338498635580578,p1254
4.920432999175391,4.640867101713354,p1255
5.5391468586240835,5.004205904334639,p1256
4.4259091113912294,5.144652236677768,p1257
5.473797930904197,5.500403468556019,p1258
4.265441731561259,5.238178484139283,p1259
4.192294901395208,5.782613191063789,p1260
4.765457943861723,4.95934047356981,p1261
4.959534279392039,4.430315208874104,p1262
5.164611894627534,5.574275225699905,p1263
4.821104896879396,5.6716383149357705,p1264
5.034444959043359,5.068295448058959,p1265
5.147616025683595,4.389543439328109,p1266
4.915592050333392,4.545275528142498,p1267
5.539441172656378,4.723950905883153,p1268
5.403529027276851,5.237412861647706,p1269
5.407580748624062,5.4904129199522895,p1270
4.832063830016208,4.983802280306281,p1271
4.301764200323838,4.06740445787914,p1272
4.430149771840465,5.296441693678004,p1273
4.474185758575519,4.065057483748777,p1274
4.264241907268398,4.681587508419802,p1275
4.92045344019248,4.52913314966984,p1276
4.973295621041144,5.695079585097185,p1277
4.345496506767862,4.726487407428227,p1278
5.661546817063154,4.484533627366464,p1279
4.186705649799951,6.180446074832457,p1280
5.099092565212671,4.959952149035441,p1281
4.607631083471201,5.022797897385399,p1282
6.133683830761287,5.676934982266359,p1283
6.506424897947305,4.872144593147638,p1284
5.432463419724685,4.5351525186243276,p1285
5.241311618389061,5.8442375442022465,p1286
4.202776394435703,4.552205779303669,p1287
5.188947819396426,4.273512240973936,p1288
3.951309642064858,4.355052242139683,p1289
5.140907503354201,3.8101372316376336,p1290
4.259774685632528,4.201549226091351,p1291
4.824245700572411,4.440188974808463,p1292
5.212689599937511,3.9250248842827924,p1293
4.54846250092286,4.787727680481768,p1294
4.79638165839283,4.473777030859872,p1295
4.950660672646456,4.957177156882154,p1296
5.192030341342185,4.396321493982554,p1297
4.6671432570975515,5.265496798168964,p1298
5.569458075944769,3.982316406582746,p1299
4.916692315726099,5.3701874053389655,p1300
4.810159388748427,4.853947957470126,p1301
4.59485039697481,4.918311370082454,p1302
5.557082476228468,4.264573482559548,p1303
5.040237422252207,4.979564877370098,p1304
4.515981344979396,4.0221079633232115,p1305
5.421614024378555,5.478081452399471,p1306
5.632882866872826,4.7595829796022056,p1307
5.221720508447448,4.286910386906776,p1308
6.208899258368638,4.916103948073314,p1309
4.920520434565478,4.951736255330032,p1310
4.351681474942198,5.056406865701884,p1311
5.30477595176921,4.169011658277895,p1312
4.539905953833573,5.51616018315423,p1313
4.626570397994968,4.765300874032778,p1314
4.909095824550631,4.791252647881777,p1315
5.126075356460556,4.425109026007591,p1316
4.49115269554602,5.824229878759807,p1317
4.926415558462465,4.706778795283038,p1318
4.885654244025767,5.353554305881996,p1319
5.62415982120308,5.113141483818798,p1320
4.589130421540066,5.270732410273206,p1321
4.800683759480362,3.7341436539834767,p1322
4.91047542375075,5.772820306483709,p1323
4.798270076178724,5.461218499897295,p1324
5.440115035216522,5.53480279652191,p1325
5.58185333339809,5.535476108857827,p1326
3.8988623219863547,4.808823134712316,p1327
5.550083515438168,4.839080786704988,p1328
5.592768663856907,4.8067956150351305,p1329
5.24813224710627,5.239885001602297,p1330
4.695692429016345,5.04319185923051,p1331
6.162718860139233,5.363144074461018,p1332
4.988970139299631,4.741772268586556,p1333
5.418899651514436,5.124512916239077,p1334
6.186463502641828,4.821148274133563,p1335
4.322703765818671,4.521395846107388,p1336
5.010897888444756,5.278796970014905,p1337
4.038975292865483,4.5943982963936385,p1338
3.8146405508946373,5.488052836418374,p1339
5.148024522074752,4.8186055635056,p1340
5.24570161629624,5.330206985764004,p1341
5.1595156395249715,4.50097451813636,p1342
4.929722668108214,5.044668281090054,p1343
4.329753809736239,4.612047963045155,p1344
4.50671588860806,5.131832224693524,p1345
4.711686473572218,4.910714838182419,p1346
4.274224810818808,5.00653115294435,p1347
4.952100714899738,5.3829461390579825,p1348
5.517600503087492,5.088452289953262,p1349
5.433817762851631,4.865609024509433,p1350
4.310527107307919,4.918075676771533,p1351
4.2741235799559965,4.723893865864829,p1352
5.731845202632253,5.382395131230991,p1353
5.252691999673108,4.360542238540464,p1354
5.5819913189343024,4.657749996059239,p1355
4.8805073096276885,4.803436702845999,p1356
4.693132105394977,5.387920271521512,p1357
4.8630234218397925,5.448810579336947,p1358
5.555956985197333,4.941343158753652,p1359
3.7993232428184847,5.267650350236846,p1360
5.003677437852736,4.300787403385289,p1361
5.023465507984566,5.030920997103643,p1362
5.063271372462102,4.989591782887381,p1363
6.1685318122733594,4.813461022886051,p1364
5.20689822908125,4.0956437843977795,p1365
4.199350245756093,4.759530089715791,p1366
5.120626479189078,4.672466182383365,p1367
4.36019443019698,4.814041723365854,p1368
5.051118241470053,4.312813689018259,p1369
4.8617280269983905,4.33193732220859,p1370
4.307059189960217,4.47500579147985,p1371
4.893544821041801,4.139184187404512,p1372
5.282747742690111,4.596087363267939,p1373
4.838351906519705,5.149660744933059,p1374
5.00428340974594,4.66973848591437,p1375
4.515306262333356,4.675737886333083,p1376
5.900550502128808,5.392826465881027,p1377
5.171129831706031,5.639744630710031,p1378
4.253434249452648,5.177903426912211,p1379
4.472053873061256,4.806359056876703,p1380
4.116994165598956,5.0737053964034,p1381
4.559580020388758,5.728262169356267,p1382
4.9403816033610735,4.796839024997982,p1383
4.930405297572509,4.546709429393717,p1384
4.993771438218946,3.7101385029508474,p1385
4.758444591733121,4.758575918941124,p1386
4.476040090530255,4.268203474454559,p1387
4.927343443577212,4.55997160513696,p1388
5.21673283816256,6.235998345551681,p1389
4.2281636986276165,5.072210613506017,p1390
4.230175683243186,4.114118108700745,p1391
4.723203195566183,5.294232903951509,p1392
4.654813557110832,4.508212081930388,p1393
4.999447912959531,6.0347979347718494,p1394
4.981395449003849,4.555850614364839,p1395
5.5229824812407315,5.195024583427337,p1396
5.224357269466542,5.5348772522584175,p1397
4.857227249382719,5.314533335180905,p1398
4.310938569134874,4.73724560747026,p1399
4.534894918843367,4.5537614250106815,p1400
5.1714248797765485,5.072776815199352,p1401
5.4191748770324795,5.27306047435308,p1402
5.390477911105483,5.11396984818907,p1403
4.508479619336763,5.551001523607295,p1404
4.996760183185282,4.806288864039924,p1405
4.722052965163221,4.594862138635241,p1406
4.990790932827565,5.224821072263384,p1407
5.447910906761651,4.740843769531024,p1408
5.08662614686911,4.956164885408365,p1409
4.708043377488725,5.048763842731826,p1410
4.9886045433690684,4.6390254201109205,p1411
4.472220822885628,5.145688903224949,p1412
4.893681118134295,4.955279338110612,p1413
3.8868548230968862,4.387328512402002,p1414
4.71948453233451,5.098327672803389,p1415
5.176815294021427,4.961588166463838,p1416
4.693781801265308,5.368465140431293,p1417
4.974002809648852,5.0013362656089875,p1418
4.988635142862899,4.18467635821931,p1419
5.605884873664085,5.138166480900144,p1420
4.757148977052422,5.4437553656429944,p1421
4.5883296440954835,4.63872910092309,p1422
4.157506863855185,5.950940248009436,p1423
4.382048409802057,4.928553422282572,p1424
5.167761329651449,4.047402998890794,p1425
4.793524426849914,4.0966244250705435,p1426
4.897139091838121,4.309901284024759,p1427
4.732169333419726,4.753515784941278,p1428
4.636889874248716,5.0924682977589,p1429
5.087994083761587,6.070344839783303,p1430
5.8316243049007355,5.699577083663239,p1431
4.922839572073495,4.852258615759597,p1432
5.308724413364216,4.910775010755269,p1433
4.916862553397089,3.8720216508289473,p1434
5.179127313355005,5.599147195949611,p1435
5.53551604693119,4.657614791215692,p1436
5.109128269144804,4.920776976293894,p1437
5.581898680170707,5.263308323169497,p1438
5.529643947657394,5.510571832696494,p1439
5.341441914057501,5.159678940074675,p1440
4.361813129725724,5.102117874991507,p1441
5.3519644243574485,4.70803411673485,p1442
5.74455959036323,4.907014766874379,p1443
4.452088925412184,4.701686268606368,p1444
4.903584523893476,5.028265876763406,p1445
5.433672833549766,3.88723682520045,p1446
5.089996698501309,4.344987446679808,p1447
4.9554254751179085,5.9631195897410505,p1448
4.693895414268447,5.712167870778549,p1449
3.934278264375916,5.132897463825837,p1450
5.155385217662459,4.8556744930789035,p1451
5.010219651643593,4.995805371295804,p1452
5.4340907372371765,4.929213809275482,p1453
5.414757465734241,4.686426787153576,p1454
4.988599188923074,4.810588577953594,p1455
4.515580495146326,5.196911468185819,p1456
5.227053262417138,4.834426102392596,p1457
5.401818531169064,4.48916504804977,p1458
5.641415810200812,5.1828283788238565,p1459
5.253513524485422,4.413701402590515,p1460
5.295772074946105,4.284376009410437,p1461
5.092554583647241,4.299072206177111,p1462
5.538885122229696,5.77293659816457,p1463
4.617256423395158,5.299140162380172,p1464
4.2862407798101625,5.143293536177329,p1465
5.297205532900965,4.701846592063014,p1466
5.087669417136681,5.771004005969929,p1467
4.68942641134247,4.791902670582624,p1468
4.698581051067174,4.768606580402061,p1469
5.179825127801149,4.454190545330081,p1470
5.075062856034255,5.426620594575453,p1471
5.250957759798302,4.533677679205136,p1472
5.1739893039378515,4.7635569701077545,p1473
5.28631128181744,4.503785751341883,p1474
5.472639466944022,4.949345231915214,p1475
5.513066931428732,5.777143535001448,p1476
4.788774713572041,5.165982845394082,p1477
5.405409272127821,5.021037448258432,p1478
3.4258894161812163,5.428764547267934,p1479
4.864169388787243,4.334006080632133,p1480
5.797736645795854,5.1969233827625585,p1481
4.833373580161785,4.523580092508462,p1482
4.914802305389994,5.116552401135625,p1483
4.622817217742459,3.3698189210670977,p1484
4.735850768434632,4.74305099196021,p1485
5.0448252834431235,4.326476194909718,p1486
4.21687134931716,5.032871960593784,p1487
5.342353902479027,5.273154100113167,p1488
4.670824042484894,5.2295478948899765,p1489
4.299404201277471,4.336061204187676,p1490
4.573854345209625,4.640352544081649,p1491
4.840324210784161,5.253462825275984,p1492
5.2944003110298805,4.969426241850147,p1493
4.112229022280357,4.9082645558719555,p1494
5.9687690154701665,5.398680245303012,p1495
4.938986940246698,4.232894317673591,p1496
5.148724186215392,4.963078105938356,p1497
4.557904862982881,5.568497649147124,p1498
4.289760840190953,4.434178871591837,p1499
4.817396077591484,5.751195716866448,p1500
-3.377503181110528,-4.936306306021568,p1501
-4.843769595983019,-5.24428444273213,p1502
-5.275208679654876,-5.401300641863872,p1503
-5.124949811786467,-5.176585849813852,p1504
-3.41698043258602,-5.525307479285504,p1505
-5.046106587233789,-5.612749097634145,p1506
-3.4746727103112733,-3.2881166924295173,p1507
-6.858716163391129,-6.4277265582518055,p1508
-7.790795276669919,-4.782808082898738,p1509
-4.552751207762053,-5.802691763141598,p1510
-5.632878439249646,-2.0030097681750476,p1511
-4.080751631196863,-3.2925904030231674,p1512
-4.337523258268975,-3.6683256145864314,p1513
-5.755744951281619,-4.090636044615987,p1514
-4.9002805714368405,-4.42668796269778,p1515
-4.330403759192976,-5.1848524384117844,p1516
-5.181847751081993,-4.188331702577242,p1517
-5.285682783059725,-5.502796858213271,p1518
-4.117834800299978,-6.459261694577108,p1519
-7.284617962167996,-6.989050125354292,p1520
-4.170002013094085,-4.589566936699807,p1521
-5.745206595581392,-4.658449539167893,p1522
-4.955984549857583,-4.7523830362393396,p1523
-4.8241462495020375,-4.205131702085602,p1524
-5.890323495008302,-5.978403874645069,p1525
-4.486920266253767,-3.2932699457908825,p1526
-4.503681648019214,-4.765477590667391,p1527
-5.452027492002814,-5.721764489339987,p1528
-4.584548117387675,-6.045776554157596,p1529
-5.270922964909555,-5.443943915810074,p1530
-3.8476606615971294,-4.632133784479238,p1531
-4.795662397591199,-6.245309148584672,p1532
-4.531504962008693,-4.369324373213111,p1533
-4.933485853721528,-4.549978735853466,p1534
-4.912735093407067,-4.892952990030215,p1535
-3.372964451428342,-6.411167760544752,p1536
-4.33062198560668,-4.398812591824878,p1537
-5.091166710044946,-4.7213621527631835,p1538
-6.757477291298836,-5.602436990913831,p1539
-3.5649846397365135,-4.0561176561634955,p1540
-5.067247142530825,-4.735120036151877,p1541
-5.866222518578958,-5.05542489581045,p1542
-5.534749109588244,-4.747702654249245,p1543
-5.385867800547158,-5.853643418401072,p1544
-5.074642014141113,-4.552853397500101,p1545
-6.204430847294275,-6.09037497173087,p1546
-5.180617412860531,-5.824202328783467,p1547
-4.618388072278241,-6.039519291514271,p1548
-5.115373562808959,-6.335266091719662,p1549
-3.8197568982876597,-3.7567764321545614,p1550
-5.882773792485081,-6.0743016676128825,p1551
-4.45681696462191,-5.266066531675516,p1552
-6.251955889428084,-5.0894768081046395,p1553
-4.836207909822512,-5.6234761501932695,p1554
-5.926173247922397,-5.633082799022235,p1555
-5.893812465991801,-5.415626587635806,p1556
-5.5551729216774035,-4.922429204345637,p1557
-3.6657755176195703,-5.356325033922372,p1558
-5.563441668393852,-5.19850479637104,p1559
-6.196114883985888,-4.243172282353981,p1560
-5.1089647109011835,-5.2108253156956685,p1561
-4.779158870997117,-6.380804094150399,p1562
-4.432316907861343,-5.123304384749261,p1563
-3.981544059414039,-5.280272487350219,p1564
-6.195309281325455,-4.242195184654903,p1565
-3.819158698103249,-4.80032291018331,p1566
-5.066655573234803,-6.003171354640249,p1567
-6.272555867049658,-4.445270093745389,p1568
-4.503669966548685,-4.77046684843992,p1569
-5.227259512761307,-5.0737828523920125,p1570
-7.037976237681972,-7.507742985743181,p1571
-4.791786738563745,-4.215051908405701,p1572
-4.891943903604465,-7.258212138554622,p1573
-4.980206217761208,-3.834666978335853,p1574
-3.464333480906661,-4.742085424923497,p1575
-7.388996103928928,-6.539748863683127,p1576
-4.093775354610951,-5.930384473376165,p1577
-4.81392249945861,-4.972381314532399,p1578
-5.138113362440842,-5.157954205464287,p1579
-5.213367626890939,-4.976992191352122,p1580
-5.104646455266135,-6.726189349630162,p1581
-6.20581186995511,-4.6046061000786205,p1582
-4.305535629593116,-5.651784905968528,p1583
-4.939803369783253,-4.12881535623923,p1584
-5.331850987218182,-4.38757567473085,p1585
-5.8718384707766695,-7.411591424836786,p1586
-4.68786862708491,-5.923228305637434,p1587
-4.512940250170479,-4.902874312660148,p1588
-4.789177680922696,-4.801936777243207,p1589
-5.218723511151357,-5.558169231353123,p1590
-5.484809386787956,-7.0396083562842575,p1591
-4.609743738067478,-5.299134623586896,p1592
-6.670969719750115,-5.3132462362611905,p1593
-5.466663136382955,-6.2657558818950045,p1594
-4.906052759753413,-4.872768445704944,p1595
-4.418359688991627,-5.126677983850311,p1596
-2.2392424007682497,-5.253338074733837,p1597
-4.906458793109037,-5.494205243860037,p1598
-4.701698868374369,-7.391506907251358,p1599
-6.192753121054412,-5.402667817958711,p1600
